<?xml version="1.0" encoding="utf-8"?>
<Catalog>
    <CAbilEffectInstant id="UmojanMistDecoy">
        <EditorCategories value="Race:Terran,AbilityorEffectType:Units"/>
        <Effect index="0" value="UmojanMistDecoySet"/>
        <Flags index="Transient" value="1"/>
        <Cost>
            <Cooldown TimeUse="60"/>
        </Cost>
        <CmdButtonArray index="Execute" DefaultButtonFace="UmojanMistDecoy"/>
    </CAbilEffectInstant>
    <CAbilEffectTarget id="UmojanCrowRecall">
        <EditorCategories value="Race:Terran,AbilityorEffectType:Units"/>
        <Effect index="0" value="UmojanCrowRecallSearch"/>
        <Cost>
            <Vital index="Energy" value="100"/>
            <Charge Link=""/>
            <Cooldown Link=""/>
        </Cost>
        <Range value="500"/>
        <Arc value="360"/>
        <CursorEffect value="UmojanCrowRecallSearch"/>
        <AINotifyEffect value=""/>
        <CmdButtonArray index="Execute" DefaultButtonFace="UmojanRecall"/>
    </CAbilEffectTarget>
    <CAbilEffectTarget id="UmojanMissileBarrageAI">
        <Alignment value="Negative"/>
        <EditorCategories value="Race:Terran,AbilityorEffectType:Units"/>
        <InfoTooltipPriority value="1"/>
        <SharedFlags index="TargetCursorVisibleInBlackMask" value="1"/>
        <Effect index="0" value="UmojanWhirlwindMissileBarrageAIStopSet"/>
        <Flags index="AllowMovingSuppressed" value="1"/>
        <Flags index="AllowTurningSuppressed" value="1"/>
        <Flags index="CancelResetAutoCast" value="0"/>
        <Cost>
            <Cooldown TimeUse="1"/>
        </Cost>
        <TargetFilters value="Ground,Visible;Self,Neutral,Missile,Stasis,Dead,Hidden,Invulnerable"/>
        <Range value="25"/>
        <CancelableArray index="Prep" value="1"/>
        <CancelableArray index="Cast" value="1"/>
        <CancelableArray index="Channel" value="1"/>
        <UninterruptibleArray index="Prep" value="1"/>
        <UninterruptibleArray index="Cast" value="1"/>
        <UninterruptibleArray index="Channel" value="1"/>
        <UninterruptibleArray index="Finish" value="1"/>
        <CursorEffect value="UmojanWhirlwindAttackWeaponDummyArea"/>
        <AcquirePriority value="2"/>
        <CmdButtonArray index="Execute" DefaultButtonFace="UmojanMissileBarrage"/>
        <CmdButtonArray index="Cancel" DefaultButtonFace="Cancel"/>
    </CAbilEffectTarget>
    <CAbilEffectTarget id="UmojanMissileStrikeAI">
        <Alignment value="Negative"/>
        <EditorCategories value="Race:Terran,AbilityorEffectType:Units"/>
        <InfoTooltipPriority value="1"/>
        <SharedFlags index="TargetCursorVisibleInBlackMask" value="1"/>
        <Effect index="0" value="UmojanWhirlwindMissileStrikeAISet"/>
        <Flags index="AllowMovingSuppressed" value="1"/>
        <Flags index="AllowTurningSuppressed" value="1"/>
        <Flags index="CancelResetAutoCast" value="0"/>
        <Cost>
            <Cooldown TimeUse="1"/>
        </Cost>
        <TargetFilters value="Ground,Visible;Self,Neutral,Missile,Stasis,Dead,Hidden,Invulnerable"/>
        <Range value="30"/>
        <CancelableArray index="Prep" value="1"/>
        <CancelableArray index="Cast" value="1"/>
        <CancelableArray index="Channel" value="1"/>
        <UninterruptibleArray index="Prep" value="1"/>
        <UninterruptibleArray index="Cast" value="1"/>
        <UninterruptibleArray index="Channel" value="1"/>
        <UninterruptibleArray index="Finish" value="1"/>
        <CursorEffect value="UmojanWhirlwindAttackWeaponDamage"/>
        <CmdButtonArray index="Execute" DefaultButtonFace="UmojanMissileStrike"/>
        <CmdButtonArray index="Cancel" DefaultButtonFace="Cancel"/>
    </CAbilEffectTarget>
    <CAbilEffectTarget id="UmojanReturnCraftToHangarBomber">
        <EditorCategories value="Race:Terran,AbilityorEffectType:Units"/>
        <Effect index="0" value="UmojanSuicideRemoveSource"/>
        <Range value="0.1"/>
        <CmdButtonArray index="Execute" DefaultButtonFace="UmojanReturnCraftToHangar"/>
    </CAbilEffectTarget>
    <CAbilEffectTarget id="UmojanReturnCraftToHangarRecon">
        <EditorCategories value="Race:Terran,AbilityorEffectType:Units"/>
        <Effect index="0" value="UmojanAloeSendReconReturnCraftToHangarSet"/>
        <Range value="0.1"/>
        <CmdButtonArray index="Execute" DefaultButtonFace="UmojanReturnCraftToHangar"/>
    </CAbilEffectTarget>
    <CAbilEffectTarget id="UmojanSendRecon">
        <EditorCategories value="Race:Terran,AbilityorEffectType:Units"/>
        <Effect index="0" value="UmojanAloeSendReconDummyCP"/>
        <Flags index="AllowMovement" value="1"/>
        <Flags index="RequireTargetVision" value="0"/>
        <Cost>
            <Cooldown TimeUse="30"/>
        </Cost>
        <Range value="15"/>
        <Arc value="360"/>
        <CmdButtonArray index="Execute" DefaultButtonFace="UmojanSendRecon" Requirements="UmojanHaveNoActiveReconandSecondaryHangar"/>
        <CursorEffect value="UmojanAloeSendReconFakeSearch"/>
    </CAbilEffectTarget>
    <CAbilEffectInstant id="UmojanRecallRecon">
        <EditorCategories value="Race:Terran,AbilityorEffectType:Units"/>
        <Effect index="0" value="UmojanAloeSendReconActiveReconRB"/>
        <Flags index="AllowMovement" value="1"/>
        <Flags index="BestUnit" value="1"/>
        <Flags index="RequireTargetVision" value="0"/>
        <Flags index="Transient" value="1"/>
        <CmdButtonArray index="Execute" DefaultButtonFace="UmojanRecallRecon" Requirements="UmojanHaveActiveRecon"/>
    </CAbilEffectInstant>
    <CAbilRedirectTarget id="UmojanLockdownRedirect">
        <EditorCategories value="Race:Terran,AbilityorEffectType:Units"/>
        <Abil value="UmojanLockdown"/>
        <CmdButtonArray index="Execute" DefaultButtonFace="UmojanLockdown"/>
    </CAbilRedirectTarget>
    <CAbilEffectTarget id="UmojanTimeBomb">
        <EditorCategories value="Race:Terran,AbilityorEffectType:Units"/>
        <Effect index="0" value="UmojanAloeTemporalFieldCreatePersistent"/>
        <Flags index="AllowMovement" value="1"/>
        <Flags index="NoDeceleration" value="1"/>
        <Flags index="RequireTargetVision" value="0"/>
        <Cost/>
        <Range value="0.1"/>
        <Arc value="360"/>
        <CursorEffect value="UmojanAloeTemporalFieldSearchArea"/>
        <AINotifyEffect value="UmojanAloeTemporalFieldCreatePersistent"/>
        <CmdButtonArray index="Execute" DefaultButtonFace="UmojanTimeBomb"/>
    </CAbilEffectTarget>
    <CAbilArmMagazine id="UmojanAloeHangar">
        <EditorCategories value="Race:Terran,AbilityorEffectType:Units"/>
        <Flags index="Retarget" value="1"/>
        <Leash value="12"/>
        <InfoArray index="Ammo1" Time="12" CountStart="3" Manage="Recall" Unit="UmojanRaptor">
            <Charge Link="CarrierInterceptor" Location="Unit"/>
            <Cooldown Link="CarrierTrainInterceptor" TimeUse="0.01"/>
            <Button DefaultButtonFace="UmojanRaptor" Requirements="UmojanArmRaptor">
                <Flags index="ToSelection" value="1"/>
            </Button>
            <Flags index="AutoBuild" value="1"/>
            <Flags index="AutoBuildOn" value="1"/>
            <Flags index="LeashRetarget" value="1"/>
        </InfoArray>
        <Alert value="TrainComplete"/>
        <EffectArray index="Death" value="InterceptorFate"/>
        <MaxCount value="6"/>
    </CAbilArmMagazine>
    <CAbilEffectTarget id="UmojanHyperjump">
        <EditorCategories value="AbilityorEffectType:Units,Race:Terran"/>
        <Effect index="0" value="UmojanHyperjumpInitialCP"/>
        <Flags index="AllowMovement" value="1"/>
        <Flags index="BestUnit" value="0"/>
        <Flags index="NoDeceleration" value="1"/>
        <Flags index="RequireTargetVision" value="0"/>
        <Cost>
            <Cooldown TimeUse="120"/>
        </Cost>
        <Range value="500"/>
        <CastIntroTime value="0"/>
        <ShowProgressArray index="Channel" value="1"/>
        <UninterruptibleArray index="Prep" value="1"/>
        <UninterruptibleArray index="Channel" value="1"/>
        <UninterruptibleArray index="Finish" value="1"/>
        <ProgressButtonArray index="Prep" value="UmojanHyperjump"/>
        <ProgressButtonArray index="Channel" value="UmojanHyperjump"/>
        <CmdButtonArray index="Execute" DefaultButtonFace="UmojanHyperjump"/>
        <InterruptCost>
            <Cooldown TimeStart="120"/>
        </InterruptCost>
        <CancelEffect index="Prep" value="BattlecruiserTacticalJumpCD"/>
        <CastOutroTime value="1.4"/>
        <FinishTime value="6"/>
    </CAbilEffectTarget>
    <CAbilEffectTarget id="UmojanAloeHealArea">
        <EditorCategories value="AbilityorEffectType:Units,Race:Terran"/>
        <Flags index="AllowMovement" value="1"/>
        <Flags index="AutoCast" value="1"/>
        <Flags index="AutoCastOn" value="1"/>
        <Flags index="NoDeceleration" value="1"/>
        <Flags index="Smart" value="1"/>
        <TargetFilters value="Biological,Visible;Self,Enemy,Structure,Missile,Uncommandable,Dead,Hidden,Invulnerable"/>
        <Range value="6"/>
        <Arc value="360"/>
        <AutoCastFilters value="Visible;Neutral,Enemy,Missile,Stasis,Dead,Invulnerable"/>
        <AutoCastRange value="6"/>
        <AutoCastValidatorArray value="healCasterMinEnergy"/>
        <AutoCastValidatorArray value="NotWarpingIn"/>
        <CmdButtonArray index="Execute" DefaultButtonFace="UmojanAloeHeal"/>
        <Effect index="0" value="UmojanAloeHealAreaTrackUnit"/>
        <AINotifyEffect value="UmojanAloeHealAreaTrackUnit"/>
        <Alignment value="Positive"/>
        <AutoCastAcquireLevel value="Defensive"/>
        <Marker Link="Abil/MedivacHeal"/>
        <UseMarkerArray index="Approach" value="0"/>
        <UseMarkerArray index="Prep" value="0"/>
        <DefaultError value="RequiresHealTarget"/>
        <AcquireAttackers value="1"/>
    </CAbilEffectTarget>
    <CAbilEffectTarget id="UmojanAloeHealUnit">
        <Alignment value="Positive"/>
        <EditorCategories value="AbilityorEffectType:Units,Race:Terran"/>
        <Effect index="0" value="UmojanAloeHealSoloSet"/>
        <Flags index="AllowMovement" value="1"/>
        <Flags index="AutoCast" value="1"/>
        <Flags index="AutoCastOn" value="1"/>
        <Flags index="NoDeceleration" value="1"/>
        <Flags index="Smart" value="1"/>
        <TargetFilters value="Biological,Visible;Self,Enemy,Structure,Missile,Uncommandable,Dead,Hidden,Invulnerable"/>
        <TargetSorts RequestCount="1">
            <SortArray value="TSAlliancePassive"/>
            <SortArray value="TSLifeFraction"/>
            <SortArray value="TSDistance"/>
        </TargetSorts>
        <Range value="6"/>
        <Arc value="360"/>
        <SmartValidatorArray value="healSmartTargetFilters"/>
        <SmartValidatorArray value="NotWarpingIn"/>
        <AutoCastAcquireLevel value="Defensive"/>
        <AutoCastFilters value="Visible;Neutral,Enemy,Missile,Stasis,Dead,Invulnerable"/>
        <AutoCastRange value="6"/>
        <AutoCastValidatorArray value="healCasterMinEnergy"/>
        <AutoCastValidatorArray value="NotWarpingIn"/>
        <AutoCastValidatorArray value="UmojanAloeHealSoloIsNotHealing"/>
        <Marker Link="Abil/MedivacHeal"/>
        <UseMarkerArray index="Approach" value="0"/>
        <UseMarkerArray index="Prep" value="0"/>
        <AINotifyEffect value="UmojanAloeHealAreaTrackUnit"/>
        <DefaultError value="RequiresHealTarget"/>
        <CmdButtonArray index="Execute" DefaultButtonFace="UmojanAloeHealSingle"/>
        <AcquireAttackers value="1"/>
    </CAbilEffectTarget>
    <CAbilMorph id="UmojanAloeMorphtoAA">
        <EditorCategories value="Race:Terran,AbilityorEffectType:Units"/>
        <CmdButtonArray index="Execute" DefaultButtonFace="UmojanAloeAAMode">
            <Flags index="ToSelection" value="1"/>
        </CmdButtonArray>
        <Flags index="IgnoreFacing" value="1"/>
        <CancelUnit value="UmojanAloe"/>
        <InfoArray Unit="UmojanAloe">
            <SectionArray index="Abils">
                <DurationArray index="Delay" value="0.5"/>
            </SectionArray>
            <SectionArray index="Actor">
                <DurationArray index="Delay" value="0.5"/>
                <DurationArray index="Duration" value="2.5417"/>
            </SectionArray>
            <SectionArray index="Mover">
                <DurationArray index="Duration" value="0.5"/>
            </SectionArray>
            <SectionArray index="Stats">
                <DurationArray index="Delay" value="0.5"/>
                <DurationArray index="Duration" value="2.5417"/>
            </SectionArray>
        </InfoArray>
        <AbilClassDisableArray index="CAbilAttack" value="1"/>
    </CAbilMorph>
    <CAbilMorph id="UmojanAloeMorphtoAG">
        <EditorCategories value="Race:Terran,AbilityorEffectType:Units"/>
        <CmdButtonArray index="Execute" DefaultButtonFace="UmojanAloeAGMode"/>
        <Flags index="IgnoreFacing" value="1"/>
        <Flags index="WaitUntilStopped" value="0"/>
        <InfoArray Unit="UmojanAloeAG">
            <SectionArray index="Abils">
                <DurationArray index="Delay" value="0.5"/>
            </SectionArray>
            <SectionArray index="Actor">
                <DurationArray index="Delay" value="0.5"/>
                <DurationArray index="Duration" value="2.5417"/>
            </SectionArray>
            <SectionArray index="Facing">
                <DurationArray index="Duration" value="0.5"/>
            </SectionArray>
            <SectionArray index="Mover">
                <DurationArray index="Delay" value="0.5"/>
            </SectionArray>
            <SectionArray index="Stats">
                <DurationArray index="Delay" value="0.5"/>
                <DurationArray index="Duration" value="2.5417"/>
            </SectionArray>
        </InfoArray>
        <AbilClassDisableArray index="CAbilAttack" value="1"/>
    </CAbilMorph>
    <CAbilTransport id="UmojanLoadUnloadAloe">
        <EditorCategories value="Race:Terran,AbilityorEffectType:Units"/>
        <CmdButtonArray index="Load" DefaultButtonFace="UmojanAloeLoad"/>
        <CmdButtonArray index="UnloadAll" DefaultButtonFace="UmojanAloeUnloadAll">
            <Flags index="ToSelection" value="1"/>
        </CmdButtonArray>
        <CmdButtonArray index="UnloadAt" DefaultButtonFace="UmojanAloeUnloadAt"/>
        <CmdButtonArray index="UnloadUnit">
            <Flags index="Hidden" value="1"/>
        </CmdButtonArray>
        <CmdButtonArray index="LoadAll">
            <Flags index="Hidden" value="1"/>
        </CmdButtonArray>
        <Flags index="CargoDeath" value="1"/>
        <MaxCargoCount value="20"/>
        <MaxCargoSize value="8"/>
        <TotalCargoSpace value="20"/>
        <UnloadPeriod value="1"/>
        <TargetFilters value="Visible;Ally,Neutral,Enemy,Buried,UnderConstruction,Dead,Hidden"/>
        <LoadValidatorArray value="NotWidowMineTarget"/>
    </CAbilTransport>
    <CAbilBuild id="UmojanBuildTower">
        <EditorCategories value="Race:Terran,AbilityorEffectType:Units"/>
        <FlagArray index="Interruptible" value="1"/>
        <FlagArray index="RequireFacing" value="1"/>
        <InfoArray index="Build1" Unit="UmojanEnergyBarricade" Time="5">
            <Button DefaultButtonFace="UmojanEnergyBarricade"/>
        </InfoArray>
        <InfoArray index="Build2" Unit="UmojanSentryGun" Time="15">
            <Button DefaultButtonFace="UmojanSentryGun"/>
        </InfoArray>
        <InfoArray index="Build3" Unit="UmojanBunker" Time="32">
            <Button DefaultButtonFace="UmojanBunker" Requirements="UmojanHaveAcademy"/>
        </InfoArray>
        <InfoArray index="Build4" Unit="UmojanEngineeringTower" Time="20">
            <Button DefaultButtonFace="UmojanEngineeringTower" Requirements="UmojanHaveMechanicsBay"/>
        </InfoArray>
        <InfoArray index="Build5" Unit="UmojanAATurret" Time="20">
            <Button DefaultButtonFace="UmojanMissileTurret" Requirements="UmojanHaveMechanicsBay"/>
        </InfoArray>
        <Range value="8"/>
        <ConstructionMover value="Construction"/>
        <EffectArray index="Start" value="UmojanDroneConstruction"/>
        <EffectArray index="Cancel" value="UmojanDroneConstructionSet"/>
    </CAbilBuild>
    <CAbilEffectTarget id="UmojanRepairTower">
        <Alignment value="Positive"/>
        <AbilSetId value="Repair"/>
        <EditorCategories value="Race:Terran,AbilityorEffectType:Units"/>
        <Flags index="AutoCast" value="1"/>
        <Flags index="AutoCastOffOwnerLeave" value="1"/>
        <Flags index="AutoCastOn" value="1"/>
        <Flags index="BestUnit" value="0"/>
        <Flags index="ReExecutable" value="1"/>
        <Flags index="Smart" value="1"/>
        <Flags index="PassengerAcquirePassengers" value="1"/>
        <TargetFilters value="Mechanical,Visible;Self,Enemy,Missile,Stasis,UnderConstruction,Dead,Hidden"/>
        <Range value="8"/>
        <RangeSlop value="0.2"/>
        <Arc value="360"/>
        <AutoCastAcquireLevel value="Defensive"/>
        <AutoCastFilters value="Visible;Neutral,Enemy"/>
        <AutoCastRange value="8"/>
        <UseMarkerArray index="Approach" value="0"/>
        <UseMarkerArray index="Prep" value="0"/>
        <InheritAttackPriorityArray index="Prep" value="1"/>
        <InheritAttackPriorityArray index="Cast" value="1"/>
        <InheritAttackPriorityArray index="Channel" value="1"/>
        <AINotifyEffect value="Repair"/>
        <DefaultError value="RequiresRepairTarget"/>
        <CmdButtonArray index="Execute" DefaultButtonFace="UmojanRepairNorns">
            <Flags index="ToSelection" value="1"/>
        </CmdButtonArray>
    </CAbilEffectTarget>
    <CAbilEffectTarget id="UmojanAskForMountPretorian">
        <EditorCategories value="AbilityorEffectType:Units,Race:Terran"/>
        <Flags index="Smart" value="1"/>
        <TargetFilters value="Visible;Self,Ally,Neutral,Enemy,Missile,Uncommandable,Stasis,UnderConstruction,Dead,Hidden,Hallucination,Invulnerable,Stunned,Decaying"/>
        <Range value="5"/>
        <CmdButtonArray index="Execute" DefaultButtonFace="UmojanBattlecat" Requirements="UmojanResearchBattlelinkSystemResearched"/>
        <SmartValidatorArray value="noMarkers"/>
    </CAbilEffectTarget>
    <CAbilEffectTarget id="UmojanAskForMountPlasmabat" parent="UmojanAskForMountPretorian">
        <Name value="Abil/Name/UmojanAskForMountPlasmabat"/>
        <Effect index="0" value="UmojanAskForMountPlasmabat"/>
    </CAbilEffectTarget>
    <CAbilEffectTarget id="UmojanAskForMountShadowguard" parent="UmojanAskForMountPretorian">
        <Name value="Abil/Name/UmojanAskForMountShadowguard"/>
        <Effect index="0" value="UmojanAskForMountShadowguard"/>
    </CAbilEffectTarget>
    <CAbilEffectTarget id="UmojanSendTimeBomber">
        <EditorCategories value="Race:Terran,AbilityorEffectType:Units"/>
        <Effect index="0" value="UmojanAloeSendBomberDummyCP"/>
        <Flags index="AllowMovement" value="1"/>
        <Flags index="RequireTargetVision" value="0"/>
        <Cost>
            <Vital index="Energy" value="40"/>
            <Cooldown TimeUse="10"/>
        </Cost>
        <Range value="15"/>
        <Arc value="360"/>
        <CursorEffect value="UmojanAloeTemporalFieldSearchAreaImpactDummy"/>
        <CmdButtonArray index="Execute" DefaultButtonFace="UmojanSendTimeBombers" Requirements="UmojanResearchSecondaryHangarResearched"/>
    </CAbilEffectTarget>
    <CAbilEffectTarget id="UmojanTacNukeStrike" parent="TacNukeStrike">
        <Name value="Abil/Name/UmojanTacNukeStrike"/>
        <CmdButtonArray index="Execute" Requirements="UmojanHaveNuke"/>
    </CAbilEffectTarget>
    <CAbilEffectInstant id="UmojanChargeEnemies">
        <EditorCategories value="Race:Terran,AbilityorEffectType:Units"/>
        <Effect index="0" value="UmojanStayatRange"/>
        <Flags index="Transient" value="1"/>
        <CmdButtonArray index="Execute" DefaultButtonFace="UmojanChargeEnemies" Requirements="UmojanNotStayingatRange">
            <Flags index="ShowInGlossary" value="0"/>
            <Flags index="ToSelection" value="1"/>
        </CmdButtonArray>
    </CAbilEffectInstant>
    <CAbilEffectInstant id="UmojanStayatRange">
        <EditorCategories value="Race:Terran,AbilityorEffectType:Units"/>
        <Effect index="0" value="UmojanChargeEnemies"/>
        <Flags index="Transient" value="1"/>
        <CmdButtonArray index="Execute" DefaultButtonFace="UmojanStayatRange" Requirements="UmojanStayingatRange">
            <Flags index="ShowInGlossary" value="0"/>
            <Flags index="ToSelection" value="1"/>
        </CmdButtonArray>
    </CAbilEffectInstant>
    <CAbilEffectTarget id="UmojanLockdown">
        <Alignment value="Negative"/>
        <EditorCategories value="Race:Terran,AbilityorEffectType:Units"/>
        <Effect index="0" value="UmojanLockdownLM"/>
        <Flags index="AllowMovement" value="1"/>
        <Cost>
            <Vital index="Energy" value="50"/>
        </Cost>
        <TargetFilters value="-;Self,Player,Ally,Structure,Missile,Stasis,Dead,Hidden,Invulnerable"/>
        <Range value="10"/>
        <CastIntroTime value="0.5"/>
        <CmdButtonArray index="Execute" DefaultButtonFace="UmojanLockdown" Requirements="UmojanResearchLockdownResearched"/>
    </CAbilEffectTarget>
    <CAbilArmMagazine id="UmojanArmSiloWithNuke" parent="ArmSiloWithNuke">
        <Name value="Abil/Name/UmojanArmSiloWithNuke"/>
        <DataCollection value="ArmSiloWithNuke2"/>
        <InfoArray index="Ammo1">
            <Charge Link="Abil/##id##"/>
            <Cooldown Link="Abil/##id##"/>
            <Button DefaultButtonFace="UmojanNukeArm" Requirements="UmojanTrainNuke"/>
        </InfoArray>
    </CAbilArmMagazine>
    <CAbilEffectInstant id="UmojanDismountPretorian">
        <EditorCategories value="Race:Terran,AbilityorEffectType:Units"/>
        <Effect index="0" value="UmojanBattlecatSpahiDismountPretorian"/>
        <CmdButtonArray index="Execute" DefaultButtonFace="UmojanDismountPretorian"/>
    </CAbilEffectInstant>
    <CAbilEffectInstant id="UmojanDismountShadowguard" parent="UmojanDismountPretorian">
        <Name value="Abil/Name/UmojanDismountShadowguard"/>
        <Effect index="0" value="UmojanBattlecatLancerDismountShadowguard"/>
        <CmdButtonArray index="Execute" DefaultButtonFace="UmojanDismountShadowguard"/>
    </CAbilEffectInstant>
    <CAbilEffectInstant id="UmojanDismountPlasmabat" parent="UmojanDismountPretorian">
        <Name value="Abil/Name/UmojanDismountPlasmabat"/>
        <Effect index="0" value="UmojanBattlecatCuirrasierDismountPlasmabat"/>
        <CmdButtonArray index="Execute" DefaultButtonFace="UmojanDismountPlasmabat"/>
    </CAbilEffectInstant>
    <CAbilResearch id="UmojanResearchShadowOps">
        <EditorCategories value="Race:Terran,AbilityorEffectType:Structures"/>
        <InfoArray index="Research1" Time="120" Upgrade="UmojanPersonalCloaking">
            <Resource index="Minerals" value="150"/>
            <Resource index="Vespene" value="150"/>
            <Button DefaultButtonFace="UmojanResearchPersonalCloaking" Requirements="LearnUmojanPersonalCloaking">
                <Flags index="ShowInGlossary" value="1"/>
            </Button>
        </InfoArray>
        <InfoArray index="Research2" Time="80" Upgrade="UmojanLockdown">
            <Resource index="Minerals" value="100"/>
            <Resource index="Vespene" value="100"/>
            <Button DefaultButtonFace="UmojanResearchLockdown" Requirements="LearnUmojanLockdown">
                <Flags index="ShowInGlossary" value="1"/>
            </Button>
        </InfoArray>
    </CAbilResearch>
    <CAbilBehavior id="UmojanCloak">
        <AbilSetId value="Clok"/>
        <EditorCategories value="Race:Terran,AbilityorEffectType:Units"/>
        <CmdButtonArray index="On" DefaultButtonFace="UmojanCloakOn" Requirements="LearnUmojanCloakingField">
            <Flags index="ToSelection" value="1"/>
        </CmdButtonArray>
        <CmdButtonArray index="Off" DefaultButtonFace="CloakOff">
            <Flags index="ToSelection" value="1"/>
        </CmdButtonArray>
        <Flags index="Toggle" value="1"/>
        <Flags index="Transient" value="1"/>
        <Cost>
            <Vital index="Energy" value="25"/>
        </Cost>
        <BehaviorArray value="BansheeCloak"/>
    </CAbilBehavior>
    <CAbilEffectTarget id="UmojanDefensiveMatrixTarget">
        <EditorCategories value="AbilityorEffectType:Units,Race:Terran"/>
        <Effect index="0" value="UmojanDefensiveMatrix"/>
        <Flags index="AllowMovement" value="1"/>
        <Flags index="AutoCast" value="1"/>
        <Flags index="AutoCastOn" value="1"/>
        <Cost>
            <Vital index="Energy" value="50"/>
            <Cooldown TimeUse="4"/>
        </Cost>
        <TargetFilters value="Visible;Enemy,Structure,Missile,Uncommandable,Dead,Hidden"/>
        <Range value="6"/>
        <Arc value="9.9975"/>
        <CmdButtonArray index="Execute" DefaultButtonFace="UmojanDefensiveMatrixTarget">
            <Flags index="ToSelection" value="1"/>
        </CmdButtonArray>
        <AutoCastAcquireLevel value="Defensive"/>
        <AutoCastFilters value="Visible;Neutral,Enemy"/>
        <AutoCastRange value="6"/>
        <AutoCastValidatorArray value="TargetInCombat"/>
        <AutoCastValidatorArray value="UmojanNoDefensiveMatrix"/>
    </CAbilEffectTarget>
    <CAbilResearch id="UmojanResearchArmory">
        <EditorCategories value="Race:Terran,AbilityorEffectType:Structures"/>
        <InfoArray index="Research3" Time="160" Upgrade="UmojanVehiclePlatingLevel1">
            <Resource index="Minerals" value="100"/>
            <Resource index="Vespene" value="100"/>
            <Button DefaultButtonFace="UmojanVehiclePlatingLevel1" Requirements="LearnUmojanVehicleArmor1"/>
        </InfoArray>
        <InfoArray index="Research4" Time="190" Upgrade="UmojanVehiclePlatingLevel2">
            <Resource index="Minerals" value="150"/>
            <Resource index="Vespene" value="150"/>
            <Button DefaultButtonFace="UmojanVehiclePlatingLevel2" Requirements="LearnUmojanVehicleArmor2"/>
        </InfoArray>
        <InfoArray index="Research5" Time="220" Upgrade="UmojanVehiclePlatingLevel3">
            <Resource index="Minerals" value="200"/>
            <Resource index="Vespene" value="200"/>
            <Button DefaultButtonFace="UmojanVehiclePlatingLevel3" Requirements="LearnUmojanVehicleArmor3"/>
        </InfoArray>
        <InfoArray index="Research6" Time="160" Upgrade="UmojanVehicleWeaponsLevel1">
            <Resource index="Minerals" value="100"/>
            <Resource index="Vespene" value="100"/>
            <Button DefaultButtonFace="UmojanVehicleWeaponsLevel1" Requirements="LearnUmojanVehicleWeapon1"/>
        </InfoArray>
        <InfoArray index="Research7" Time="190" Upgrade="UmojanVehicleWeaponsLevel2">
            <Resource index="Minerals" value="175"/>
            <Resource index="Vespene" value="175"/>
            <Button DefaultButtonFace="UmojanVehicleWeaponsLevel2" Requirements="LearnUmojanVehicleWeapon2"/>
        </InfoArray>
        <InfoArray index="Research8" Time="220" Upgrade="UmojanVehicleWeaponsLevel3">
            <Resource index="Minerals" value="250"/>
            <Resource index="Vespene" value="250"/>
            <Button DefaultButtonFace="UmojanVehicleWeaponsLevel3" Requirements="LearnUmojanVehicleWeapon3"/>
        </InfoArray>
        <InfoArray index="Research9" Time="160" Upgrade="UmojanShipPlatingLevel1">
            <Resource index="Minerals" value="100"/>
            <Resource index="Vespene" value="100"/>
            <Button DefaultButtonFace="UmojanShipPlatingLevel1" Requirements="LearnUmojanShipArmor1"/>
        </InfoArray>
        <InfoArray index="Research10" Time="190" Upgrade="UmojanShipPlatingLevel2">
            <Resource index="Minerals" value="175"/>
            <Resource index="Vespene" value="175"/>
            <Button DefaultButtonFace="UmojanShipPlatingLevel2" Requirements="LearnUmojanShipArmor2"/>
        </InfoArray>
        <InfoArray index="Research11" Time="220" Upgrade="UmojanShipPlatingLevel3">
            <Resource index="Minerals" value="250"/>
            <Resource index="Vespene" value="250"/>
            <Button DefaultButtonFace="UmojanShipPlatingLevel3" Requirements="LearnUmojanShipArmor3"/>
        </InfoArray>
        <InfoArray index="Research12" Time="160" Upgrade="UmojanShipWeaponsLevel1">
            <Resource index="Minerals" value="100"/>
            <Resource index="Vespene" value="100"/>
            <Button DefaultButtonFace="UmojanShipWeaponsLevel1" Requirements="LearnUmojanShipWeapon1"/>
        </InfoArray>
        <InfoArray index="Research13" Time="190" Upgrade="UmojanShipWeaponsLevel2">
            <Resource index="Minerals" value="175"/>
            <Resource index="Vespene" value="175"/>
            <Button DefaultButtonFace="UmojanShipWeaponsLevel2" Requirements="LearnUmojanShipWeapon2"/>
        </InfoArray>
        <InfoArray index="Research14" Time="220" Upgrade="UmojanShipWeaponsLevel3">
            <Resource index="Minerals" value="250"/>
            <Resource index="Vespene" value="250"/>
            <Button DefaultButtonFace="UmojanShipWeaponsLevel3" Requirements="LearnUmojanShipWeapon3"/>
        </InfoArray>
    </CAbilResearch>
    <CAbilHarvest id="UmojanMCSHarvest">
        <EditorCategories value="Race:Terran,AbilityorEffectType:Units"/>
    </CAbilHarvest>
    <CAbilEffectTarget id="UmojanRepairMCS">
        <Alignment value="Positive"/>
        <AbilSetId value="Repair"/>
        <EditorCategories value="Race:Terran,AbilityorEffectType:Units"/>
        <Flags index="AutoCast" value="1"/>
        <Flags index="AutoCastOffOwnerLeave" value="1"/>
        <Flags index="BestUnit" value="0"/>
        <Flags index="ReExecutable" value="1"/>
        <Flags index="Smart" value="1"/>
        <Flags index="PassengerAcquirePassengers" value="1"/>
        <TargetFilters value="Mechanical,Visible;Self,Enemy,Missile,Stasis,UnderConstruction,Dead,Hidden"/>
        <RangeSlop value="0.2"/>
        <AutoCastAcquireLevel value="Defensive"/>
        <AutoCastFilters value="Visible;Neutral,Enemy"/>
        <AutoCastRange value="7"/>
        <InheritAttackPriorityArray index="Prep" value="1"/>
        <InheritAttackPriorityArray index="Cast" value="1"/>
        <InheritAttackPriorityArray index="Channel" value="1"/>
        <DefaultError value="RequiresRepairTarget"/>
        <CmdButtonArray index="Execute" DefaultButtonFace="UmojanRepairMCS">
            <Flags index="ToSelection" value="1"/>
        </CmdButtonArray>
    </CAbilEffectTarget>
    <CAbilEffectInstant id="UmojanDeepCloak">
        <EditorCategories value="Race:Terran,AbilityorEffectType:Units"/>
        <Flags index="AutoCast" value="1"/>
        <Flags index="AutoCastOffOwnerLeave" value="1"/>
        <Flags index="AutoCastOn" value="1"/>
        <Flags index="CancelResetAutoCast" value="0"/>
        <Flags index="RequireTargetVision" value="0"/>
        <Flags index="Transient" value="1"/>
        <Flags index="UpdateChargesOnLevelChange" value="0"/>
        <Cost>
            <Cooldown TimeUse="30"/>
        </Cost>
        <Arc value="360"/>
        <AutoCastAcquireLevel value="Defensive"/>
        <AutoCastFilters value="Visible;-"/>
        <AutoCastValidatorArray value="CasterInCombat"/>
        <CmdButtonArray index="Execute" DefaultButtonFace="UmojanDeepCloak"/>
    </CAbilEffectInstant>
    <CAbilEffectTarget id="UmojanRepairNorns">
        <Alignment value="Positive"/>
        <AbilSetId value="Repair"/>
        <EditorCategories value="Race:Terran,AbilityorEffectType:Units"/>
        <Flags index="AutoCast" value="1"/>
        <Flags index="AutoCastOffOwnerLeave" value="1"/>
        <Flags index="BestUnit" value="0"/>
        <Flags index="ReExecutable" value="1"/>
        <Flags index="Smart" value="1"/>
        <Flags index="PassengerAcquirePassengers" value="1"/>
        <TargetFilters value="Mechanical,Visible;Self,Enemy,Missile,Stasis,UnderConstruction,Dead,Hidden"/>
        <RangeSlop value="0.2"/>
        <AutoCastAcquireLevel value="Defensive"/>
        <AutoCastFilters value="Visible;Neutral,Enemy"/>
        <AutoCastRange value="7"/>
        <UseMarkerArray index="Approach" value="0"/>
        <UseMarkerArray index="Prep" value="0"/>
        <InheritAttackPriorityArray index="Prep" value="1"/>
        <InheritAttackPriorityArray index="Cast" value="1"/>
        <InheritAttackPriorityArray index="Channel" value="1"/>
        <AINotifyEffect value="Repair"/>
        <DefaultError value="RequiresRepairTarget"/>
        <CmdButtonArray index="Execute" DefaultButtonFace="UmojanRepairNorns">
            <Flags index="ToSelection" value="1"/>
        </CmdButtonArray>
        <Arc value="360"/>
        <Range value="4"/>
        <AutoCastValidatorArray value="UmojanCasterNotDealingDamage"/>
        <AutoCastValidatorArray value="CasterNotInCombat"/>
    </CAbilEffectTarget>
    <CAbilResearch id="UmojanResearchScienceAll">
        <EditorCategories value="Race:Terran,AbilityorEffectType:Structures"/>
        <InfoArray index="Research1" Time="180" Upgrade="UmojanShieldsLevel1">
            <Resource index="Minerals" value="150"/>
            <Resource index="Vespene" value="150"/>
            <Button DefaultButtonFace="UmojanShieldsLevel1" Requirements="LearnUmojanShield1"/>
        </InfoArray>
        <InfoArray index="Research2" Time="215" Upgrade="UmojanShieldsLevel2">
            <Resource index="Minerals" value="225"/>
            <Resource index="Vespene" value="225"/>
            <Button DefaultButtonFace="UmojanShieldsLevel2" Requirements="LearnUmojanShield2"/>
        </InfoArray>
        <InfoArray index="Research3" Time="250" Upgrade="UmojanShieldsLevel3">
            <Resource index="Minerals" value="300"/>
            <Resource index="Vespene" value="300"/>
            <Button DefaultButtonFace="UmojanShieldsLevel3" Requirements="LearnUmojanShield3"/>
        </InfoArray>
        <InfoArray index="Research4" Time="100" Upgrade="UmojanOverchargeGenerator">
            <Resource index="Minerals" value="100"/>
            <Resource index="Vespene" value="50"/>
            <Button DefaultButtonFace="UmojanResearchOverchargeGenerator" Requirements="LearnUmojanOverchargeGenerator"/>
        </InfoArray>
    </CAbilResearch>
    <CAbilResearch id="UmojanResearchScienceBlue">
        <EditorCategories value="Race:Terran,AbilityorEffectType:Structures"/>
        <InfoArray index="Research1" Time="80" Upgrade="UmojanBlink">
            <Resource index="Minerals" value="100"/>
            <Resource index="Vespene" value="100"/>
            <Button DefaultButtonFace="UmojanResearchBlink" Requirements="LearnUmojanBlink">
                <Flags index="ShowInGlossary" value="1"/>
            </Button>
        </InfoArray>
        <InfoArray index="Research3" Time="60" Upgrade="UmojanBattlelinkSystem">
            <Resource index="Minerals" value="100"/>
            <Resource index="Vespene" value="50"/>
            <Button DefaultButtonFace="UmojanResearchBattlelinkSystem" Requirements="LearnUmojanBattlelinkSystem">
                <Flags index="ShowInGlossary" value="1"/>
            </Button>
        </InfoArray>
        <InfoArray index="Research4" Time="45" Upgrade="UmojanEngineeringSuit">
            <Resource index="Minerals" value="75"/>
            <Resource index="Vespene" value="25"/>
            <Button DefaultButtonFace="UmojanResearchEngineeringSuit" Requirements="LearnUmojanEngineeringSuit">
                <Flags index="ShowInGlossary" value="1"/>
            </Button>
        </InfoArray>
    </CAbilResearch>
    <CAbilResearch id="UmojanResearchScienceRed">
        <EditorCategories value="Race:Terran,AbilityorEffectType:Structures"/>
        <InfoArray index="Research1" Time="60" Upgrade="UmojanPowertotheWeapons">
            <Resource index="Minerals" value="100"/>
            <Resource index="Vespene" value="100"/>
            <Button DefaultButtonFace="UmojanResearchPowertotheWeapon" Requirements="LearnUmojanPowertotheWeapons">
                <Flags index="ShowInGlossary" value="1"/>
            </Button>
        </InfoArray>
        <InfoArray index="Research2" Time="80" Upgrade="UmojanPlasmaRecycler">
            <Resource index="Minerals" value="75"/>
            <Resource index="Vespene" value="75"/>
            <Button DefaultButtonFace="UmojanResearchPlasmaRecycler" Requirements="LearnUmojanPlasmaRecycler">
                <Flags index="ShowInGlossary" value="1"/>
            </Button>
        </InfoArray>
        <InfoArray index="Research3" Time="60" Upgrade="UmojanCombatShield">
            <Resource index="Minerals" value="100"/>
            <Resource index="Vespene" value="100"/>
            <Button DefaultButtonFace="UmojanResearchCombatShield" Requirements="LearnUmojanCombatShield">
                <Flags index="ShowInGlossary" value="1"/>
            </Button>
        </InfoArray>
        <InfoArray index="Research4" Time="45" Upgrade="UmojanDisruptionWeb">
            <Resource index="Minerals" value="125"/>
            <Resource index="Vespene" value="125"/>
            <Button DefaultButtonFace="UmojanResearchDisruptionWeb" Requirements="LearnUmojanDisruptionWeb">
                <Flags index="ShowInGlossary" value="1"/>
            </Button>
        </InfoArray>
    </CAbilResearch>
    <CAbilResearch id="UmojanResearchScienceGreen">
        <EditorCategories value="Race:Terran,AbilityorEffectType:Structures"/>
        <InfoArray index="Research1" Time="120" Upgrade="UmojanCloakingField">
            <Resource index="Minerals" value="175"/>
            <Resource index="Vespene" value="175"/>
            <Button DefaultButtonFace="UmojanResearchCloak" Requirements="LearnUmojanCloakingField">
                <Flags index="ShowInGlossary" value="1"/>
            </Button>
        </InfoArray>
        <InfoArray index="Research2" Time="121" Upgrade="UmojanHighOutputThruster">
            <Resource index="Minerals" value="150"/>
            <Resource index="Vespene" value="150"/>
            <Button DefaultButtonFace="UmojanResearchHighOutputThruster" Requirements="LearnUmojanHighOutputReactor">
                <Flags index="ShowInGlossary" value="1"/>
            </Button>
        </InfoArray>
        <InfoArray index="Research3" Time="110" Upgrade="UmojanOverloadWeapons">
            <Resource index="Minerals" value="200"/>
            <Resource index="Vespene" value="200"/>
            <Button DefaultButtonFace="UmojanResearchOverloadWeapons" Requirements="LearnUmojanOverloadWeapons">
                <Flags index="ShowInGlossary" value="1"/>
            </Button>
        </InfoArray>
        <InfoArray index="Research4" Time="79" Upgrade="UmojanCorvidReactor">
            <Resource index="Minerals" value="150"/>
            <Resource index="Vespene" value="150"/>
            <Button DefaultButtonFace="UmojanResearchRavenEnergyUpgrade" Requirements="LearnUmojanCorvidReactor">
                <Flags index="ShowInGlossary" value="1"/>
            </Button>
        </InfoArray>
    </CAbilResearch>
    <CAbilMorph id="UmojanScienceBase">
        <EditorCategories value="Race:Terran,AbilityorEffectType:Units"/>
        <CmdButtonArray index="Execute" DefaultButtonFace="UmojanScienceRed" Requirements="UmojanHaveAcademy"/>
        <Flags index="DisableAbils" value="1"/>
        <Flags index="IgnoreFacing" value="1"/>
        <Flags index="ShowProgress" value="1"/>
        <Flags index="SuppressMovement" value="1"/>
        <InfoArray Unit="UmojanScienceFacilityBase">
            <SectionArray index="Abils">
                <DurationArray index="Delay" value="5"/>
            </SectionArray>
            <SectionArray index="Actor">
                <DurationArray index="Delay" value="5"/>
            </SectionArray>
            <SectionArray index="Stats">
                <DurationArray index="Delay" value="5"/>
            </SectionArray>
        </InfoArray>
        <ProgressButton value="UmojanScienceRed"/>
    </CAbilMorph>
    <CAbilMorph id="UmojanScienceBlue" parent="UmojanScienceBase">
        <Name value="Abil/Name/UmojanScienceBlue"/>
        <InfoArray index="0" Unit="UmojanScienceFacilityBlue"/>
        <CmdButtonArray index="Execute" DefaultButtonFace="UmojanScienceBlue" Requirements="UmojanHaveWorkshop"/>
        <ProgressButton value="UmojanScienceBlue"/>
    </CAbilMorph>
    <CAbilMorph id="UmojanScienceGreen" parent="UmojanScienceBase">
        <Name value="Abil/Name/UmojanScienceGreen"/>
        <InfoArray index="0" Unit="UmojanScienceFacilityGreen"/>
        <CmdButtonArray index="Execute" DefaultButtonFace="UmojanScienceGreen" Requirements="UmojanHaveShipyard"/>
        <ProgressButton value="UmojanScienceGreen"/>
    </CAbilMorph>
    <CAbilMorph id="UmojanScienceRed" parent="UmojanScienceBase">
        <Name value="Abil/Name/UmojanScienceRed"/>
        <InfoArray index="0" Unit="UmojanScienceFacilityRed"/>
    </CAbilMorph>
    <CAbilEffectTarget id="UmojanSearchPretorian">
        <EditorCategories value="AbilityorEffectType:Units,Race:Terran"/>
        <Effect index="0" value="UmojanBattlecatSpahiGetPretorian"/>
        <Flags index="AutoCast" value="1"/>
        <Flags index="Smart" value="1"/>
        <TargetFilters value="Visible;Self,Ally,Neutral,Enemy,Missile,Uncommandable,Stasis,UnderConstruction,Dead,Hidden,Hallucination,Invulnerable,Stunned,Decaying"/>
        <Range value="0.5"/>
        <AutoCastFilters value="Visible;Ally,Neutral,Enemy"/>
        <AutoCastRange value="8"/>
        <CmdButtonArray index="Execute" DefaultButtonFace="UmojanGetPretorian" Requirements="UmojanResearchBattlelinkSystemResearched"/>
        <SmartValidatorArray value="noMarkers"/>
        <AutoCastValidatorArray value="noMarkers"/>
    </CAbilEffectTarget>
    <CAbilEffectTarget id="UmojanSearchPlasmabat" parent="UmojanSearchPretorian">
        <Name value="Abil/Name/UmojanSearchPlasmabat"/>
        <Effect index="0" value="UmojanBattlecatCuirassierGetPlasmabat"/>
        <CmdButtonArray index="Execute" DefaultButtonFace="UmojanGetPlasmabat"/>
    </CAbilEffectTarget>
    <CAbilEffectTarget id="UmojanSearchShadowguard" parent="UmojanSearchPretorian">
        <Name value="Abil/Name/UmojanSearchShadowguard"/>
        <Effect index="0" value="UmojanBattlecatLancerGetShadowguard"/>
        <CmdButtonArray index="Execute" DefaultButtonFace="UmojanGetShadowguard"/>
    </CAbilEffectTarget>
    <CAbilRedirectTarget id="UmojanTransferShieldPowerRedirect">
        <EditorCategories value="Race:Terran,AbilityorEffectType:Units"/>
        <Abil value="UmojanTransferShieldPower"/>
        <CmdButtonArray index="Execute" DefaultButtonFace="UmojanTransferShieldPower"/>
    </CAbilRedirectTarget>
    <CAbilMorph id="UmojanSentryGunBurrow">
        <EditorCategories value="Race:Terran,AbilityorEffectType:Units"/>
        <CmdButtonArray index="Execute" DefaultButtonFace="UmojanBurrowTurret"/>
        <ActorKey value="BurrowDown"/>
        <Flags index="AutoCast" value="1"/>
        <Flags index="AutoCastOn" value="1"/>
        <Flags index="SuppressMovement" value="1"/>
        <InfoArray Unit="UmojanSentryGunUnderground">
            <SectionArray index="Actor">
                <DurationArray index="Duration" value="1"/>
            </SectionArray>
            <SectionArray index="Facing">
                <DurationArray index="Duration" value="0.5"/>
            </SectionArray>
            <SectionArray index="Mover">
                <DurationArray index="Duration" value="1"/>
            </SectionArray>
            <SectionArray index="Stats">
                <DurationArray index="Delay" value="1"/>
            </SectionArray>
        </InfoArray>
        <AutoCastAcquireLevel value="Defensive"/>
        <AutoCastFilters value="-;Ally,Neutral,Enemy"/>
        <AutoCastValidatorArray value="UmojanCasterNotDealingDamageLong"/>
        <AutoCastValidatorArray value="UmojanNoEnemyNearTurret"/>
        <AutoCastRange value="6"/>
        <AutoCastCountMin value="1"/>
    </CAbilMorph>
    <CAbilMorph id="UmojanSentryGunUnburrow">
        <EditorCategories value="Race:Terran,AbilityorEffectType:Units"/>
        <CmdButtonArray index="Execute" DefaultButtonFace="UmojanUnburrowTurret"/>
        <ActorKey value="BurrowUp"/>
        <Flags index="AutoCast" value="1"/>
        <Flags index="AutoCastOn" value="1"/>
        <Flags index="IgnoreFacing" value="1"/>
        <Flags index="SuppressMovement" value="1"/>
        <InfoArray Unit="UmojanSentryGun">
            <SectionArray index="Actor">
                <DurationArray index="Duration" value="0.6"/>
            </SectionArray>
            <SectionArray index="Mover">
                <DurationArray index="Duration" value="0.6"/>
            </SectionArray>
            <SectionArray index="Stats">
                <DurationArray index="Duration" value="0.6"/>
            </SectionArray>
        </InfoArray>
        <AutoCastFilters value="Ground,Visible;Self,Player,Ally,Neutral,Structure,Hover,Missile,Stasis,Dead,Hidden,Invulnerable,Benign"/>
        <AutoCastRange value="6"/>
        <AutoCastCountMin value="1"/>
    </CAbilMorph>
    <CAbilTransport id="UmojanBunkerTransport">
        <EditorCategories value="Race:Terran,AbilityorEffectType:Structures"/>
        <CmdButtonArray index="Load" DefaultButtonFace="BunkerLoad"/>
        <CmdButtonArray index="UnloadAll" DefaultButtonFace="BunkerUnloadAll">
            <Flags index="ToSelection" value="1"/>
        </CmdButtonArray>
        <CmdButtonArray index="UnloadAt">
            <Flags index="Hidden" value="1"/>
        </CmdButtonArray>
        <CmdButtonArray index="UnloadUnit">
            <Flags index="Hidden" value="1"/>
        </CmdButtonArray>
        <CmdButtonArray index="LoadAll">
            <Flags index="Hidden" value="1"/>
        </CmdButtonArray>
        <Range value="0"/>
        <MaxCargoCount value="4"/>
        <MaxCargoSize value="2"/>
        <TotalCargoSpace value="4"/>
        <LoadCargoBehavior value="BunkerWeaponRangeBonus"/>
        <TargetFilters value="Visible;Ally,Neutral,Enemy,Dead,Hidden"/>
        <LoadValidatorArray value="UmojanRequiresUmojan"/>
    </CAbilTransport>
    <CAbilRedirectTarget id="UmojanPlasmabatCorrosiveBlastRedirect">
        <EditorCategories value="Race:Terran,AbilityorEffectType:Units"/>
        <Abil value="UmojanPlasmabatCorrosiveBlast"/>
        <CmdButtonArray index="Execute" DefaultButtonFace="UmojanCorrosiveBlast"/>
    </CAbilRedirectTarget>
    <CAbilRedirectTarget id="UmojanSniperRedirect">
        <EditorCategories value="Race:Terran,AbilityorEffectType:Units"/>
        <Abil value="UmojanSnipe"/>
        <CmdButtonArray index="Execute" DefaultButtonFace="UmojanSniperRound"/>
    </CAbilRedirectTarget>
    <CAbilEffectTarget id="UmojanSnipe">
        <Alignment value="Negative"/>
        <EditorCategories value="Race:Terran,AbilityorEffectType:Units"/>
        <Effect index="0" value="UmojanSnipeDamage"/>
        <Cost>
            <Vital index="Energy" value="50"/>
        </Cost>
        <TargetFilters value="Psionic,Visible;Self,Destructible,Stasis,Dead,Hidden,Invulnerable"/>
        <Range value="10"/>
        <CastIntroTime value="0.5"/>
        <CmdButtonArray index="Execute" DefaultButtonFace="UmojanSniperRound"/>
    </CAbilEffectTarget>
    <CAbilMorph id="UmojanFrenrirSiegeMode">
        <AbilSetId value="ThorAPMode"/>
        <EditorCategories value="Race:Terran,AbilityorEffectType:Units"/>
        <CmdButtonArray index="Execute" DefaultButtonFace="UmojanFrenrirSiegeMode">
            <Flags index="ToSelection" value="1"/>
        </CmdButtonArray>
        <CmdButtonArray index="Cancel" DefaultButtonFace="Cancel"/>
        <Flags index="Interruptible" value="1"/>
        <Flags index="IgnoreFacing" value="1"/>
        <Flags index="SuppressMovement" value="1"/>
        <InfoArray Unit="UmojanFrenrirFortress" RandomDelayMax="0.5">
            <SectionArray index="Abils">
                <DurationArray index="Delay" value="3.9"/>
            </SectionArray>
            <SectionArray index="Actor">
                <DurationArray index="Duration" value="4"/>
            </SectionArray>
            <SectionArray index="Stats">
                <DurationArray index="Delay" value="4"/>
            </SectionArray>
        </InfoArray>
    </CAbilMorph>
    <CAbilMorph id="UmojanFrenrirNormalMode">
        <AbilSetId value="NormalMode"/>
        <EditorCategories value="Race:Terran,AbilityorEffectType:Units"/>
        <CmdButtonArray index="Execute" DefaultButtonFace="UmojanMobileMode">
            <Flags index="ShowInGlossary" value="0"/>
            <Flags index="ToSelection" value="1"/>
        </CmdButtonArray>
        <CmdButtonArray index="Cancel" DefaultButtonFace="Cancel"/>
        <Flags index="Interruptible" value="1"/>
        <Flags index="IgnoreFacing" value="1"/>
        <Flags index="SuppressMovement" value="1"/>
        <InfoArray Unit="UmojanFrenrir" RandomDelayMax="0.5">
            <SectionArray index="Abils">
                <DurationArray index="Delay" value="3.9"/>
            </SectionArray>
            <SectionArray index="Actor">
                <DurationArray index="Duration" value="4"/>
            </SectionArray>
            <SectionArray index="Stats">
                <DurationArray index="Delay" value="4"/>
            </SectionArray>
        </InfoArray>
    </CAbilMorph>
    <CAbilEffectTarget id="UmojanDisruptionWeb">
        <EditorCategories value="AbilityorEffectType:Units,Race:Terran"/>
        <Effect index="0" value="UmojanDisruptionWebCreatePersistent"/>
        <Flags index="AllowMovement" value="1"/>
        <Flags index="AutoCast" value="1"/>
        <Flags index="AutoCastOn" value="1"/>
        <Flags index="NoDeceleration" value="1"/>
        <Cost>
            <Vital index="Energy" value="75"/>
            <Cooldown TimeUse="5"/>
        </Cost>
        <Range value="7"/>
        <AutoCastFilters value="Ground,Visible;Player,Ally,Neutral,Missile,Stasis,Hidden"/>
        <AutoCastRange value="7"/>
        <AutoCastValidatorArray value="TargetCanAttack"/>
        <AutoCastValidatorArray value="UmojanDisruptionWebNotOnTarget"/>
        <AutoCastValidatorArray value="UmojanDisruptionWebNoAllyNearby"/>
        <CursorEffect value="UmojanDisruptionWebSearch"/>
        <CmdButtonArray index="Execute" DefaultButtonFace="UmojanDisruptionWeb" Requirements="UmojanUseDisruptionWeb"/>
    </CAbilEffectTarget>
    <CAbilResearch id="UmojanResearchEngineeringBay">
        <EditorCategories value="Race:Terran,AbilityorEffectType:Structures"/>
        <InfoArray index="Research1" Time="80" Upgrade="UmojanHiSecAutoTracking">
            <Resource index="Minerals" value="100"/>
            <Resource index="Vespene" value="100"/>
            <Button DefaultButtonFace="UmojanResearchHiSecAutoTracking" Requirements="LearnUmojanHiSecAutoTracking">
                <Flags index="ShowInGlossary" value="1"/>
            </Button>
        </InfoArray>
        <InfoArray index="Research2" Time="160" Upgrade="UmojanInfantryWeaponsLevel1">
            <Resource index="Minerals" value="100"/>
            <Resource index="Vespene" value="100"/>
            <Button DefaultButtonFace="UmojanInfantryWeaponsLevel1" Requirements="LearnUmojanInfantryWeapon1"/>
        </InfoArray>
        <InfoArray index="Research3" Time="190" Upgrade="UmojanInfantryWeaponsLevel2">
            <Resource index="Minerals" value="175"/>
            <Resource index="Vespene" value="175"/>
            <Button DefaultButtonFace="UmojanInfantryWeaponsLevel2" Requirements="LearnUmojanInfantryWeapon2"/>
        </InfoArray>
        <InfoArray index="Research4" Time="220" Upgrade="UmojanInfantryWeaponsLevel3">
            <Resource index="Minerals" value="250"/>
            <Resource index="Vespene" value="250"/>
            <Button DefaultButtonFace="UmojanInfantryWeaponsLevel3" Requirements="LearnUmojanInfantryWeapon3"/>
        </InfoArray>
        <InfoArray index="Research5" Time="110" Upgrade="UmojanVigilantTurret">
            <Resource index="Minerals" value="100"/>
            <Resource index="Vespene" value="50"/>
            <Button DefaultButtonFace="UmojanResearchVigilantTurret" Requirements="LearnUmojanVigilantTurret"/>
        </InfoArray>
        <InfoArray index="Research6" Time="160" Upgrade="UmojanInfantryArmorLevel1">
            <Resource index="Minerals" value="100"/>
            <Resource index="Vespene" value="100"/>
            <Button DefaultButtonFace="UmojanInfantryArmorLevel1" Requirements="LearnUmojanInfantryArmor1"/>
        </InfoArray>
        <InfoArray index="Research7" Time="190" Upgrade="UmojanInfantryArmorLevel2">
            <Resource index="Minerals" value="175"/>
            <Resource index="Vespene" value="175"/>
            <Button DefaultButtonFace="UmojanInfantryArmorLevel2" Requirements="LearnUmojanInfantryArmor2"/>
        </InfoArray>
        <InfoArray index="Research8" Time="220" Upgrade="UmojanInfantryArmorLevel3">
            <Resource index="Minerals" value="250"/>
            <Resource index="Vespene" value="250"/>
            <Button DefaultButtonFace="UmojanInfantryArmorLevel3" Requirements="LearnUmojanInfantryArmor3"/>
        </InfoArray>
        <InfoArray index="Research9" Time="160" Upgrade="UmojanShieldsLevel1">
            <Resource index="Minerals" value="150"/>
            <Resource index="Vespene" value="150"/>
            <Button DefaultButtonFace="UmojanShieldsLevel1" Requirements="LearnUmojanShield1"/>
        </InfoArray>
        <InfoArray index="Research10" Time="190" Upgrade="UmojanShieldsLevel2">
            <Resource index="Minerals" value="225"/>
            <Resource index="Vespene" value="225"/>
            <Button DefaultButtonFace="UmojanShieldsLevel2" Requirements="LearnUmojanShield2"/>
        </InfoArray>
        <InfoArray index="Research11" Time="220" Upgrade="UmojanShieldsLevel3">
            <Resource index="Minerals" value="300"/>
            <Resource index="Vespene" value="300"/>
            <Button DefaultButtonFace="UmojanShieldsLevel3" Requirements="LearnUmojanShield3"/>
        </InfoArray>
    </CAbilResearch>
    <CAbilTrain id="UmojanBarracksTrain">
        <EditorCategories value="Race:Terran,AbilityorEffectType:Structures"/>
        <InfoArray index="Train1" Time="25">
            <Button DefaultButtonFace="UmojanMarine"/>
            <Unit value="UmojanMarine"/>
        </InfoArray>
        <InfoArray index="Train2" Time="45">
            <Button DefaultButtonFace="UmojanReaper"/>
            <Unit value="UmojanCommando"/>
        </InfoArray>
        <InfoArray index="Train3" Time="40">
            <Button DefaultButtonFace="UmojanGhost" Requirements="UmojanScienceRedBuildShadowOps"/>
            <Unit value="UmojanShadowguard"/>
        </InfoArray>
        <InfoArray index="Train4" Time="30">
            <Button DefaultButtonFace="UmojanPlasmabat" Requirements="UmojanScienceRedBuild"/>
            <Unit value="UmojanPlasmabat"/>
        </InfoArray>
        <InfoArray index="Train5" Time="30">
            <Button DefaultButtonFace="UmojanDisruptor" Requirements="UmojanScienceRedBuild"/>
            <Unit value="UmojanDisruptor"/>
        </InfoArray>
    </CAbilTrain>
    <CAbilTrain id="UmojanCommandCenterTrain">
        <EditorCategories value="Race:Terran,AbilityorEffectType:Structures"/>
        <InfoArray index="Train1" Time="17">
            <Button DefaultButtonFace="UmojanTrainMCS">
                <Flags index="ToSelection" value="1"/>
            </Button>
            <Unit value="UmojanMCS"/>
        </InfoArray>
        <InfoArray index="Train2" Time="120">
            <Button DefaultButtonFace="UmojanFrenrir" Requirements="UmojanHaveFleetCoreandNoFrenrir"/>
            <Unit value="UmojanFrenrir"/>
        </InfoArray>
        <Alert value="TrainWorkerComplete"/>
    </CAbilTrain>
    <CAbilTrain id="UmojanFactoryTrain">
        <EditorCategories value="Race:Terran,AbilityorEffectType:Structures"/>
        <Activity value="UI/Building"/>
        <InfoArray index="Train1" Time="30">
            <Button DefaultButtonFace="UmojanPathfinder"/>
            <Unit value="UmojanPathfinder"/>
        </InfoArray>
        <InfoArray index="Train2" Time="60">
            <Button DefaultButtonFace="UmojanNorns"/>
            <Unit value="UmojanNorns"/>
        </InfoArray>
        <InfoArray index="Train3" Time="45">
            <Button DefaultButtonFace="UmojanBattlecat"/>
            <Unit value="UmojanBattlecat"/>
        </InfoArray>
        <InfoArray index="Train4" Time="60">
            <Button DefaultButtonFace="UmojanBattleTank" Requirements="UmojanScienceBlueBuildFoundry"/>
            <Unit value="UmojanBattleTank"/>
        </InfoArray>
        <InfoArray index="Train5" Time="40">
            <Button DefaultButtonFace="UmojanSpySatellite" Requirements="UmojanScienceBlueBuild"/>
            <Unit value="UmojanSpySatellite"/>
        </InfoArray>
        <InfoArray index="Train6" Time="45">
            <Button DefaultButtonFace="UmojanWhirlwind" Requirements="UmojanScienceBlueBuildFoundry"/>
            <Unit value="UmojanWhirlwind"/>
        </InfoArray>
    </CAbilTrain>
    <CAbilResearch id="UmojanResearchFleetCore">
        <EditorCategories value="Race:Terran,AbilityorEffectType:Structures"/>
        <InfoArray index="Research1" Time="140" Upgrade="UmojanResearchStasisGun">
            <Resource index="Minerals" value="150"/>
            <Resource index="Vespene" value="150"/>
            <Button DefaultButtonFace="ResearchStasisGun" Requirements="LearnUmojanStasisGun">
                <Flags index="ShowInGlossary" value="1"/>
            </Button>
        </InfoArray>
        <InfoArray index="Research2" Time="80" Upgrade="UmojanSelfGuidedMissile">
            <Resource index="Minerals" value="100"/>
            <Resource index="Vespene" value="75"/>
            <Button DefaultButtonFace="UmojanResearchSelfGuidedMissile" Requirements="LearnUmojanSelfGuidedMissile">
                <Flags index="ShowInGlossary" value="1"/>
            </Button>
        </InfoArray>
        <InfoArray index="Research3" Time="80" Upgrade="UmojanMedivacIncreaseSpeedBoost">
            <Resource index="Minerals" value="100"/>
            <Resource index="Vespene" value="100"/>
            <Button DefaultButtonFace="UmojanResearchRapidReignitionSystem" Requirements="LearnUmojanMedivacSpeedBoostUpgrade"/>
        </InfoArray>
        <InfoArray index="Research4" Time="70" Upgrade="UmojanSecondaryHangar">
            <Resource index="Minerals" value="100"/>
            <Resource index="Vespene" value="50"/>
            <Button DefaultButtonFace="UmojanResearchSecondaryHangar" Requirements="LearnUmojanSecondaryHangar">
                <Flags index="ShowInGlossary" value="1"/>
            </Button>
        </InfoArray>
    </CAbilResearch>
    <CAbilTrain id="UmojanStarportTrain">
        <EditorCategories value="Race:Terran,AbilityorEffectType:Structures"/>
        <Activity value="UI/Building"/>
        <InfoArray index="Train1" Time="42">
            <Button DefaultButtonFace="UmojanMedivac"/>
            <Unit value="UmojanMedivac"/>
        </InfoArray>
        <InfoArray index="Train2" Time="55">
            <Button DefaultButtonFace="UmojanHowler"/>
            <Unit value="UmojanHowler"/>
        </InfoArray>
        <InfoArray index="Train3" Time="60">
            <Button DefaultButtonFace="UmojanCrow" Requirements="UmojanScienceGreenBuildFleetCore"/>
            <Unit value="UmojanCrow"/>
        </InfoArray>
        <InfoArray index="Train4" Time="90">
            <Button DefaultButtonFace="UmojanBattleship" Requirements="UmojanScienceGreenBuildFleetCore"/>
            <Unit value="UmojanBattleship"/>
        </InfoArray>
        <InfoArray index="Train5" Time="42">
            <Button DefaultButtonFace="UmojanMist"/>
            <Unit value="UmojanMist"/>
        </InfoArray>
        <InfoArray index="Train6" Time="80">
            <Button DefaultButtonFace="UmojanAloe" Requirements="UmojanScienceGreenBuild"/>
            <Unit value="UmojanAloe"/>
        </InfoArray>
    </CAbilTrain>
    <CAbilBuild id="UmojanBuild">
        <EditorCategories value="Race:Terran,AbilityorEffectType:Units"/>
        <FlagArray index="Interruptible" value="1"/>
        <FlagArray index="PeonDisableCollision" value="1"/>
        <InfoArray index="Build1" Unit="UmojanCommandCenter" Time="100">
            <Button DefaultButtonFace="UmojanCommandCenter"/>
        </InfoArray>
        <InfoArray index="Build2" Unit="UmojanSupplyCache" Time="30">
            <Button DefaultButtonFace="UmojanSupplyDepot"/>
        </InfoArray>
        <InfoArray index="Build3" Unit="UmojanRefinery" Time="30">
            <Button DefaultButtonFace="UmojanRefinery"/>
        </InfoArray>
        <InfoArray index="Build4" Unit="UmojanBarracks" Time="65">
            <Button DefaultButtonFace="UmojanBarracks" Requirements="UmojanHaveSupplyCache"/>
        </InfoArray>
        <InfoArray index="Build5" Unit="UmojanEngineeringBay" Time="35">
            <Button DefaultButtonFace="UmojanEngineeringBay" Requirements="UmojanHaveCommandHub"/>
        </InfoArray>
        <InfoArray index="Build6" Unit="UmojanAATurret" Time="25">
            <Button DefaultButtonFace="UmojanMissileTurret" Requirements="UmojanHaveMechanicsBay"/>
        </InfoArray>
        <InfoArray index="Build7" Unit="UmojanBunker" Time="40">
            <Button DefaultButtonFace="UmojanBunker" Requirements="UmojanHaveAcademy"/>
        </InfoArray>
        <InfoArray index="Build8" Unit="UmojanRefineryRich" Time="30">
            <Button DefaultButtonFace="UmojanRefinery"/>
        </InfoArray>
        <InfoArray index="Build9" Unit="UmojanScienceFacilityRed" Time="35">
            <Button DefaultButtonFace="UmojanScienceFacilityBase" Requirements="UmojanHaveAcademy"/>
        </InfoArray>
        <InfoArray index="Build10" Unit="UmojanGhostAcademy" Time="40">
            <Button DefaultButtonFace="UmojanGhostAcademy" Requirements="UmojanHaveAcademy"/>
        </InfoArray>
        <InfoArray index="Build11" Unit="UmojanFactory" Time="60">
            <Button DefaultButtonFace="UmojanFactory" Requirements="UmojanHaveAcademy"/>
        </InfoArray>
        <InfoArray index="Build12" Unit="UmojanStarport" Time="50">
            <Button DefaultButtonFace="UmojanStarport" Requirements="UmojanHaveWorkshop"/>
        </InfoArray>
        <InfoArray index="Build14" Unit="UmojanArmory" Time="65">
            <Button DefaultButtonFace="UmojanArmory" Requirements="UmojanHaveWorkshop"/>
        </InfoArray>
        <InfoArray index="Build16" Unit="UmojanFusionCore" Time="65">
            <Button DefaultButtonFace="UmojanFusionCore" Requirements="UmojanHaveShipyard"/>
        </InfoArray>
        <InfoArray index="Build17" Unit="UmojanEngineeringTower" Time="25">
            <Button DefaultButtonFace="UmojanEngineeringTower" Requirements="UmojanHaveMechanicsBay"/>
        </InfoArray>
        <FidgetDelayMin value="5"/>
        <FidgetDelayMax value="10"/>
        <ConstructionMover value="Construction"/>
    </CAbilBuild>
    <CAbilBuild id="UmojanBuildNorns">
        <EditorCategories value="Race:Terran,AbilityorEffectType:Units"/>
        <FlagArray index="Interruptible" value="1"/>
        <FlagArray index="RequireFacing" value="1"/>
        <InfoArray index="Build1" Unit="UmojanEnergyBarricade" Time="5">
            <Button DefaultButtonFace="UmojanEnergyBarricade"/>
        </InfoArray>
        <InfoArray index="Build2" Unit="UmojanSentryGun" Time="15">
            <Button DefaultButtonFace="UmojanSentryGun"/>
        </InfoArray>
        <InfoArray index="Build3" Unit="UmojanBunker" Time="32">
            <Button DefaultButtonFace="UmojanBunker" Requirements="UmojanHaveAcademy"/>
        </InfoArray>
        <InfoArray index="Build4" Unit="UmojanEngineeringTower" Time="20">
            <Button DefaultButtonFace="UmojanEngineeringTower" Requirements="UmojanHaveMechanicsBay"/>
        </InfoArray>
        <InfoArray index="Build5" Unit="UmojanAATurret" Time="20">
            <Button DefaultButtonFace="UmojanMissileTurret" Requirements="UmojanHaveMechanicsBay"/>
        </InfoArray>
        <Range value="4"/>
        <ConstructionMover value="Construction"/>
        <EffectArray index="Start" value="UmojanDroneConstruction"/>
        <EffectArray index="Cancel" value="UmojanDroneConstructionSet"/>
    </CAbilBuild>
    <CAbilEffectTarget id="UmojanHowlerAirburst">
        <Alignment value="Negative"/>
        <EditorCategories value="Race:Terran,AbilityorEffectType:Units"/>
        <Effect index="0" value="UmojanHowlerAirburstSet"/>
        <Flags index="AllowMovingSuppressed" value="1"/>
        <Flags index="AllowTurningSuppressed" value="1"/>
        <Flags index="CancelResetAutoCast" value="0"/>
        <Cost>
            <Vital index="Energy" value="100"/>
        </Cost>
        <Range value="7"/>
        <CancelableArray index="Prep" value="1"/>
        <CancelableArray index="Cast" value="1"/>
        <CancelableArray index="Channel" value="1"/>
        <UninterruptibleArray index="Prep" value="1"/>
        <UninterruptibleArray index="Cast" value="1"/>
        <UninterruptibleArray index="Channel" value="1"/>
        <UninterruptibleArray index="Finish" value="1"/>
        <CursorEffect value="UmojanHowlerAirburstSearch"/>
        <CmdButtonArray index="Execute" DefaultButtonFace="UmojanAirMissileBarrage" Requirements="UmojanUseOverloadWeapons"/>
    </CAbilEffectTarget>
    <CAbilMorph id="UmojanSupplyCacheLower">
        <EditorCategories value="Race:Terran,AbilityorEffectType:Structures"/>
        <CmdButtonArray index="Execute" DefaultButtonFace="UmojanLower"/>
        <InfoArray Unit="UmojanSupplyCacheLowered" CollideRange="0">
            <SectionArray index="Abils">
                <EffectArray index="Start" value="SupplyDepotMorphingApplyBehavior"/>
            </SectionArray>
            <SectionArray index="Actor">
                <DurationArray index="Duration" value="1.3"/>
            </SectionArray>
            <SectionArray index="Collide">
                <DurationArray index="Delay" value="1.3"/>
            </SectionArray>
            <SectionArray index="Mover">
                <DurationArray index="Duration" value="1.3"/>
            </SectionArray>
            <SectionArray index="Stats">
                <DurationArray index="Delay" value="1.3"/>
            </SectionArray>
        </InfoArray>
    </CAbilMorph>
    <CAbilMorph id="UmojanSupplyCacheRaise">
        <EditorCategories value="Race:Terran,AbilityorEffectType:Structures"/>
        <CmdButtonArray index="Execute" DefaultButtonFace="UmojanRaise"/>
        <Flags index="IgnorePlacement" value="0"/>
        <Flags index="MoveBlockers" value="1"/>
        <InfoArray Unit="UmojanSupplyCache" CollideRange="0">
            <SectionArray index="Abils">
                <EffectArray index="Start" value="SupplyDepotMorphingApplyBehavior"/>
            </SectionArray>
            <SectionArray index="Actor">
                <DurationArray index="Duration" value="1.3"/>
            </SectionArray>
            <SectionArray index="Mover">
                <DurationArray index="Duration" value="1.3"/>
            </SectionArray>
            <SectionArray index="Stats">
                <DurationArray index="Delay" value="1.3"/>
            </SectionArray>
        </InfoArray>
    </CAbilMorph>
    <CAbilEffectTarget id="UmojanDeployGroundSensor">
        <EditorCategories value="Race:Terran,AbilityorEffectType:Units"/>
        <Effect index="0" value="UmojanSpawnGroundSensor"/>
        <Cost>
            <Vital index="Energy" value="40"/>
            <Charge Location="Unit"/>
        </Cost>
        <Placeholder value="UmojanStrikeMine"/>
        <Range value="3"/>
        <CmdButtonArray index="Execute" DefaultButtonFace="UmojanDeployGroundSensor"/>
        <Flags index="AutoCast" value="1"/>
        <Flags index="AutoCastOffOwnerLeave" value="1"/>
        <Flags index="CancelResetAutoCast" value="0"/>
        <AutoCastAcquireLevel value="Defensive"/>
        <AutoCastFilters value="-;-"/>
        <AutoCastRange value="3"/>
        <AutoCastValidatorArray value="UmojanGroundSensorProximityGS"/>
        <AutoCastValidatorArray value="UmojanGroundSensorProximityStru"/>
    </CAbilEffectTarget>
    <CAbilMorph id="UmojanGroundDetectorBurrow">
        <EditorCategories value="Race:Terran,AbilityorEffectType:Units"/>
        <ActorKey value="BurrowDown"/>
        <Flags index="AutoCast" value="1"/>
        <Flags index="AutoCastOn" value="1"/>
        <Flags index="IgnoreFacing" value="1"/>
        <Flags index="SuppressMovement" value="1"/>
        <InfoArray Unit="UmojanGroundSensorBurrowed">
            <SectionArray index="Actor">
                <DurationArray index="Duration" value="2"/>
            </SectionArray>
            <SectionArray index="Collide">
                <DurationArray index="Delay" value="0.5556"/>
            </SectionArray>
            <SectionArray index="Facing">
                <DurationArray index="Duration" value="0.5"/>
            </SectionArray>
            <SectionArray index="Stats">
                <DurationArray index="Delay" value="2"/>
            </SectionArray>
        </InfoArray>
        <AutoCastFilters value="Ground,Visible;Player,Ally,Neutral,Structure,Worker,Missile,Stasis,Dead,Hidden,Invulnerable,Benign"/>
        <AutoCastRange value="2"/>
    </CAbilMorph>
    <CAbilMorph id="UmojanGroundDetectorUnburrow">
        <EditorCategories value="Race:Terran,AbilityorEffectType:Units"/>
        <ActorKey value="BurrowUp"/>
        <Flags index="IgnoreFacing" value="1"/>
        <Flags index="SuppressMovement" value="1"/>
        <Cost>
            <Charge Link="Abil/SpiderMineUnburrow"/>
            <Cooldown Link="Abil/SpiderMineUnburrow"/>
        </Cost>
        <InfoArray Unit="UmojanGroundSensor">
            <SectionArray index="Actor">
                <DurationArray index="Duration" value="0.6"/>
            </SectionArray>
            <SectionArray index="Mover">
                <DurationArray index="Duration" value="0.6"/>
            </SectionArray>
            <SectionArray index="Stats">
                <DurationArray index="Duration" value="0.6"/>
                <EffectArray index="Start" value="SpiderMineInvulnerable"/>
            </SectionArray>
        </InfoArray>
    </CAbilMorph>
    <CAbilEffectTarget id="UmojanTransferShieldPower">
        <EditorCategories value="Race:Terran,AbilityorEffectType:Units"/>
        <Effect index="0" value="UmojanShieldTransferSearchGiver"/>
        <Flags index="AutoCast" value="1"/>
        <Flags index="AutoCastOffOwnerLeave" value="1"/>
        <Flags index="AutoCastOn" value="1"/>
        <Flags index="CancelResetAutoCast" value="0"/>
        <Flags index="PassengerAcquireExternal" value="1"/>
        <Flags index="PassengerAcquirePassengers" value="1"/>
        <Flags index="PassengerAcquireTransport" value="1"/>
        <Cost>
            <Vital index="Energy" value="5"/>
            <Cooldown TimeUse="1"/>
        </Cost>
        <TargetFilters value="-;Neutral,Enemy,Missile,Stasis,UnderConstruction,Hidden,Invulnerable,Summoned"/>
        <TargetSorts>
            <SortArray value="TSShields"/>
        </TargetSorts>
        <Range value="6"/>
        <AutoCastAcquireLevel value="Defensive"/>
        <AutoCastFilters value="Visible;Neutral,Enemy"/>
        <AutoCastRange value="6"/>
        <AutoCastValidatorArray value="UmojanShieldL3Quarter"/>
        <AutoCastValidatorArray value="TargetInCombat"/>
        <CmdButtonArray index="Execute" DefaultButtonFace="UmojanTransferShieldPower"/>
    </CAbilEffectTarget>
    <CAbilRedirectTarget id="UmojanDisruptionWebRedirect">
        <EditorCategories value="Race:Terran,AbilityorEffectType:Units"/>
        <Abil value="UmojanDisruptionWeb"/>
        <CmdButtonArray index="Execute" DefaultButtonFace="UmojanDisruptionWeb" Requirements="UmojanUseDisruptionWeb"/>
    </CAbilRedirectTarget>
    <CAbilMorph id="UmojanUpgradetoEnergyGenerator">
        <EditorCategories value="Race:Terran,AbilityorEffectType:MorphsandBurrows"/>
        <CmdButtonArray index="Execute" DefaultButtonFace="UmojanUpgradetoEnergyGenerator" Requirements="UmojanHaveScienceFacility"/>
        <CmdButtonArray index="Cancel" DefaultButtonFace="CancelUpgradeMorph"/>
        <Flags index="BestUnit" value="1"/>
        <Flags index="Birth" value="1"/>
        <Flags index="DisableAbils" value="1"/>
        <Flags index="FastBuild" value="1"/>
        <Flags index="Interruptible" value="1"/>
        <Flags index="Produce" value="1"/>
        <Flags index="ShowProgress" value="1"/>
        <InfoArray Score="1" Unit="UmojanEnergyGenerator">
            <SectionArray index="Abils">
                <DurationArray index="Delay" value="15"/>
            </SectionArray>
            <SectionArray index="Stats">
                <DurationArray index="Delay" value="15"/>
            </SectionArray>
        </InfoArray>
        <Activity value="UI/Upgrading"/>
    </CAbilMorph>
    <CAbilEffectTarget id="UmojanHowlerAirstrike">
        <Alignment value="Negative"/>
        <EditorCategories value="Race:Terran,AbilityorEffectType:Units"/>
        <Effect index="0" value="UmojanHowlerAirstrikeSet"/>
        <Flags index="AllowMovingSuppressed" value="1"/>
        <Flags index="AllowTurningSuppressed" value="1"/>
        <Flags index="CancelResetAutoCast" value="0"/>
        <Cost>
            <Vital index="Energy" value="100"/>
        </Cost>
        <Range value="7"/>
        <CancelableArray index="Prep" value="1"/>
        <CancelableArray index="Cast" value="1"/>
        <CancelableArray index="Channel" value="1"/>
        <UninterruptibleArray index="Prep" value="1"/>
        <UninterruptibleArray index="Cast" value="1"/>
        <UninterruptibleArray index="Channel" value="1"/>
        <UninterruptibleArray index="Finish" value="1"/>
        <CursorEffect value="UmojanHowlerAirstrikeSearch"/>
        <CmdButtonArray index="Execute" DefaultButtonFace="UmojanGroundMissileBarrage" Requirements="UmojanUseOverloadWeapons"/>
    </CAbilEffectTarget>
    <CAbilEffectTarget id="UmojanBlink">
        <EditorCategories value="Race:Terran,AbilityorEffectType:Units"/>
        <Effect index="0" value="UmojanShadowguardBlinkTeleport"/>
        <Flags index="BestUnit" value="0"/>
        <Flags index="RequireTargetVision" value="0"/>
        <Cost>
            <Cooldown Link="Blink" TimeUse="8"/>
        </Cost>
        <Range value="500"/>
        <Arc value="360"/>
        <AINotifyEffect value="Blink"/>
        <CmdButtonArray index="Execute" DefaultButtonFace="UmojanBlink" Requirements="UmojanResearchBlinkResearched">
            <Flags index="ToSelection" value="1"/>
        </CmdButtonArray>
    </CAbilEffectTarget>
    <CAbilEffectTarget id="UmojanSabotage">
        <EditorCategories value="Race:Terran,AbilityorEffectType:Units"/>
        <PrepEffect value="UmojanShadowguardSabotageTarget"/>
        <Effect index="0" value="UmojanShadowguardSabotageDamage"/>
        <Flags index="RequireTargetVision" value="0"/>
        <Cost>
            <Vital index="Energy" value="75"/>
        </Cost>
        <InterruptCost>
            <Vital index="Energy" value="35"/>
        </InterruptCost>
        <TargetFilters value="Structure,Visible;Player,Ally,Neutral,Dead,Hidden,Invulnerable"/>
        <Range value="0"/>
        <PrepTime value="10"/>
        <ShowProgressArray index="Prep" value="1"/>
        <CancelableArray index="Prep" value="1"/>
        <CancelableArray index="Channel" value="1"/>
        <ValidatedArray index="Prep" value="0"/>
        <ValidatedArray index="Cast" value="0"/>
        <ValidatedArray index="Channel" value="0"/>
        <ProgressButtonArray index="Prep" value="UmojanSabotage"/>
        <CmdButtonArray index="Execute" DefaultButtonFace="UmojanSabotage"/>
        <CmdButtonArray index="Cancel" DefaultButtonFace="Cancel"/>
        <CancelEffect index="Prep" value="UmojanShadowguardSabotageTargetRemove"/>
        <CancelEffect index="Cast" value="UmojanShadowguardSabotageTargetRemove"/>
        <CancelEffect index="Channel" value="UmojanShadowguardSabotageTargetRemove"/>
        <CancelEffect index="Finish" value="UmojanShadowguardSabotageTargetRemove"/>
        <UninterruptibleArray index="Prep" value="1"/>
        <UninterruptibleArray index="Cast" value="1"/>
        <UninterruptibleArray index="Channel" value="1"/>
        <UninterruptibleArray index="Finish" value="1"/>
        <Alignment value="Negative"/>
        <CastIntroTime value="0.5"/>
    </CAbilEffectTarget>
    <CAbilMorph id="UmojanDeployFlak">
        <OrderArray index="0">
            <DisplayType value="Confirm"/>
            <Color value="255,0,255,0"/>
            <Model value="Assets\UI\Cursors\WayPointAttack_Void\WayPointAttack_Void.m3"/>
            <LineTexture value="Assets\Textures\WayPointLine.dds"/>
        </OrderArray>
        <AbilSetId value="SiegeMode"/>
        <EditorCategories value="Race:Terran,AbilityorEffectType:Units"/>
        <CmdButtonArray index="Execute" DefaultButtonFace="UmojanDeployAntiAerospace">
            <Flags index="ToSelection" value="1"/>
        </CmdButtonArray>
        <Flags index="IgnoreCollision" value="0"/>
        <Flags index="SuppressMovement" value="1"/>
        <InfoArray Unit="UmojanBattleTankAA" RandomDelayMax="0.5">
            <SectionArray index="Abils">
                <DurationArray index="Delay" value="0.5"/>
            </SectionArray>
            <SectionArray index="Actor">
                <DurationArray index="Delay" value="0.5"/>
                <DurationArray index="Duration" value="2.0417"/>
            </SectionArray>
            <SectionArray index="Facing">
                <DurationArray index="Duration" value="0.5"/>
            </SectionArray>
            <SectionArray index="Mover">
                <DurationArray index="Delay" value="0.5"/>
            </SectionArray>
            <SectionArray index="Stats">
                <DurationArray index="Delay" value="0.5"/>
                <DurationArray index="Duration" value="2.0417"/>
            </SectionArray>
        </InfoArray>
        <AbilClassDisableArray index="CAbilAttack" value="1"/>
    </CAbilMorph>
    <CAbilAugment id="UmojanTornadoMissile">
        <EditorCategories value="Race:Terran,AbilityorEffectType:Units"/>
        <CmdButtonArray index="Execute" DefaultButtonFace="UmojanTornadoMissile"/>
        <Flags index="AutoCast" value="1"/>
        <Flags index="AutoCastOn" value="1"/>
        <AbilCmd value="attack,Execute"/>
        <Cost>
            <Cooldown TimeUse="3"/>
        </Cost>
        <Effect value="UmojanTornadoMissileCP"/>
        <AutoCastFilters value="Ground,Light,Visible;Self,Player,Ally,Neutral,Structure,Missile,Stasis,Dead,Hidden,Invulnerable"/>
    </CAbilAugment>
    <CAbilEffectTarget id="UmojanPlasmabatCorrosiveBlast">
        <EditorCategories value="Race:Terran,AbilityorEffectType:Units"/>
        <Effect index="0" value="UmojanPlasmabatCorrosiveBlastLaunchMissile"/>
        <Flags index="AllowMovement" value="1"/>
        <Flags index="AutoCast" value="1"/>
        <Flags index="AutoCastOn" value="1"/>
        <Flags index="ReExecutable" value="1"/>
        <Flags index="RequireTargetVision" value="0"/>
        <Cost>
            <Charge>
                <CountMax value="1"/>
                <CountStart value="1"/>
                <CountUse value="1"/>
                <TimeUse value="20"/>
                <Flags index="RestoreAllChargesOnCooldown" value="1"/>
            </Charge>
            <Cooldown TimeStart="-1" TimeUse="0.25"/>
        </Cost>
        <TargetFilters value="Visible;Self,Structure,Missile,Destructible,Stasis,Dead,Hidden,Invulnerable"/>
        <Range value="6"/>
        <Arc value="360"/>
        <AutoCastFilters value="-;Player,Ally,Neutral,Summoned"/>
        <AutoCastRange value="6"/>
        <AutoCastValidatorArray value="UmojanIsNotPlasmaBlastBurning"/>
        <AutoCastValidatorArray value="noMarkers"/>
        <PrepTime value="0.25"/>
        <FinishTime value="0.1"/>
        <UninterruptibleArray index="Prep" value="1"/>
        <UninterruptibleArray index="Finish" value="1"/>
        <CmdButtonArray index="Execute" DefaultButtonFace="UmojanCorrosiveBlast"/>
    </CAbilEffectTarget>
    <CAbilEffectTarget id="UmojanMissileBarrage">
        <Alignment value="Negative"/>
        <EditorCategories value="Race:Terran,AbilityorEffectType:Units"/>
        <InfoTooltipPriority value="1"/>
        <SharedFlags index="TargetCursorVisibleInBlackMask" value="1"/>
        <Effect index="0" value="UmojanWhirlwindMissileBarragePersistent"/>
        <Flags index="AllowMovingSuppressed" value="1"/>
        <Flags index="AllowTurningSuppressed" value="1"/>
        <Flags index="CancelResetAutoCast" value="0"/>
        <Cost>
            <Cooldown TimeUse="1"/>
        </Cost>
        <TargetFilters value="Ground,Visible;Self,Neutral,Missile,Stasis,Dead,Hidden,Invulnerable"/>
        <Range value="25"/>
        <CancelableArray index="Prep" value="1"/>
        <CancelableArray index="Cast" value="1"/>
        <CancelableArray index="Channel" value="1"/>
        <UninterruptibleArray index="Prep" value="1"/>
        <UninterruptibleArray index="Cast" value="1"/>
        <UninterruptibleArray index="Channel" value="1"/>
        <UninterruptibleArray index="Finish" value="1"/>
        <CursorEffect value="UmojanWhirlwindAttackWeaponDummyArea"/>
        <AcquirePriority value="2"/>
        <CmdButtonArray index="Execute" DefaultButtonFace="UmojanMissileBarrage"/>
        <CmdButtonArray index="Cancel" DefaultButtonFace="Cancel"/>
    </CAbilEffectTarget>
    <CAbilEffectTarget id="UmojanMissileStrike">
        <Alignment value="Negative"/>
        <EditorCategories value="Race:Terran,AbilityorEffectType:Units"/>
        <InfoTooltipPriority value="1"/>
        <SharedFlags index="TargetCursorVisibleInBlackMask" value="1"/>
        <Effect index="0" value="UmojanWhirlwindMissileStrikePersistent"/>
        <Flags index="AllowMovingSuppressed" value="1"/>
        <Flags index="AllowTurningSuppressed" value="1"/>
        <Flags index="CancelResetAutoCast" value="0"/>
        <Cost>
            <Cooldown TimeUse="1"/>
        </Cost>
        <TargetFilters value="Ground,Visible;Self,Neutral,Missile,Stasis,Dead,Hidden,Invulnerable"/>
        <Range value="30"/>
        <CancelableArray index="Prep" value="1"/>
        <CancelableArray index="Cast" value="1"/>
        <CancelableArray index="Channel" value="1"/>
        <UninterruptibleArray index="Prep" value="1"/>
        <UninterruptibleArray index="Cast" value="1"/>
        <UninterruptibleArray index="Channel" value="1"/>
        <UninterruptibleArray index="Finish" value="1"/>
        <CursorEffect value="UmojanWhirlwindAttackWeaponDamage"/>
        <CmdButtonArray index="Execute" DefaultButtonFace="UmojanMissileStrike"/>
        <CmdButtonArray index="Cancel" DefaultButtonFace="Cancel"/>
    </CAbilEffectTarget>
    <CAbilEffectInstant id="UmojanPowertotheWeapon">
        <Alignment value="Positive"/>
        <AbilSetId value="Stimpack"/>
        <EditorCategories value="Race:Terran,AbilityorEffectType:Units"/>
        <InfoTooltipPriority value="1"/>
        <DataCollection value="Stimpack"/>
        <Flags index="Transient" value="1"/>
        <Cost>
            <Vital index="Shields" value="15"/>
        </Cost>
        <CmdButtonArray index="Execute" DefaultButtonFace="UmojanPowertotheWeapon" Requirements="UmojanUsePowertotheWeapons">
            <Flags index="ToSelection" value="1"/>
        </CmdButtonArray>
    </CAbilEffectInstant>
    <CAbilRedirectInstant id="UmojanPowertotheWeaponRedirect">
        <EditorCategories value="Race:Terran,AbilityorEffectType:Units"/>
        <Abil value="UmojanPowertotheWeapon"/>
        <CmdButtonArray index="Execute" DefaultButtonFace="UmojanPowertotheWeapon" Requirements="UmojanUsePowertotheWeapons">
            <Flags index="AllowMinimap" value="0"/>
            <Flags index="ToSelection" value="1"/>
        </CmdButtonArray>
    </CAbilRedirectInstant>
    <CAbilMorph id="UmojanRetractFlak">
        <AbilSetId value="Unsieged"/>
        <EditorCategories value="Race:Terran,AbilityorEffectType:Units"/>
        <CmdButtonArray index="Execute" DefaultButtonFace="UmojanUnsiege">
            <Flags index="ToSelection" value="1"/>
        </CmdButtonArray>
        <Flags index="IgnoreFacing" value="1"/>
        <InfoArray Unit="UmojanBattleTank" RandomDelayMax="0.5">
            <SectionArray index="Actor">
                <DurationArray index="Duration" value="2.5417"/>
            </SectionArray>
            <SectionArray index="Stats">
                <DurationArray index="Duration" value="2.5417"/>
            </SectionArray>
        </InfoArray>
        <AbilClassDisableArray index="CAbilAttack" value="1"/>
    </CAbilMorph>
    <CAbilMorph id="UmojanStrikeMineBurrow">
        <EditorCategories value="Race:Terran,AbilityorEffectType:Units"/>
        <ActorKey value="BurrowDown"/>
        <Flags index="AutoCast" value="1"/>
        <Flags index="AutoCastOn" value="1"/>
        <Flags index="IgnoreFacing" value="1"/>
        <Flags index="SuppressMovement" value="1"/>
        <Cost>
            <Charge Link="Abil/SpiderMineBurrow"/>
            <Cooldown Link="Abil/SpiderMineBurrow"/>
        </Cost>
        <InfoArray Unit="UmojanStrikeMineBurrowed">
            <SectionArray index="Actor">
                <DurationArray index="Delay" value="1.75"/>
                <DurationArray index="Duration" value="0.5"/>
            </SectionArray>
            <SectionArray index="Mover">
                <DurationArray index="Delay" value="1.75"/>
                <DurationArray index="Duration" value="0.5"/>
            </SectionArray>
            <SectionArray index="Stats">
                <DurationArray index="Delay" value="2.25"/>
                <EffectArray index="Start" value="SpiderMineVulnerable"/>
            </SectionArray>
        </InfoArray>
        <AutoCastFilters value="Ground,Visible;Player,Ally,Neutral,Structure,Worker,Missile,Stasis,Dead,Hidden,Invulnerable,Benign"/>
        <AutoCastRange value="4"/>
    </CAbilMorph>
    <CAbilEffectTarget id="UmojanStrikeMineUnburrowRangeDummy">
        <EditorCategories value="Race:Terran,AbilityorEffectType:Units"/>
        <Range value="2"/>
    </CAbilEffectTarget>
    <CAbilEffectTarget id="UmojanDeployStrikeMines">
        <EditorCategories value="Race:Terran,AbilityorEffectType:Units"/>
        <Effect index="0" value="UmojanSpawnStrikeMine"/>
        <Cost>
            <Vital index="Energy" value="50"/>
            <Charge>
                <CountMax value="3"/>
                <CountStart value="3"/>
                <CountUse value="1"/>
                <Location value="Unit"/>
            </Charge>
        </Cost>
        <Placeholder value="UmojanStrikeMine"/>
        <Range value="3"/>
        <CmdButtonArray index="Execute" DefaultButtonFace="UmojanDeployStrikeMine" Requirements="UmojanResearchStrikeMineReserveResearched"/>
    </CAbilEffectTarget>
    <CAbilMorph id="UmojanStrikeMineUnburrow">
        <EditorCategories value="Race:Terran,AbilityorEffectType:Units"/>
        <ActorKey value="BurrowUp"/>
        <Flags index="AutoCast" value="1"/>
        <Flags index="AutoCastOn" value="1"/>
        <Flags index="IgnoreFacing" value="1"/>
        <Flags index="SuppressMovement" value="1"/>
        <Cost>
            <Charge Link="Abil/SpiderMineUnburrow"/>
            <Cooldown Link="Abil/SpiderMineUnburrow"/>
        </Cost>
        <InfoArray Unit="UmojanStrikeMine">
            <SectionArray index="Actor">
                <DurationArray index="Duration" value="0.3"/>
            </SectionArray>
            <SectionArray index="Mover">
                <DurationArray index="Duration" value="0.3"/>
            </SectionArray>
            <SectionArray index="Stats">
                <DurationArray index="Duration" value="0.3"/>
                <EffectArray index="Start" value="SpiderMineInvulnerable"/>
            </SectionArray>
        </InfoArray>
        <AutoCastFilters value="Ground,Visible;Player,Ally,Neutral,Structure,Worker,Missile,Stasis,Dead,Hidden,Invulnerable,Benign"/>
        <AutoCastRange value="3"/>
        <AutoCastCountMin value="1"/>
    </CAbilMorph>
    <CAbilEffectTarget id="UmojanWarpWorkshop">
        <EditorCategories value="AbilityorEffectType:Units,Race:Terran"/>
        <PrepEffect value="UmojanWarptoLocationSignatureSetWorkshop"/>
        <Effect index="0" value="UmojanWarptoLocationSet"/>
        <Flags index="RangeUseCasterRadius" value="0"/>
        <Cost>
            <Cooldown TimeUse="120"/>
        </Cost>
        <Range value="500"/>
        <Arc value="360"/>
        <PrepTime value="26"/>
        <ShowProgressArray index="Prep" value="1"/>
        <UninterruptibleArray index="Prep" value="1"/>
        <ProgressButtonArray index="Prep" value="UmojanWarptoLocation"/>
        <CmdButtonArray index="Execute" DefaultButtonFace="UmojanWarptoLocation" Requirements="UmojanPowerLevel2Show"/>
        <PlaceUnit value="UmojanWarpingSignatureWorkshop"/>
        <AbilityCategories index="User1" value="1"/>
    </CAbilEffectTarget>
    <CAbilEffectTarget id="UmojanWarpCommandHub">
        <EditorCategories value="AbilityorEffectType:Units,Race:Terran"/>
        <PrepEffect value="UmojanWarptoLocationSignatureSetCommandHub"/>
        <Effect index="0" value="UmojanWarptoLocationSet"/>
        <Flags index="RangeUseCasterRadius" value="0"/>
        <Cost>
            <Cooldown TimeUse="120"/>
        </Cost>
        <Range value="500"/>
        <Arc value="360"/>
        <PrepTime value="26"/>
        <ShowProgressArray index="Prep" value="1"/>
        <UninterruptibleArray index="Prep" value="1"/>
        <ProgressButtonArray index="Prep" value="UmojanWarptoLocation"/>
        <CmdButtonArray index="Execute" DefaultButtonFace="UmojanWarptoLocation" Requirements="UmojanPowerLevel2Show"/>
        <PlaceUnit value="UmojanWarpingSignatureCommandHub"/>
        <AbilityCategories index="User1" value="1"/>
    </CAbilEffectTarget>
    <CAbilEffectTarget id="UmojanWarpAcademy">
        <EditorCategories value="AbilityorEffectType:Units,Race:Terran"/>
        <PrepEffect value="UmojanWarptoLocationSignatureSetAcademy"/>
        <Effect index="0" value="UmojanWarptoLocationSet"/>
        <Flags index="RangeUseCasterRadius" value="0"/>
        <Cost>
            <Cooldown TimeUse="120"/>
        </Cost>
        <Range value="500"/>
        <Arc value="360"/>
        <PrepTime value="26"/>
        <ShowProgressArray index="Prep" value="1"/>
        <UninterruptibleArray index="Prep" value="1"/>
        <ProgressButtonArray index="Prep" value="UmojanWarptoLocation"/>
        <CmdButtonArray index="Execute" DefaultButtonFace="UmojanWarptoLocation" Requirements="UmojanPowerLevel2Show"/>
        <PlaceUnit value="UmojanWarpingSignatureAcademy"/>
        <AbilityCategories index="User1" value="1"/>
    </CAbilEffectTarget>
    <CAbilEffectTarget id="UmojanWarpShipyard">
        <EditorCategories value="AbilityorEffectType:Units,Race:Terran"/>
        <PrepEffect value="UmojanWarptoLocationSignatureSetShipyard"/>
        <Effect index="0" value="UmojanWarptoLocationSet"/>
        <Flags index="RangeUseCasterRadius" value="0"/>
        <Cost>
            <Cooldown TimeUse="120"/>
        </Cost>
        <Range value="500"/>
        <Arc value="360"/>
        <PrepTime value="26"/>
        <ShowProgressArray index="Prep" value="1"/>
        <UninterruptibleArray index="Prep" value="1"/>
        <ProgressButtonArray index="Prep" value="UmojanWarptoLocation"/>
        <CmdButtonArray index="Execute" DefaultButtonFace="UmojanWarptoLocation" Requirements="UmojanPowerLevel2Show"/>
        <PlaceUnit value="UmojanWarpingSignatureShipyard"/>
        <AbilityCategories index="User1" value="1"/>
    </CAbilEffectTarget>
    <CAbilEffectTarget id="UmojanStasisGun">
        <Alignment value="Negative"/>
        <EditorCategories value="Race:Terran,AbilityorEffectType:Units"/>
        <Effect index="0" value="UmojanStasisFieldMissile"/>
        <Flags index="AllowMovement" value="1"/>
        <Flags index="NoDeceleration" value="1"/>
        <Cost>
            <Cooldown TimeUse="100"/>
        </Cost>
        <Range value="10"/>
        <RangeSlop value="10"/>
        <PrepTime value="2"/>
        <ShowProgressArray index="Prep" value="1"/>
        <UninterruptibleArray index="Prep" value="1"/>
        <UninterruptibleArray index="Cast" value="1"/>
        <UninterruptibleArray index="Channel" value="1"/>
        <UninterruptibleArray index="Finish" value="1"/>
        <CursorEffect value="UmojanStasisFieldSearch"/>
        <AINotifyEffect value="UmojanStasisFieldMissile"/>
        <ProgressButtonArray index="Prep" value="UmojanStasisField"/>
        <CmdButtonArray index="Execute" DefaultButtonFace="UmojanStasisField" Requirements="UmojanUseStasisGun"/>
    </CAbilEffectTarget>
    <CAbilEffectTarget id="UmojanWarpBunker">
        <EditorCategories value="AbilityorEffectType:Units,Race:Terran"/>
        <PrepEffect value="UmojanWarptoLocationSignatureSetBunker"/>
        <Effect index="0" value="UmojanWarptoLocationSet"/>
        <Flags index="RangeUseCasterRadius" value="0"/>
        <Cost>
            <Cooldown TimeUse="120"/>
        </Cost>
        <Range value="500"/>
        <Arc value="360"/>
        <PrepTime value="26"/>
        <ShowProgressArray index="Prep" value="1"/>
        <UninterruptibleArray index="Prep" value="1"/>
        <ProgressButtonArray index="Prep" value="UmojanWarptoLocation"/>
        <CmdButtonArray index="Execute" DefaultButtonFace="UmojanWarptoLocation" Requirements="UmojanPowerLevel2Show"/>
        <PlaceUnit value="UmojanWarpingSignatureBunker"/>
        <AbilityCategories index="User1" value="1"/>
    </CAbilEffectTarget>
</Catalog>
