<?xml version="1.0" encoding="utf-8"?>
<Catalog>
    <CAccumulatorVitals id="UmojanBattlecatMountHealthDismount">
        <Ratio value="1"/>
    </CAccumulatorVitals>
    <CAccumulatorVitals id="UmojanBattlecatMountEnergyDismount">
        <Ratio value="1"/>
        <VitalType value="Energy"/>
    </CAccumulatorVitals>
    <CAccumulatorVitals id="UmojanBattlecatMountHealthShadowguard">
        <Ratio value="1"/>
        <UnitSource Effect="UmojanBattlecatLancerGetShadowguard" Value="Target"/>
        <ModificationType value="PerUnit"/>
    </CAccumulatorVitals>
    <CAccumulatorVitals id="UmojanBattlecatMountEnergyShadowguard">
        <Ratio value="1"/>
        <VitalType value="Energy"/>
        <UnitSource Effect="UmojanBattlecatLancerGetShadowguard" Value="Target"/>
        <ModificationType value="PerUnit"/>
    </CAccumulatorVitals>
    <CAccumulatorVitals id="UmojanBattlecatMountShieldDismount">
        <Ratio value="1"/>
        <VitalType value="Shields"/>
    </CAccumulatorVitals>
    <CAccumulatorVitals id="UmojanBattlecatMountShieldPlasmabat">
        <Ratio value="1"/>
        <VitalType value="Shields"/>
        <UnitSource Effect="UmojanBattlecatCuirassierGetPlasmabat" Value="Target"/>
        <ModificationType value="PerUnit"/>
    </CAccumulatorVitals>
    <CAccumulatorVitals id="UmojanBattlecatMountHealthPretorian">
        <Ratio value="1"/>
        <UnitSource Effect="UmojanBattlecatSpahiGetPretorian" Value="Target"/>
        <ModificationType value="PerUnit"/>
    </CAccumulatorVitals>
    <CAccumulatorVitals id="UmojanBattlecatMountHealthBattlecat">
        <Ratio value="1"/>
        <ModificationType value="PerUnit"/>
    </CAccumulatorVitals>
    <CAccumulatorVitals id="UmojanBattlecatMountHealthPlasmabat">
        <Ratio value="1"/>
        <UnitSource Effect="UmojanBattlecatCuirassierGetPlasmabat" Value="Target"/>
        <ModificationType value="PerUnit"/>
    </CAccumulatorVitals>
    <CAccumulatorVitals id="UmojanBattlecatMountShieldBattlecat">
        <Ratio value="1"/>
        <VitalType value="Shields"/>
        <ModificationType value="PerUnit"/>
    </CAccumulatorVitals>
    <CAccumulatorVitals id="UmojanBattlecatMountShieldPretorian">
        <Ratio value="1"/>
        <VitalType value="Shields"/>
        <UnitSource Effect="UmojanBattlecatSpahiGetPretorian" Value="Target"/>
        <ModificationType value="PerUnit"/>
    </CAccumulatorVitals>
    <CAccumulatorVitals id="UmojanBattlecatMountShieldShadowguard">
        <Ratio value="1"/>
        <VitalType value="Shields"/>
        <UnitSource Effect="UmojanBattlecatLancerGetShadowguard" Value="Target"/>
        <ModificationType value="PerUnit"/>
    </CAccumulatorVitals>
</Catalog>
