<?xml version="1.0" encoding="utf-8"?>
<Catalog>
    <CAttachMethodPattern id="UmojanAMPatternAloe">
        <Keyword value="Weapon"/>
        <Base value="::RollingIndex"/>
        <Driver value="AloeDamageMissileLM"/>
    </CAttachMethodPattern>
    <CAttachMethodPattern id="UmojanAMPatternNornAA">
        <Keyword value="SetB"/>
        <Base value="::RollingIndex"/>
        <Multiplier value="2"/>
        <Driver value="UmojanHellfireMissileALM"/>
    </CAttachMethodPattern>
    <CAttachMethodPattern id="UmojanAMPatternBattleshipAA">
        <Keyword value="Weapon"/>
        <Driver value="UmojanATAPlasmaBatteryLM"/>
    </CAttachMethodPattern>
    <CAttachMethodPattern id="UmojanAMPatternBattleshipAG">
        <Keyword value="Weapon"/>
        <Driver value="UmojanATSPlasmaBatteryLM"/>
    </CAttachMethodPattern>
    <CAttachMethodPattern id="UmojanPatternBunker">
        <Keyword value="Weapon"/>
        <Driver value="UmojanBunkerK14RailrifleDamage"/>
    </CAttachMethodPattern>
    <CAttachMethodFilter id="UmojanBunkerTurretWeaponSet">
        <Keys Keyword="Weapon" Index="1"/>
        <Keys Keyword="Weapon" Index="3"/>
        <Logic value="OR"/>
    </CAttachMethodFilter>
    <CAttachMethodPattern id="UmojanAMPatternFrenrirSiege">
        <Keyword value="Weapon"/>
        <Base value="::RollingIndex"/>
        <Driver value="UmojanFrenrirCannonDirected"/>
    </CAttachMethodPattern>
    <CAttachMethodPattern id="UmojanAMPatternFrenrirAA">
        <Keyword value="Weapon"/>
        <Driver value="UmojanFrenrirAntiAirLaunchMissile"/>
    </CAttachMethodPattern>
    <CAttachMethodPattern id="UmojanAMPatternFrenrir">
        <Keyword value="Weapon"/>
        <Driver value="UmojanFrenrirsClawsDamage"/>
    </CAttachMethodPattern>
    <CAttachMethodPattern id="UmojanAMPatternHowler">
        <Keyword value="Weapon"/>
        <Driver value="UmojanNightScreamRocketsLM"/>
    </CAttachMethodPattern>
    <CAttachMethodPattern id="UmojanAMPatternNorn">
        <Keyword value="Weapon"/>
        <Driver value="LanzerTorpedoesLM2"/>
    </CAttachMethodPattern>
    <CAttachMethodPattern id="UmojanAMPatternHowlerAirburst">
        <Keyword value="Weapon"/>
        <Driver value="UmojanHowlerAirburstFakeShotLM"/>
    </CAttachMethodPattern>
    <CAttachMethodPattern id="UmojanAMPatternHowlerAirstrike">
        <Keyword value="Weapon"/>
        <Driver value="UmojanHowlerAirstrikeFakeShotLM"/>
    </CAttachMethodPattern>
</Catalog>
