<?xml version="1.0" encoding="utf-8"?>
<Catalog>
    <CButton id="UmojanMistDecoy">
        <Icon value="Assets\Textures\btn-unit-terran-wraith-umojan.dds"/>
        <AlertIcon value="Assets\Textures\btn-unit-terran-wraith-umojan.dds"/>
        <EditorCategories value="Race:Terran"/>
    </CButton>
    <CButton id="UmojanResearchOverchargeGenerator">
        <Icon value="Assets\Textures\btn-upgrade-terran-mobiusreactor.dds"/>
        <AlertIcon value="Assets\Textures\btn-upgrade-terran-mobiusreactor.dds"/>
        <EditorCategories value="Race:Terran"/>
    </CButton>
    <CButton id="UmojanResearchSecondaryHangar">
        <Icon value="Assets\Textures\btn-tips-counter.dds"/>
        <AlertIcon value="Assets\Textures\btn-tips-counter.dds"/>
        <EditorCategories value="Race:Terran"/>
    </CButton>
    <CButton id="UmojanReturnCraftToHangar">
        <Icon value="Assets\Textures\btn-command-returncargo.dds"/>
        <AlertIcon value="Assets\Textures\btn-command-returncargo.dds"/>
        <EditorCategories value="Race:Terran"/>
        <TintRacially value="1"/>
        <Universal value="1"/>
    </CButton>
    <CButton id="UmojanSendRecon">
        <Icon value="Assets\Textures\btn-upgrade-terran-nova-detector.dds"/>
        <AlertIcon value="Assets\Textures\btn-upgrade-terran-nova-detector.dds"/>
        <EditorCategories value="Race:Terran"/>
    </CButton>
    <CButton id="UmojanRecallRecon">
        <Icon value="Assets\Textures\btn-command-cancel.dds"/>
        <AlertIcon value="Assets\Textures\btn-command-cancel.dds"/>
        <EditorCategories value="Race:Terran"/>
    </CButton>
    <CButton id="UmojanTimeBomb">
        <Icon value="Assets\Textures\btn-ability-protoss-timewarp.dds"/>
        <AlertIcon value="Assets\Textures\btn-ability-protoss-timewarp.dds"/>
        <EditorCategories value="Race:Terran"/>
    </CButton>
    <CButton id="UmojanRaptor">
        <Icon value="Assets\Textures\btn-unit-terran-valkyrie.dds"/>
        <AlertIcon value="Assets\Textures\btn-unit-terran-valkyrie.dds"/>
        <EditorCategories value="Race:Terran"/>
    </CButton>
    <CButton id="UmojanAloe">
        <Icon value="Assets\Textures\btn-unit-terran-liberator-umojan.dds"/>
        <AlertIcon value="Assets\Textures\btn-unit-terran-liberator-umojan.dds"/>
        <EditorCategories value="Race:Terran"/>
    </CButton>
    <CButton id="UmojanAloeHeal">
        <Icon value="Assets\Textures\btn-ability-terran-heal-color.dds"/>
        <AlertIcon value="Assets\Textures\btn-ability-terran-heal-color.dds"/>
        <EditorCategories value="Race:Terran"/>
    </CButton>
    <CButton id="UmojanAloeAAMode">
        <Icon value="Assets\Textures\btn-unit-collection-liberator-umojan.dds"/>
        <AlertIcon value="Assets\Textures\btn-unit-collection-liberator-umojan.dds"/>
        <EditorCategories value="Race:Terran"/>
        <HotkeySet value="UmojanAloeModes"/>
    </CButton>
    <CButton id="UmojanAloeAGMode">
        <Icon value="Assets\Textures\btn-unit-collection-liberatormorph-umojan.dds"/>
        <AlertIcon value="Assets\Textures\btn-unit-collection-liberatormorph-umojan.dds"/>
        <EditorCategories value="Race:Terran"/>
        <HotkeySet value="UmojanAloeModes"/>
    </CButton>
    <CButton id="UmojanAloeHealSingle">
        <Icon value="Assets\Textures\btn-ability-terran-heal-color.dds"/>
        <AlertIcon value="Assets\Textures\btn-ability-terran-heal-color.dds"/>
        <EditorCategories value="Race:Terran"/>
    </CButton>
    <CButton id="UmojanAloeLoad">
        <Icon value="Assets\Textures\btn-ability-terran-load.dds"/>
        <AlertIcon value="Assets\Textures\btn-ability-terran-load.dds"/>
        <EditorCategories value="Race:Terran"/>
        <TintRacially value="1"/>
        <HotkeyAlias value="BunkerLoad"/>
        <Universal value="1"/>
    </CButton>
    <CButton id="UmojanAloeUnloadAt">
        <Icon value="Assets\Textures\btn-ability-terran-unloadall.dds"/>
        <AlertIcon value="Assets\Textures\btn-ability-terran-unloadall.dds"/>
        <EditorCategories value="Race:Terran"/>
        <TintRacially value="1"/>
        <HotkeyAlias value="BunkerUnloadAll"/>
        <Universal value="1"/>
    </CButton>
    <CButton id="UmojanAloeUnloadAll">
        <Icon value="Assets\Textures\btn-ability-terran-unloadall.dds"/>
        <AlertIcon value="Assets\Textures\btn-ability-terran-unloadall.dds"/>
        <EditorCategories value="Race:Terran"/>
        <Universal value="1"/>
    </CButton>
    <CButton id="UmojanEngineeringTower">
        <Icon value="Assets\Textures\btn-building-terran-hivemindemulator.dds"/>
        <AlertIcon value="Assets\Textures\btn-building-terran-hivemindemulator.dds"/>
        <EditorCategories value="Race:Terran"/>
    </CButton>
    <CButton id="UmojanResearchLockdown">
        <Icon value="Assets\Textures\btn-upgrade-stetmann-corruptormissileaoe.dds"/>
        <AlertIcon value="Assets\Textures\btn-upgrade-stetmann-corruptormissileaoe.dds"/>
        <EditorCategories value="Race:Terran"/>
    </CButton>
    <CButton id="UmojanSendTimeBombers">
        <Icon value="Assets\Textures\btn-ability-protoss-timewarp.dds"/>
        <AlertIcon value="Assets\Textures\btn-ability-protoss-timewarp.dds"/>
        <EditorCategories value="Race:Terran"/>
    </CButton>
    <CButton id="UmojanStayatRange">
        <Icon value="Assets\Textures\btn-upgrade-terran-infantryweaponslevel1.dds"/>
        <AlertIcon value="Assets\Textures\btn-upgrade-terran-infantryweaponslevel1.dds"/>
        <EditorCategories value="Race:Zerg"/>
        <HotkeySet value="UmojanStayatRange"/>
    </CButton>
    <CButton id="UmojanLockdown">
        <Icon value="Assets\Textures\btn-upgrade-stetmann-corruptormissileaoe.dds"/>
        <AlertIcon value="Assets\Textures\btn-upgrade-stetmann-corruptormissileaoe.dds"/>
        <EditorCategories value="Race:Terran"/>
    </CButton>
    <CButton id="UmojanDismountPlasmabat">
        <Icon value="Assets\Textures\btn-unit-terran-firebat-umojan.dds"/>
        <AlertIcon value="Assets\Textures\btn-unit-terran-firebat-umojan.dds"/>
        <EditorCategories value="Race:Terran"/>
    </CButton>
    <CButton id="UmojanDismountShadowguard">
        <Icon value="Assets\Textures\btn-unit-collection-ghost-umojan.dds"/>
        <AlertIcon value="Assets\Textures\btn-unit-collection-ghost-umojan.dds"/>
        <EditorCategories value="Race:Terran"/>
    </CButton>
    <CButton id="UmojanGetPretorian">
        <Icon value="Assets\Textures\btn-unit-terran-marine-umojan.dds"/>
        <AlertIcon value="Assets\Textures\btn-unit-terran-marine-umojan.dds"/>
        <EditorCategories value="Race:Terran"/>
    </CButton>
    <CButton id="UmojanGetPlasmabat">
        <Icon value="Assets\Textures\btn-unit-terran-firebat-umojan.dds"/>
        <AlertIcon value="Assets\Textures\btn-unit-terran-firebat-umojan.dds"/>
        <EditorCategories value="Race:Terran"/>
    </CButton>
    <CButton id="UmojanDismountPretorian">
        <Icon value="Assets\Textures\btn-unit-terran-marine-umojan.dds"/>
        <AlertIcon value="Assets\Textures\btn-unit-terran-marine-umojan.dds"/>
        <EditorCategories value="Race:Terran"/>
    </CButton>
    <CButton id="UmojanGetShadowguard">
        <Icon value="Assets\Textures\btn-unit-collection-ghost-umojan.dds"/>
        <AlertIcon value="Assets\Textures\btn-unit-collection-ghost-umojan.dds"/>
        <EditorCategories value="Race:Terran"/>
    </CButton>
    <CButton id="UmojanRetributionField">
        <Icon value="Assets\Textures\btn-ability-terran-emp-color.dds"/>
        <AlertIcon value="Assets\Textures\btn-ability-terran-emp-color.dds"/>
        <EditorCategories value="Race:Terran"/>
    </CButton>
    <CButton id="UmojanBattlecat">
        <Icon value="Assets\Textures\btn-unit-terran-predator.dds"/>
        <AlertIcon value="Assets\Textures\btn-unit-terran-predator.dds"/>
        <EditorCategories value="Race:Terran"/>
    </CButton>
    <CButton id="UmojanPowerGenerator">
        <Icon value="Assets\Textures\btn-ability-stetmann-stetzonegenerator-speed.dds"/>
        <AlertIcon value="Assets\Textures\btn-ability-stetmann-stetzonegenerator-speed.dds"/>
        <EditorCategories value="Race:Terran"/>
    </CButton>
    <CButton id="UmojanNukeArm">
        <Icon value="Assets\Textures\btn-ability-terran-armnuke.dds"/>
        <AlertIcon value="Assets\Textures\btn-ability-terran-armnuke.dds"/>
        <EditorCategories value="Race:Terran"/>
    </CButton>
    <CButton id="UmojanResearchPersonalCloaking">
        <Icon value="Assets\Textures\btn-ability-terran-cloak-color.dds"/>
        <AlertIcon value="Assets\Textures\btn-ability-terran-cloak-color.dds"/>
        <EditorCategories value="Race:Terran"/>
    </CButton>
    <CButton id="UmojanResearchBlink">
        <Icon value="Assets\Textures\btn-ability-protoss-blink-color.dds"/>
        <AlertIcon value="Assets\Textures\btn-ability-protoss-blink-color.dds"/>
        <EditorCategories value="Race:Terran"/>
    </CButton>
    <CButton id="UmojanResearchRavenEnergyUpgrade">
        <Icon value="Assets\Textures\btn-upgrade-terran-corvidreactor.dds"/>
        <AlertIcon value="Assets\Textures\btn-upgrade-terran-corvidreactor.dds"/>
        <EditorCategories value="Race:Terran"/>
    </CButton>
    <CButton id="UmojanResearchCloak">
        <Icon value="Assets\Textures\btn-ability-mengsk-ghost-supercloak.dds"/>
        <AlertIcon value="Assets\Textures\btn-ability-mengsk-ghost-supercloak.dds"/>
        <EditorCategories value="Race:Terran"/>
    </CButton>
    <CButton id="ResearchStasisGun">
        <Icon value="Assets\Textures\btn-ability-protoss-stasistrap.dds"/>
        <AlertIcon value="Assets\Textures\btn-ability-protoss-stasistrap.dds"/>
        <EditorCategories value="Race:Terran"/>
    </CButton>
    <CButton id="UmojanHyperjump">
        <Icon value="Assets\Textures\btn-ability-terran-warpjump.dds"/>
        <AlertIcon value="Assets\Textures\btn-ability-terran-warpjump.dds"/>
    </CButton>
    <CButton id="UmojanRapidReignitionSystem">
        <Icon value="Assets\Textures\btn-upgrade-terran-highcapacityfueltanks.dds"/>
        <AlertIcon value="Assets\Textures\btn-upgrade-terran-highcapacityfueltanks.dds"/>
        <EditorCategories value="Race:Terran"/>
    </CButton>
    <CButton id="UmojanResearchHighOutputThruster">
        <Icon value="Assets\Textures\btn-ability-mengsk-viking-speed.dds"/>
        <AlertIcon value="Assets\Textures\btn-ability-mengsk-viking-speed.dds"/>
        <EditorCategories value="Race:Terran"/>
    </CButton>
    <CButton id="UmojanResearchOverloadWeapons">
        <Icon value="Assets\Textures\btn-ability-stetmann-corruptormissilebarrage.dds"/>
        <AlertIcon value="Assets\Textures\btn-ability-stetmann-corruptormissilebarrage.dds"/>
        <EditorCategories value="Race:Terran"/>
    </CButton>
    <CButton id="UmojanResearchRapidReignitionSystem">
        <Icon value="Assets\Textures\btn-upgrade-terran-highcapacityfueltanks.dds"/>
        <AlertIcon value="Assets\Textures\btn-upgrade-terran-highcapacityfueltanks.dds"/>
        <EditorCategories value="Race:Terran"/>
    </CButton>
    <CButton id="UmojanCloakOn">
        <Icon value="Assets\Textures\btn-ability-terran-cloak-color.dds"/>
        <AlertIcon value="Assets\Textures\btn-ability-terran-cloak-color.dds"/>
        <EditorCategories value="Race:Terran"/>
        <HotkeySet value="Cloak"/>
        <Universal value="1"/>
    </CButton>
    <CButton id="UmojanDefensiveMatrixTarget">
        <Icon value="Assets\Textures\btn-upgrade-swann-defensivematrix.dds"/>
        <AlertIcon value="Assets\Textures\btn-upgrade-swann-defensivematrix.dds"/>
        <EditorCategories value="Race:Terran"/>
        <HotkeyAlias value="DefensiveMatrixTarget"/>
    </CButton>
    <CButton id="UmojanSelfGuidedMissile">
        <Icon value="Assets\Textures\btn-upgrade-protoss-alarak-havoctargetlockbuffed.dds"/>
        <AlertIcon value="Assets\Textures\btn-upgrade-protoss-alarak-havoctargetlockbuffed.dds"/>
        <EditorCategories value="Race:Terran"/>
    </CButton>
    <CButton id="UmojanResearchCombatShield">
        <Icon value="Assets\Textures\BTN-techupgrade-terran-combatshield-color.dds"/>
        <AlertIcon value="Assets\Textures\BTN-techupgrade-terran-combatshield-color.dds"/>
        <EditorCategories value="Race:Terran"/>
    </CButton>
    <CButton id="UmojanResearchSelfGuidedMissile">
        <Icon value="Assets\Textures\btn-upgrade-protoss-alarak-havoctargetlockbuffed.dds"/>
        <AlertIcon value="Assets\Textures\btn-upgrade-protoss-alarak-havoctargetlockbuffed.dds"/>
        <EditorCategories value="Race:Terran"/>
    </CButton>
    <CButton id="UmojanEngineeringSuit">
        <Icon value="Assets\Textures\ui_tipicon_campaign_space01-repair.dds"/>
        <AlertIcon value="Assets\Textures\ui_tipicon_campaign_space01-repair.dds"/>
        <EditorCategories value="Race:Terran"/>
    </CButton>
    <CButton id="UmojanResearchPlasmaRecycler">
        <Icon value="Assets\Textures\btn-upgrade-terran-plasmashot.dds"/>
        <AlertIcon value="Assets\Textures\btn-upgrade-terran-plasmashot.dds"/>
        <EditorCategories value="Race:Terran"/>
        <Universal value="1"/>
    </CButton>
    <CButton id="UmojanResearchDisruptionWeb">
        <Icon value="Assets\Textures\btn-ability-protoss-disruptionweb.dds"/>
        <AlertIcon value="Assets\Textures\btn-ability-protoss-disruptionweb.dds"/>
        <EditorCategories value="Race:Terran"/>
        <Universal value="1"/>
    </CButton>
    <CButton id="UmojanShipPlatingLevel1">
        <Icon value="Assets\Textures\btn-upgrade-terran-shipplatinglevel1.dds"/>
        <AlertIcon value="Assets\Textures\btn-upgrade-terran-shipplatinglevel1.dds"/>
        <EditorCategories value="Race:Terran"/>
    </CButton>
    <CButton id="UmojanShipPlatingLevel2">
        <Icon value="Assets\Textures\btn-upgrade-terran-shipplatinglevel2.dds"/>
        <AlertIcon value="Assets\Textures\btn-upgrade-terran-shipplatinglevel2.dds"/>
        <EditorCategories value="Race:Terran"/>
        <HotkeyAlias value="TerranShipPlatingLevel1"/>
    </CButton>
    <CButton id="UmojanShipPlatingLevel3">
        <Icon value="Assets\Textures\btn-upgrade-terran-shipplatinglevel3.dds"/>
        <AlertIcon value="Assets\Textures\btn-upgrade-terran-shipplatinglevel3.dds"/>
        <EditorCategories value="Race:Terran"/>
        <HotkeyAlias value="TerranShipPlatingLevel1"/>
    </CButton>
    <CButton id="UmojanShipWeaponsLevel1">
        <Icon value="Assets\Textures\btn-upgrade-terran-shipweaponslevel1.dds"/>
        <AlertIcon value="Assets\Textures\btn-upgrade-terran-shipweaponslevel1.dds"/>
        <EditorCategories value="Race:Terran"/>
    </CButton>
    <CButton id="UmojanShipWeaponsLevel2">
        <Icon value="Assets\Textures\btn-upgrade-terran-shipweaponslevel2.dds"/>
        <AlertIcon value="Assets\Textures\btn-upgrade-terran-shipweaponslevel2.dds"/>
        <EditorCategories value="Race:Terran"/>
        <HotkeyAlias value="TerranShipWeaponsLevel1"/>
    </CButton>
    <CButton id="UmojanShipWeaponsLevel3">
        <Icon value="Assets\Textures\btn-upgrade-terran-shipweaponslevel3.dds"/>
        <AlertIcon value="Assets\Textures\btn-upgrade-terran-shipweaponslevel3.dds"/>
        <EditorCategories value="Race:Terran"/>
        <HotkeyAlias value="TerranShipWeaponsLevel1"/>
    </CButton>
    <CButton id="UmojanChargeEnemies">
        <Icon value="Assets\Textures\btn-upgrade-stetmann-mechameleeattacks-level0.dds"/>
        <AlertIcon value="Assets\Textures\btn-upgrade-stetmann-mechameleeattacks-level0.dds"/>
        <EditorCategories value="Race:Zerg"/>
        <HotkeySet value="UmojanStayatRange"/>
    </CButton>
    <CButton id="UmojanTitanKillerAmmunition">
        <Icon value="Assets\Textures\btn-upgrade-terran-enhancedmunitions.dds"/>
        <AlertIcon value="Assets\Textures\btn-upgrade-terran-enhancedmunitions.dds"/>
    </CButton>
    <CButton id="UmojanVehiclePlatingLevel1">
        <Icon value="Assets\Textures\btn-upgrade-terran-vehicleplatinglevel1.dds"/>
        <AlertIcon value="Assets\Textures\btn-upgrade-terran-vehicleplatinglevel1.dds"/>
        <EditorCategories value="Race:Terran"/>
    </CButton>
    <CButton id="UmojanVehiclePlatingLevel2">
        <Icon value="Assets\Textures\btn-upgrade-terran-vehicleplatinglevel2.dds"/>
        <AlertIcon value="Assets\Textures\btn-upgrade-terran-vehicleplatinglevel2.dds"/>
        <EditorCategories value="Race:Terran"/>
        <HotkeyAlias value="TerranVehiclePlatingLevel1"/>
    </CButton>
    <CButton id="UmojanVehiclePlatingLevel3">
        <Icon value="Assets\Textures\btn-upgrade-terran-vehicleplatinglevel3.dds"/>
        <AlertIcon value="Assets\Textures\btn-upgrade-terran-vehicleplatinglevel3.dds"/>
        <EditorCategories value="Race:Terran"/>
        <HotkeyAlias value="TerranVehiclePlatingLevel1"/>
    </CButton>
    <CButton id="UmojanVehicleWeaponsLevel1">
        <Icon value="Assets\Textures\btn-upgrade-terran-vehicleweaponslevel1.dds"/>
        <AlertIcon value="Assets\Textures\btn-upgrade-terran-vehicleweaponslevel1.dds"/>
        <EditorCategories value="Race:Terran"/>
    </CButton>
    <CButton id="UmojanVehicleWeaponsLevel2">
        <Icon value="Assets\Textures\btn-upgrade-terran-vehicleweaponslevel2.dds"/>
        <AlertIcon value="Assets\Textures\btn-upgrade-terran-vehicleweaponslevel2.dds"/>
        <EditorCategories value="Race:Terran"/>
        <HotkeyAlias value="TerranVehicleWeaponsLevel1"/>
    </CButton>
    <CButton id="UmojanVehicleWeaponsLevel3">
        <Icon value="Assets\Textures\btn-upgrade-terran-vehicleweaponslevel3.dds"/>
        <AlertIcon value="Assets\Textures\btn-upgrade-terran-vehicleweaponslevel3.dds"/>
        <EditorCategories value="Race:Terran"/>
        <HotkeyAlias value="TerranVehicleWeaponsLevel1"/>
    </CButton>
    <CButton id="UmojanResearchPowertotheWeapon">
        <Icon value="Assets\Textures\btn-upgrade-raynor-phobosclassweaponssystem.dds"/>
        <AlertIcon value="Assets\Textures\btn-upgrade-raynor-phobosclassweaponssystem.dds"/>
        <EditorCategories value="Race:Terran"/>
        <Universal value="1"/>
    </CButton>
    <CButton id="UmojanRepairMCS">
        <Icon value="Assets\Textures\btn-ability-terran-repair.dds"/>
        <AlertIcon value="Assets\Textures\btn-ability-terran-repair.dds"/>
        <EditorCategories value="Race:Terran"/>
        <TintRacially value="1"/>
        <Universal value="1"/>
    </CButton>
    <CButton id="UmojanRepairNorns">
        <Icon value="Assets\Textures\btn-ability-terran-repair.dds"/>
        <AlertIcon value="Assets\Textures\btn-ability-terran-repair.dds"/>
        <EditorCategories value="Race:Terran"/>
        <TintRacially value="1"/>
        <Universal value="1"/>
    </CButton>
    <CButton id="UmojanFrenrir">
        <Icon value="Assets\Textures\btn-unit-terran-thor.dds"/>
        <AlertIcon value="Assets\Textures\btn-unit-terran-thor.dds"/>
        <EditorCategories value="Race:Terran"/>
    </CButton>
    <CButton id="UmojanBurrowTurret">
        <Icon value="Assets\Textures\btn-ability-terran-land.dds"/>
        <AlertIcon value="Assets\Textures\btn-ability-terran-land.dds"/>
        <EditorCategories value="Race:Terran"/>
    </CButton>
    <CButton id="UmojanDeepCloak">
        <Icon value="Assets\Textures\btn-ability-hornerhan-wraith-permanentcloak.dds"/>
        <AlertIcon value="Assets\Textures\btn-ability-hornerhan-wraith-permanentcloak.dds"/>
        <EditorCategories value="Race:Terran"/>
    </CButton>
    <CButton id="UmojanResearchBattlelinkSystem">
        <Icon value="Assets\Textures\btn-upgrade-terran-internalizedtechmodule.dds"/>
        <AlertIcon value="Assets\Textures\btn-upgrade-terran-internalizedtechmodule.dds"/>
        <EditorCategories value="Race:Terran"/>
    </CButton>
    <CButton id="UmojanResearchEngineeringSuit">
        <Icon value="Assets\Textures\ui_tipicon_campaign_space01-repair.dds"/>
        <AlertIcon value="Assets\Textures\ui_tipicon_campaign_space01-repair.dds"/>
        <EditorCategories value="Race:Terran"/>
    </CButton>
    <CButton id="UmojanResearchMobileTargeting">
        <Icon value="Assets\Textures\btn-upgrade-swann-targetingoptics.dds"/>
        <AlertIcon value="Assets\Textures\btn-upgrade-swann-targetingoptics.dds"/>
        <EditorCategories value="Race:Terran"/>
    </CButton>
    <CButton id="UmojanResearchStrikeMineReserve">
        <Icon value="Assets\Textures\btn-upgrade-siegetank-spidermines.dds"/>
        <AlertIcon value="Assets\Textures\btn-upgrade-siegetank-spidermines.dds"/>
        <EditorCategories value="Race:Terran"/>
    </CButton>
    <CButton id="UmojanSentryGun">
        <Icon value="Assets\Textures\btn-unit-terran-popupturret.dds"/>
        <AlertIcon value="Assets\Textures\btn-unit-terran-popupturret.dds"/>
        <EditorCategories value="Race:Terran"/>
    </CButton>
    <CButton id="UmojanPowerLevel1Barricade">
        <Icon value="Assets\Textures\btn-ability-mengsk-thor-bigboycover.dds"/>
        <AlertIcon value="Assets\Textures\btn-ability-mengsk-thor-bigboycover.dds"/>
        <EditorCategories value="Race:Terran"/>
    </CButton>
    <CButton id="UmojanPowerLevel2Barricade">
        <Icon value="Assets\Textures\btn-upgrade-stetmann-hatcherystetellitebonus.dds"/>
        <AlertIcon value="Assets\Textures\btn-upgrade-stetmann-hatcherystetellitebonus.dds"/>
        <EditorCategories value="Race:Terran"/>
    </CButton>
    <CButton id="UmojanPowerLevel3Barricade">
        <Icon value="Assets\Textures\btn-upgrade-stetmann-lairstetellitebonus.dds"/>
        <AlertIcon value="Assets\Textures\btn-upgrade-stetmann-lairstetellitebonus.dds"/>
        <EditorCategories value="Race:Terran"/>
    </CButton>
    <CButton id="UmojanPowerLevel4Barricade">
        <Icon value="Assets\Textures\btn-upgrade-stetmann-hivestetellitebonus.dds"/>
        <AlertIcon value="Assets\Textures\btn-upgrade-stetmann-hivestetellitebonus.dds"/>
        <EditorCategories value="Race:Terran"/>
    </CButton>
    <CButton id="UmojanSniperRound">
        <Icon value="Assets\Textures\btn-ability-terran-snipe-color.dds"/>
        <AlertIcon value="Assets\Textures\btn-ability-terran-snipe-color.dds"/>
        <EditorCategories value="Race:Terran"/>
        <HidesForSimpleText value="0"/>
    </CButton>
    <CButton id="UmojanShieldsLevel1">
        <Icon value="Assets\Textures\BTN-Upgrade-Protoss-ShieldsLevel1.dds"/>
        <AlertIcon value="Assets\Textures\BTN-Upgrade-Protoss-ShieldsLevel1.dds"/>
        <EditorCategories value="Race:Terran"/>
    </CButton>
    <CButton id="UmojanShieldsLevel2">
        <Icon value="Assets\Textures\BTN-Upgrade-Protoss-ShieldsLevel2.dds"/>
        <AlertIcon value="Assets\Textures\BTN-Upgrade-Protoss-ShieldsLevel2.dds"/>
        <EditorCategories value="Race:Terran"/>
        <HotkeyAlias value="UmojanShieldsLevel1"/>
    </CButton>
    <CButton id="UmojanShieldsLevel3">
        <Icon value="Assets\Textures\BTN-Upgrade-Protoss-ShieldsLevel3.dds"/>
        <AlertIcon value="Assets\Textures\BTN-Upgrade-Protoss-ShieldsLevel3.dds"/>
        <EditorCategories value="Race:Terran"/>
        <HotkeyAlias value="UmojanShieldsLevel1"/>
    </CButton>
    <CButton id="UmojanResearchHiSecAutoTracking">
        <Icon value="Assets\Textures\BTN-Upgrade-Terran-hisecautotracking.dds"/>
        <AlertIcon value="Assets\Textures\BTN-Upgrade-Terran-hisecautotracking.dds"/>
        <EditorCategories value="Race:Terran"/>
    </CButton>
    <CButton id="UmojanInfantryArmorLevel1">
        <Icon value="Assets\Textures\btn-upgrade-terran-infantryarmorlevel1.dds"/>
        <AlertIcon value="Assets\Textures\btn-upgrade-terran-infantryarmorlevel1.dds"/>
        <EditorCategories value="Race:Terran"/>
    </CButton>
    <CButton id="UmojanInfantryArmorLevel2">
        <Icon value="Assets\Textures\btn-upgrade-terran-infantryarmorlevel2.dds"/>
        <AlertIcon value="Assets\Textures\btn-upgrade-terran-infantryarmorlevel2.dds"/>
        <EditorCategories value="Race:Terran"/>
        <HotkeyAlias value="UmojanInfantryArmorLevel1"/>
    </CButton>
    <CButton id="UmojanInfantryArmorLevel3">
        <Icon value="Assets\Textures\btn-upgrade-terran-infantryarmorlevel3.dds"/>
        <AlertIcon value="Assets\Textures\btn-upgrade-terran-infantryarmorlevel3.dds"/>
        <EditorCategories value="Race:Terran"/>
        <HotkeyAlias value="UmojanInfantryArmorLevel1"/>
    </CButton>
    <CButton id="UmojanInfantryWeaponsLevel1">
        <Icon value="Assets\Textures\btn-upgrade-terran-infantryweaponslevel1.dds"/>
        <AlertIcon value="Assets\Textures\btn-upgrade-terran-infantryweaponslevel1.dds"/>
        <EditorCategories value="Race:Terran"/>
    </CButton>
    <CButton id="UmojanInfantryWeaponsLevel2">
        <Icon value="Assets\Textures\btn-upgrade-terran-infantryweaponslevel2.dds"/>
        <AlertIcon value="Assets\Textures\btn-upgrade-terran-infantryweaponslevel2.dds"/>
        <EditorCategories value="Race:Terran"/>
        <HotkeyAlias value="UmojanInfantryWeaponsLevel1"/>
    </CButton>
    <CButton id="UmojanInfantryWeaponsLevel3">
        <Icon value="Assets\Textures\btn-upgrade-terran-infantryweaponslevel3.dds"/>
        <AlertIcon value="Assets\Textures\btn-upgrade-terran-infantryweaponslevel3.dds"/>
        <EditorCategories value="Race:Terran"/>
        <HotkeyAlias value="UmojanInfantryWeaponsLevel1"/>
    </CButton>
    <CButton id="UmojanEnergyBarricade">
        <Icon value="Assets\Textures\btn-ability-zeratul-immortal-enternitybarrier.dds"/>
        <AlertIcon value="Assets\Textures\btn-ability-zeratul-immortal-enternitybarrier.dds"/>
        <EditorCategories value="Race:Terran"/>
    </CButton>
    <CButton id="UmojanTransferShieldPower">
        <Icon value="Assets\Textures\btn-ability-protoss-doubleshieldrecharge.dds"/>
        <EditorCategories value="Race:Terran"/>
    </CButton>
    <CButton id="UmojanStasisField">
        <Icon value="Assets\Textures\btn-ability-protoss-stasistrap.dds"/>
        <AlertIcon value="Assets\Textures\btn-ability-protoss-stasistrap.dds"/>
        <EditorCategories value="Race:Terran"/>
    </CButton>
    <CButton id="UmojanFrenrirSiegeMode">
        <Icon value="Assets\Textures\btn-unit-collection-thormorph-umojan.dds"/>
        <AlertIcon value="Assets\Textures\btn-unit-collection-thormorph-umojan.dds"/>
        <EditorCategories value="Race:Terran"/>
        <HotkeySet value="ThorModes"/>
        <Universal value="1"/>
    </CButton>
    <CButton id="UmojanMobileMode">
        <Icon value="Assets\Textures\btn-unit-terran-thor-umojan.dds"/>
        <AlertIcon value="Assets\Textures\btn-unit-terran-thor-umojan.dds"/>
        <EditorCategories value="Race:Terran"/>
        <HotkeySet value="ThorModes"/>
        <Universal value="1"/>
    </CButton>
    <CButton id="UmojanDisruptionWeb">
        <Icon value="Assets\Textures\btn-ability-protoss-disruptionweb.dds"/>
        <AlertIcon value="Assets\Textures\btn-ability-protoss-disruptionweb.dds"/>
        <EditorCategories value="Race:Terran"/>
    </CButton>
    <CButton id="UmojanPowerLevel1Military">
        <Icon value="Assets\Textures\btn-ability-mengsk-thor-bigboycover.dds"/>
        <AlertIcon value="Assets\Textures\btn-ability-mengsk-thor-bigboycover.dds"/>
        <EditorCategories value="Race:Terran"/>
    </CButton>
    <CButton id="UmojanPowerLevel2Military">
        <Icon value="Assets\Textures\btn-upgrade-stetmann-hatcherystetellitebonus.dds"/>
        <AlertIcon value="Assets\Textures\btn-upgrade-stetmann-hatcherystetellitebonus.dds"/>
        <EditorCategories value="Race:Terran"/>
    </CButton>
    <CButton id="UmojanPowerLevel3Military">
        <Icon value="Assets\Textures\btn-upgrade-stetmann-lairstetellitebonus.dds"/>
        <AlertIcon value="Assets\Textures\btn-upgrade-stetmann-lairstetellitebonus.dds"/>
        <EditorCategories value="Race:Terran"/>
    </CButton>
    <CButton id="UmojanPowerLevel4Military">
        <Icon value="Assets\Textures\btn-upgrade-stetmann-hivestetellitebonus.dds"/>
        <AlertIcon value="Assets\Textures\btn-upgrade-stetmann-hivestetellitebonus.dds"/>
        <EditorCategories value="Race:Terran"/>
    </CButton>
    <CButton id="UmojanScienceRed">
        <Icon value="Assets\Textures\btn-building-terran-barracks.dds"/>
        <EditorCategories value="Race:Terran"/>
    </CButton>
    <CButton id="UmojanScienceBlue">
        <Icon value="Assets\Textures\btn-building-terran-factory.dds"/>
        <EditorCategories value="Race:Terran"/>
    </CButton>
    <CButton id="UmojanScienceGreen">
        <Icon value="Assets\Textures\btn-building-terran-starport.dds"/>
        <EditorCategories value="Race:Terran"/>
    </CButton>
    <CButton id="UmojanHowler">
        <Icon value="Assets\Textures\btn-unit-terran-banshee-umojan.dds"/>
        <AlertIcon value="Assets\Textures\btn-unit-terran-banshee-umojan.dds"/>
        <EditorCategories value="Race:Terran"/>
    </CButton>
    <CButton id="UmojanBattleship">
        <Icon value="Assets\Textures\btn-unit-terran-battlecruiser-umojan.dds"/>
        <AlertIcon value="Assets\Textures\btn-unit-terran-battlecruiser-umojan.dds"/>
        <EditorCategories value="Race:Terran"/>
    </CButton>
    <CButton id="UmojanResearchVigilantTurret">
        <Icon value="Assets\Textures\btn-research-zerg-shriketurret.dds"/>
        <AlertIcon value="Assets\Textures\btn-research-zerg-shriketurret.dds"/>
        <EditorCategories value="Race:Terran"/>
    </CButton>
    <CButton id="UmojanWhirlwind">
        <Icon value="Assets\Textures\btn-unit-terran-cyclone-umojan.dds"/>
        <AlertIcon value="Assets\Textures\btn-unit-terran-cyclone-umojan.dds"/>
        <EditorCategories value="Race:Terran"/>
    </CButton>
    <CButton id="UmojanGhost">
        <Icon value="Assets\Textures\btn-unit-terran-ghost-umojan.dds"/>
        <AlertIcon value="Assets\Textures\btn-unit-terran-ghost-umojan.dds"/>
        <EditorCategories value="Race:Terran"/>
    </CButton>
    <CButton id="UmojanPathfinder">
        <Icon value="Assets\Textures\btn-unit-terran-hellion.dds"/>
        <AlertIcon value="Assets\Textures\btn-unit-terran-hellion.dds"/>
        <EditorCategories value="Race:Terran"/>
    </CButton>
    <CButton id="UmojanDisruptor">
        <Icon value="Assets\Textures\btn-unit-terran-sentry-blue.dds"/>
        <AlertIcon value="Assets\Textures\btn-unit-terran-sentry-blue.dds"/>
        <EditorCategories value="Race:Terran"/>
    </CButton>
    <CButton id="UmojanPlasmabat">
        <Icon value="Assets\Textures\btn-unit-terran-firebat-umojan.dds"/>
        <AlertIcon value="Assets\Textures\btn-unit-terran-firebat-umojan.dds"/>
        <EditorCategories value="Race:Terran"/>
    </CButton>
    <CButton id="UmojanMarine">
        <Icon value="Assets\Textures\btn-unit-terran-marine-umojan.dds"/>
        <AlertIcon value="Assets\Textures\btn-unit-terran-marine-umojan.dds"/>
        <EditorCategories value="Race:Terran"/>
    </CButton>
    <CButton id="UmojanMedivac">
        <Icon value="Assets\Textures\btn-unit-terran-medivac-umojan.dds"/>
        <AlertIcon value="Assets\Textures\btn-unit-terran-medivac-umojan.dds"/>
        <EditorCategories value="Race:Terran"/>
    </CButton>
    <CButton id="UmojanCrow">
        <Icon value="Assets\Textures\btn-unit-terran-raven-umojan.dds"/>
        <AlertIcon value="Assets\Textures\btn-unit-terran-raven-umojan.dds"/>
        <EditorCategories value="Race:Terran"/>
    </CButton>
    <CButton id="UmojanReaper">
        <Icon value="Assets\Textures\btn-unit-terran-reaper-umojan.dds"/>
        <AlertIcon value="Assets\Textures\btn-unit-terran-reaper-umojan.dds"/>
        <EditorCategories value="Race:Terran"/>
    </CButton>
    <CButton id="UmojanTrainMCS">
        <Icon value="Assets\Textures\btn-unit-terran-scv-umojan.dds"/>
        <AlertIcon value="Assets\Textures\btn-unit-terran-scv-umojan.dds"/>
        <EditorCategories value="Race:Terran"/>
        <Universal value="1"/>
    </CButton>
    <CButton id="UmojanBattleTank">
        <Icon value="Assets\Textures\btn-unit-terran-siegetank-umojan.dds"/>
        <AlertIcon value="Assets\Textures\btn-unit-terran-siegetank-umojan.dds"/>
        <EditorCategories value="Race:Terran"/>
    </CButton>
    <CButton id="UmojanNorns">
        <Icon value="Assets\Textures\btn-unit-terran-goliath-umojan.dds"/>
        <AlertIcon value="Assets\Textures\btn-unit-terran-goliath-umojan.dds"/>
        <EditorCategories value="Race:Terran"/>
    </CButton>
    <CButton id="UmojanArmory">
        <Icon value="Assets\Textures\btn-building-terran-armory.dds"/>
        <AlertIcon value="Assets\Textures\btn-building-terran-armory.dds"/>
        <EditorCategories value="Race:Terran"/>
    </CButton>
    <CButton id="UmojanBarracks">
        <Icon value="Assets\Textures\btn-building-terran-barracks.dds"/>
        <AlertIcon value="Assets\Textures\btn-building-terran-barracks.dds"/>
        <EditorCategories value="Race:Terran"/>
    </CButton>
    <CButton id="UmojanBunker">
        <Icon value="Assets\Textures\btn-building-terran-bunker.dds"/>
        <AlertIcon value="Assets\Textures\btn-building-terran-bunker.dds"/>
        <EditorCategories value="Race:Terran"/>
    </CButton>
    <CButton id="UmojanBunkerUpgraded" parent="UmojanBunker">
        <Tooltip value="Button/Tooltip/UmojanBunkerUpgraded"/>
        <Icon value="Assets\Textures\btn-building-terran-bunkershriketurret.dds"/>
        <AlertTooltip value="Button/Tooltip/UmojanBunkerUpgraded"/>
        <AlertIcon value="Assets\Textures\btn-building-terran-bunkershriketurret.dds"/>
    </CButton>
    <CButton id="UmojanCommandCenter">
        <Icon value="Assets\Textures\btn-building-terran-commandcenter.dds"/>
        <AlertIcon value="Assets\Textures\btn-building-terran-commandcenter.dds"/>
        <EditorCategories value="Race:Terran"/>
    </CButton>
    <CButton id="UmojanEngineeringBay">
        <Icon value="Assets\Textures\btn-building-terran-engineeringbay.dds"/>
        <AlertIcon value="Assets\Textures\btn-building-terran-engineeringbay.dds"/>
        <EditorCategories value="Race:Terran"/>
    </CButton>
    <CButton id="UmojanFactory">
        <Icon value="Assets\Textures\btn-building-terran-factory.dds"/>
        <AlertIcon value="Assets\Textures\btn-building-terran-factory.dds"/>
        <EditorCategories value="Race:Terran"/>
    </CButton>
    <CButton id="UmojanFusionCore">
        <Icon value="Assets\Textures\btn-building-terran-fusioncore.dds"/>
        <AlertIcon value="Assets\Textures\btn-building-terran-fusioncore.dds"/>
        <EditorCategories value="Race:Terran"/>
    </CButton>
    <CButton id="UmojanGhostAcademy">
        <Icon value="Assets\Textures\btn-building-terran-ghostacademy.dds"/>
        <AlertIcon value="Assets\Textures\btn-building-terran-ghostacademy.dds"/>
        <EditorCategories value="Race:Terran"/>
    </CButton>
    <CButton id="UmojanMissileTurret">
        <Icon value="Assets\Textures\btn-building-terran-missileturret.dds"/>
        <AlertIcon value="Assets\Textures\btn-building-terran-missileturret.dds"/>
        <EditorCategories value="Race:Terran"/>
    </CButton>
    <CButton id="UmojanRefinery">
        <Icon value="Assets\Textures\btn-building-terran-refinery.dds"/>
        <AlertIcon value="Assets\Textures\btn-building-terran-refinery.dds"/>
        <EditorCategories value="Race:Terran"/>
    </CButton>
    <CButton id="UmojanStarport">
        <Icon value="Assets\Textures\btn-building-terran-starport.dds"/>
        <AlertIcon value="Assets\Textures\btn-building-terran-starport.dds"/>
        <EditorCategories value="Race:Terran"/>
    </CButton>
    <CButton id="UmojanSupplyDepot">
        <Icon value="Assets\Textures\btn-building-terran-supplydepot.dds"/>
        <AlertIcon value="Assets\Textures\btn-building-terran-supplydepot.dds"/>
        <EditorCategories value="Race:Terran"/>
    </CButton>
    <CButton id="UmojanScienceFacilityBase">
        <Icon value="Assets\Textures\BTN-Building-Terran-ScienceFacility.dds"/>
        <AlertIcon value="Assets\Textures\BTN-Building-Terran-ScienceFacility.dds"/>
        <EditorCategories value="Race:Terran"/>
    </CButton>
    <CButton id="UmojanWarptoLocation">
        <Icon value="Assets\Textures\btn-ability-zeratul-warpprism-transferlink.dds"/>
        <AlertIcon value="Assets\Textures\btn-ability-zeratul-warpprism-transferlink.dds"/>
        <EditorCategories value="Race:Terran"/>
        <TooltipFlags index="ShowTime" value="0"/>
    </CButton>
    <CButton id="UmojanAirMissileBarrage">
        <Icon value="Assets\Textures\btn-ability-stetmann-corruptormissilebarrage.dds"/>
        <AlertIcon value="Assets\Textures\btn-ability-stetmann-corruptormissilebarrage.dds"/>
        <EditorCategories value="Race:Terran"/>
    </CButton>
    <CButton id="UmojanPowerLevel1MCS">
        <Icon value="Assets\Textures\btn-ability-mengsk-thor-bigboycover.dds"/>
        <AlertIcon value="Assets\Textures\btn-ability-mengsk-thor-bigboycover.dds"/>
        <EditorCategories value="Race:Terran"/>
    </CButton>
    <CButton id="UmojanPowerLevel2MCS">
        <Icon value="Assets\Textures\btn-upgrade-stetmann-hatcherystetellitebonus.dds"/>
        <AlertIcon value="Assets\Textures\btn-upgrade-stetmann-hatcherystetellitebonus.dds"/>
        <EditorCategories value="Race:Terran"/>
    </CButton>
    <CButton id="UmojanPowerLevel3MCS">
        <Icon value="Assets\Textures\btn-upgrade-stetmann-lairstetellitebonus.dds"/>
        <AlertIcon value="Assets\Textures\btn-upgrade-stetmann-lairstetellitebonus.dds"/>
        <EditorCategories value="Race:Terran"/>
    </CButton>
    <CButton id="UmojanPowerLevel4MCS">
        <Icon value="Assets\Textures\btn-upgrade-stetmann-hivestetellitebonus.dds"/>
        <AlertIcon value="Assets\Textures\btn-upgrade-stetmann-hivestetellitebonus.dds"/>
        <EditorCategories value="Race:Terran"/>
    </CButton>
    <CButton id="UmojanUpgradetoEnergyGenerator">
        <Icon value="Assets\Textures\wireframe-terran-umojanlabgenerator.dds"/>
        <AlertIcon value="Assets\Textures\wireframe-terran-umojanlabgenerator.dds"/>
        <EditorCategories value="Race:Terran"/>
    </CButton>
    <CButton id="UmojanLower">
        <Icon value="Assets\Textures\btn-building-terran-supplydepotlowered.dds"/>
        <AlertIcon value="Assets\Textures\btn-building-terran-supplydepotlowered.dds"/>
        <EditorCategories value="Race:Terran"/>
    </CButton>
    <CButton id="UmojanPowerLevel1">
        <Icon value="Assets\Textures\btn-ability-mengsk-thor-bigboycover.dds"/>
        <AlertIcon value="Assets\Textures\btn-ability-mengsk-thor-bigboycover.dds"/>
        <EditorCategories value="Race:Terran"/>
    </CButton>
    <CButton id="UmojanPowerLevel2">
        <Icon value="Assets\Textures\btn-upgrade-stetmann-hatcherystetellitebonus.dds"/>
        <AlertIcon value="Assets\Textures\btn-upgrade-stetmann-hatcherystetellitebonus.dds"/>
        <EditorCategories value="Race:Terran"/>
    </CButton>
    <CButton id="UmojanPowerLevel3">
        <Icon value="Assets\Textures\btn-upgrade-stetmann-lairstetellitebonus.dds"/>
        <AlertIcon value="Assets\Textures\btn-upgrade-stetmann-lairstetellitebonus.dds"/>
        <EditorCategories value="Race:Terran"/>
    </CButton>
    <CButton id="UmojanPowerLevel4">
        <Icon value="Assets\Textures\btn-upgrade-stetmann-hivestetellitebonus.dds"/>
        <AlertIcon value="Assets\Textures\btn-upgrade-stetmann-hivestetellitebonus.dds"/>
        <EditorCategories value="Race:Terran"/>
    </CButton>
    <CButton id="UmojanRaise">
        <Icon value="Assets\Textures\btn-building-terran-supplydepot.dds"/>
        <AlertIcon value="Assets\Textures\btn-building-terran-supplydepot.dds"/>
        <EditorCategories value="Race:Terran"/>
    </CButton>
    <CButton id="UmojanDeployGroundSensor">
        <Icon value="Assets\Textures\btn-unit-terran-widowmine-umojan.dds"/>
        <AlertIcon value="Assets\Textures\btn-unit-terran-widowmine-umojan.dds"/>
        <EditorCategories value="Race:Terran"/>
    </CButton>
    <CButton id="UmojanVibrationdetector">
        <Icon value="Assets\Textures\btn-status-radar.dds"/>
        <AlertIcon value="Assets\Textures\btn-status-radar.dds"/>
        <EditorCategories value="Race:Terran"/>
        <TintRacially value="1"/>
    </CButton>
    <CButton id="UmojanJetPack">
        <Icon value="Assets\Textures\BTN-Ability-Terran-JetPack-color.dds"/>
        <AlertIcon value="Assets\Textures\BTN-Ability-Terran-JetPack-color.dds"/>
        <EditorCategories value="Race:Terran"/>
    </CButton>
    <CButton id="UmojanMobileTargeting">
        <Icon value="Assets\Textures\btn-upgrade-swann-targetingoptics.dds"/>
        <AlertIcon value="Assets\Textures\btn-upgrade-swann-targetingoptics.dds"/>
        <EditorCategories value="Race:Terran"/>
    </CButton>
    <CButton id="UmojanRecall">
        <Icon value="Assets\Textures\Decal_Spray_0054_01.dds"/>
        <AlertIcon value="Assets\Textures\Decal_Spray_0054_01.dds"/>
        <EditorCategories value="Race:Terran"/>
    </CButton>
    <CButton id="UmojanGroundMissileBarrage">
        <Icon value="Assets\Textures\btn-upgrade-terran-nova-bansheemissilestrik.dds"/>
        <AlertIcon value="Assets\Textures\btn-upgrade-terran-nova-bansheemissilestrik.dds"/>
        <EditorCategories value="Race:Terran"/>
    </CButton>
    <CButton id="UmojanBlink">
        <Icon value="Assets\Textures\btn-ability-protoss-blink-color.dds"/>
        <AlertIcon value="Assets\Textures\btn-ability-protoss-blink-color.dds"/>
        <EditorCategories value="Race:Terran"/>
    </CButton>
    <CButton id="UmojanCorrosiveBlast">
        <Icon value="Assets\Textures\btn-upgrade-terran-plasmashot.dds"/>
        <AlertIcon value="Assets\Textures\btn-upgrade-terran-plasmashot.dds"/>
        <EditorCategories value="Race:Terran"/>
    </CButton>
    <CButton id="UmojanPermanantlyCloakedHowler">
        <Icon value="Assets\Textures\btn-techupgrade-terran-crossspectrumdampeners.dds"/>
        <EditorCategories value="Race:Terran"/>
        <TintRacially value="1"/>
    </CButton>
    <CButton id="UmojanPermanantlyCloakedMist">
        <Icon value="Assets\Textures\wireframe-terran-wraith-umojan.dds"/>
        <EditorCategories value="Race:Terran"/>
        <TintRacially value="1"/>
    </CButton>
    <CButton id="UmojanPermanentlyCloakedSpySatellite">
        <Icon value="Assets\Textures\wireframe-stetmann-stetellite.dds"/>
        <EditorCategories value="Race:Terran"/>
    </CButton>
    <CButton id="UmojanSabotage">
        <Icon value="Assets\Textures\btn-upgrade-terran-recalibratedexplosives.dds"/>
        <AlertIcon value="Assets\Textures\btn-upgrade-terran-recalibratedexplosives.dds"/>
        <EditorCategories value="Race:Terran"/>
    </CButton>
    <CButton id="UmojanPermanentlyCloakedShadowguard">
        <Icon value="Assets\Textures\btn-techupgrade-terran-criussuit.dds"/>
        <EditorCategories value="Race:Terran"/>
        <TintRacially value="1"/>
    </CButton>
    <CButton id="UmojanDeployAntiAerospace">
        <Icon value="Assets\Textures\btn-unit-terran-siegetanksieged-umojan.dds"/>
        <AlertIcon value="Assets\Textures\btn-unit-terran-siegetanksieged-umojan.dds"/>
        <EditorCategories value="Race:Terran"/>
        <HotkeySet value="TankModes"/>
        <Universal value="1"/>
    </CButton>
    <CButton id="UmojanTornadoMissile">
        <Icon value="Assets\Textures\BTN-Ability-Terran-HaywireMissile.dds"/>
        <AlertIcon value="Assets\Textures\BTN-Ability-Terran-HaywireMissile.dds"/>
        <EditorCategories value="Race:Terran"/>
    </CButton>
    <CButton id="UmojanMissileBarrage">
        <Icon value="Assets\Textures\btn-ability-stetmann-corruptormissilebarrage.dds"/>
        <AlertIcon value="Assets\Textures\btn-ability-stetmann-corruptormissilebarrage.dds"/>
        <Hotkey value="Button/Hotkey/250mmStrikeCannons"/>
        <EditorCategories value="Race:Terran"/>
        <HotkeyAlias value="250mmStrikeCannons"/>
    </CButton>
    <CButton id="UmojanMissileStrike">
        <Icon value="Assets\Textures\btn-ability-stetmann-hydraliskmissilepoweroff.dds"/>
        <AlertIcon value="Assets\Textures\btn-ability-stetmann-hydraliskmissilepoweroff.dds"/>
        <Hotkey value="Button/Hotkey/HunterSeekerMissile"/>
        <EditorCategories value="Race:Terran"/>
        <HotkeyAlias value="250mmStrikeCannons"/>
    </CButton>
    <CButton id="UmojanDeployStrikeMine">
        <Icon value="Assets\Textures\btn-upgrade-terran-spidermineex3.dds"/>
        <AlertIcon value="Assets\Textures\btn-upgrade-terran-spidermineex3.dds"/>
        <EditorCategories value="Race:Terran"/>
    </CButton>
    <CButton id="UmojanUnsiege">
        <Icon value="Assets\Textures\btn-unit-terran-siegetank-umojan.dds"/>
        <AlertIcon value="Assets\Textures\btn-unit-terran-siegetank-umojan.dds"/>
        <EditorCategories value="Race:Terran"/>
        <HotkeySet value="TankModes"/>
        <Universal value="1"/>
    </CButton>
    <CButton id="UmojanPowertotheWeapon">
        <Icon value="Assets\Textures\btn-upgrade-raynor-phobosclassweaponssystem.dds"/>
        <AlertIcon value="Assets\Textures\btn-upgrade-raynor-phobosclassweaponssystem.dds"/>
        <EditorCategories value="Race:Terran"/>
        <Universal value="1"/>
    </CButton>
    <CButton id="UmojanMist">
        <Icon value="Assets\Textures\btn-unit-terran-wraith-umojan.dds"/>
        <AlertIcon value="Assets\Textures\btn-unit-terran-wraith-umojan.dds"/>
        <EditorCategories value="Race:Terran"/>
    </CButton>
    <CButton id="UmojanSpySatellite">
        <Icon value="Assets\Textures\btn-building-stetmann-stetellite.dds"/>
        <AlertIcon value="Assets\Textures\btn-building-stetmann-stetellite.dds"/>
        <EditorCategories value="Race:Terran"/>
    </CButton>
    <CButton id="UmojanUnburrowTurret">
        <Icon value="Assets\Textures\btn-ability-terran-liftoff.dds"/>
        <AlertIcon value="Assets\Textures\btn-ability-terran-liftoff.dds"/>
        <EditorCategories value="Race:Terran"/>
    </CButton>
</Catalog>
