<?xml version="1.0" encoding="utf-8"?>
<Catalog>
    <CFootprint id="UmojanWarpFootprint3x3Contour">
        <Layers index="Check" Area="-1,-1,2,2">
            <Rows value="xxx"/>
            <Rows value="xxx"/>
            <Rows value="xxx"/>
        </Layers>
        <Layers index="Place" Area="-1,-1,2,2">
            <Rows value="xxx"/>
            <Rows value="xxx"/>
            <Rows value="xxx"/>
        </Layers>
    </CFootprint>
    <CFootprint id="UmojanWarpFootprint5x5Contour">
        <Layers index="Check" Area="-2,-2,3,3">
            <Sets index="0">
                <Negative index="NearResources" value="1"/>
            </Sets>
            <Rows value="xxxxx"/>
            <Rows value="xxxxx"/>
            <Rows value="xxxxx"/>
            <Rows value="xxxxx"/>
            <Rows value="xxxxx"/>
        </Layers>
        <Layers index="Place" Area="-2,-2,3,3">
            <Sets index="0">
                <Positive index="DropOff" value="1"/>
            </Sets>
            <Rows value="xxxxx"/>
            <Rows value="xxxxx"/>
            <Rows value="xxxxx"/>
            <Rows value="xxxxx"/>
            <Rows value="xxxxx"/>
        </Layers>
    </CFootprint>
</Catalog>
