<?xml version="1.0" encoding="utf-8"?>
<Catalog>
    <CModel default="1" id="UmojanBuildingBuildSmall" parent="BuildingEx">
        <?token id="Race" value="Terran"?>
        <?token id="name" value="TerranBuildSmall"?>
        <Model value="Assets\Buildings\Umojan\Umojan_Build\Umojan_Build_B.m3"/>
        <Radius value="1.000000"/>
        <SelectionRadius value="1.000000"/>
        <ShadowRadius value="1.000000"/>
    </CModel>
    <CModel id="UmojanCrowRecalledImpact" parent="OneShotSpellFX">
        <Model value="Assets\Effects\Protoss\RecallImpactIn\RecallImpactIn.m3"/>
        <EditorCategories value="Race:Terran"/>
        <ScaleMax value="0.750000,0.750000,0.750000"/>
        <ScaleMin value="0.750000,0.750000,0.750000"/>
    </CModel>
    <CModel id="UmojanCrowRecallingImpact" parent="OneShotSpellFX">
        <Model value="Assets\Effects\Protoss\RecallImpactOut\RecallImpactOut.m3"/>
        <EditorCategories value="Race:Terran"/>
        <ScaleMax value="0.750000,0.750000,0.750000"/>
        <ScaleMin value="0.750000,0.750000,0.750000"/>
    </CModel>
    <CModel id="UmojanAloeThunderbirdDropBombMissile" parent="MissileFX">
        <Model value="Assets\Effects\Terran\HornerHan_StrikeFighter_Bomb\HornerHan_StrikeFighter_Bomb.m3"/>
        <EditorCategories value="Race:Terran"/>
    </CModel>
    <CModel id="UmojanOverchargeGeneratorModel" parent="PersistentSpellFX">
        <Model value="Assets\Buildings\Umojan\CommandCenter_Umojan_Reactor\CommandCenter_Umojan_Reactor.m3"/>
        <EditorCategories value="Race:Terran"/>
        <Radius value="2.000000"/>
    </CModel>
    <CModel id="UmojanDispenserHealAoE" parent="Building" Race="Terran">
        <Model value="Assets\Effects\Protoss\XelNagaShieldDome\XelNagaShieldDome.m3"/>
    </CModel>
    <CModel id="UmojanNightwish" parent="Unit" Race="Protoss">
        <Model value="Assets\Units\Terran\Griffon\Griffon.m3"/>
        <AttachProps Id="Ref_Center" RadiusShield="0.200000"/>
        <EditorCategories value="Race:Terran"/>
        <Occlusion value="Show"/>
        <PlanetPanelCamera value="Star2CameraLow03"/>
        <Radius value="0.250000"/>
        <ScaleMax value="0.850000,0.850000,0.850000"/>
        <ScaleMin value="0.850000,0.850000,0.850000"/>
        <SelectionRadius value="0.294000"/>
        <ShadowRadius value="0.294000"/>
        <SquibTypeDefault value="Metal"/>
        <TechPurchaseCamera value="Star2CameraLow03"/>
        <UnitGlossaryCamera value="Star2CameraLow03"/>
    </CModel>
    <CModel id="UmojanOverchargeGeneratorModelDeath" parent="PersistentSpellFX">
        <Model value="Assets\Buildings\Umojan\CommandCenter_Umojan_Reactor\CommandCenter_Umojan_Reactor.m3"/>
        <EditorCategories value="Race:Terran"/>
        <Radius value="2.000000"/>
    </CModel>
    <CModel id="UmojanRaptorDeath" parent="UnitDeath" Race="Protoss">
        <Model value="Assets\Units\Terran\ValkyrieDeath\ValkyrieDeath.m3"/>
        <EditorCategories value="Race:Terran"/>
        <Radius value="0.250000"/>
        <SelectionRadius value="0.588100"/>
        <ShadowRadius value="0.588100"/>
    </CModel>
    <CModel id="UmojanRaptor" parent="Unit" Race="Protoss">
        <Model value="Assets\Units\Terran\Valkyrie\Valkyrie.m3"/>
        <AttachProps Id="Ref_Center" RadiusShield="0.200000"/>
        <EditorCategories value="Race:Terran"/>
        <Occlusion value="Show"/>
        <PlanetPanelCamera value="Star2CameraLow03"/>
        <Radius value="0.250000"/>
        <ScaleMax value="0.850000,0.850000,0.850000"/>
        <ScaleMin value="0.850000,0.850000,0.850000"/>
        <SelectionRadius value="0.294000"/>
        <ShadowRadius value="0.294000"/>
        <SquibTypeDefault value="Metal"/>
        <TechPurchaseCamera value="Star2CameraLow03"/>
        <UnitGlossaryCamera value="Star2CameraLow03"/>
    </CModel>
    <CModel id="UmojanDefensiveMatrixBeam" parent="PersistentSpellFX">
        <Model value="Assets\Effects\Protoss\DarkArchonBeam\DarkArchonBeam.m3"/>
        <EditorCategories value="Race:Terran"/>
        <RadiusLoose value="1.000000"/>
    </CModel>
    <CModel id="UmojanDefensiveMatrix" parent="PersistentSpellFX">
        <Model value="Assets\Effects\Terran\DefensiveMatrixShield\DefensiveMatrixShield.m3"/>
        <EditorCategories value="Race:Terran"/>
    </CModel>
    <CModel id="UmojanBattleshipTacticalJumpPowerup" parent="Glaze">
        <Model value="Assets\Effects\Glaze\Glaze_Nova_Buff_Damage\Glaze_Nova_Buff_Damage.m3"/>
        <Priority value="32"/>
    </CModel>
    <CModel id="UmojanDefensiveMatrixModel" parent="PersistentSpellFX">
        <Model value="Assets\Effects\Terran\BattlecruiserDefensiveMatrix\BattlecruiserDefensiveMatrix.m3"/>
        <EditorCategories value="Race:Terran"/>
        <Radius value="2.000000"/>
        <ScaleMax value="0.900000,0.900000,0.900000"/>
        <ScaleMin value="0.900000,0.900000,0.900000"/>
        <SelectionRadius value="0.555400"/>
        <ShadowRadius value="0.555400"/>
    </CModel>
    <CModel id="Liberator_Umojan">
        <AttachProps Id="Ref_Center" RadiusShield="1.250000"/>
    </CModel>
    <CModel id="UmojanEngineeringTowerBuild" parent="MissileTurretBuildBase">
        <Model value="Assets\Buildings\Umojan\Umojan_BuildSmall\Umojan_BuildSmall.m3"/>
    </CModel>
    <CModel id="UmojanEngineeringTower" parent="MissileTurretBase" Race="Protoss">
        <Model value="Assets\Buildings\Umojan\HiveMindEmulator_Umojan\HiveMindEmulator_Umojan.m3"/>
        <AttachProps index="0" Id="Ref_Center" RadiusShield="1.000000">
            <Keys index="Turret" value="-128"/>
        </AttachProps>
        <AttachProps index="1" removed="1"/>
        <AttachProps index="2" removed="1"/>
        <AttachProps index="3" removed="1"/>
        <AttachProps index="4" removed="1"/>
        <EditorCategories value="Race:Terran"/>
        <Radius value="1.000000"/>
        <SelectionRadius value="1.250000"/>
        <ShadowRadius value="1.000000"/>
    </CModel>
    <CModel id="UmojanEngineeringTowerDeath" parent="MissileTurretDeathBase" Race="Protoss" low="ProtossSmallBuildingDeathLow">
        <Model value="Assets\Buildings\Umojan\HiveMindEmulator_Umojan_Death\HiveMindEmulator_Umojan_Death.m3"/>
        <EditorCategories value="Race:Terran"/>
        <Events index="0" removed="1"/>
        <Events index="1" removed="1"/>
        <Events index="2" removed="1"/>
    </CModel>
    <CModel id="UmojanEngineeringTowerPlacement" parent="MissileTurretPlacementBase" low="UmojanEngineeringTower">
        <Model value="Assets\Buildings\Terran\HiveMindEmulatorPlacement\HiveMindEmulatorPlacement.m3"/>
        <Radius value="1.000000"/>
        <SelectionLayer value="2"/>
        <SelectionRadius value="1.000000"/>
        <ShadowRadius value="1.000000"/>
    </CModel>
    <CModel id="UmojanLockdownMissile" parent="MissileFX">
        <Model value="Assets\Effects\Terran\EMPMissile\EMPMissile.m3"/>
        <EditorCategories value="Race:Terran"/>
    </CModel>
    <CModel id="UmojanLockdownState" parent="PersistentSpellFX">
        <Model value="Assets\Effects\Terran\LockDown\LockDown.m3"/>
        <EditorCategories value="Race:Terran"/>
        <ScaleMax value="0.600000,0.600000,0.600000"/>
        <ScaleMin value="0.600000,0.600000,0.600000"/>
    </CModel>
    <CModel id="UmojanThunderbird" parent="Unit" Race="Protoss">
        <Model value="Assets\Units\Terran\HornerHan_StrikeFighter\HornerHan_StrikeFighter.m3"/>
        <AttachProps Id="Ref_Center" RadiusShield="0.200000"/>
        <EditorCategories value="Race:Terran"/>
        <Occlusion value="Show"/>
        <PlanetPanelCamera value="Star2CameraLow03"/>
        <Radius value="0.250000"/>
        <ScaleMax value="0.850000,0.850000,0.850000"/>
        <ScaleMin value="0.850000,0.850000,0.850000"/>
        <SelectionRadius value="0.294000"/>
        <ShadowRadius value="0.294000"/>
        <SquibTypeDefault value="Metal"/>
        <TechPurchaseCamera value="Star2CameraLow03"/>
        <UnitGlossaryCamera value="Star2CameraLow03"/>
    </CModel>
    <CModel id="UmojanNightwishDeath" parent="UnitDeath" Race="Protoss">
        <Model value="Assets\Units\Terran\GriffonDeath\GriffonDeath.m3"/>
        <LowQualityModel value="ProtossSmallUnitDeathLow"/>
        <EditorCategories value="Race:Terran"/>
        <Occlusion value="Show"/>
        <Radius value="0.250000"/>
        <SelectionRadius value="0.588100"/>
        <ShadowRadius value="0.588100"/>
    </CModel>
    <CModel id="UmojanRetributionFieldLaunch" parent="ImpactFX">
        <Model value="Assets\Effects\Terran\PredatorImpactShockwave\PredatorImpactShockwave.m3"/>
        <EditorCategories value="Race:Terran"/>
        <Radius value="1.000000"/>
    </CModel>
    <CModel id="UmojanBattlecat" parent="Unit">
        <Model value="Assets\Units\Terran\Predator\Predator.m3"/>
        <EditorCategories value="Race:Terran"/>
        <Occlusion value="Show"/>
        <PlanetPanelCamera value="Star2CameraMid04"/>
        <Radius value="0.650000"/>
        <ScaleMax value="1.300000,1.300000,1.300000"/>
        <ScaleMin value="1.300000,1.300000,1.300000"/>
        <SelectionRadius value="0.400000"/>
        <ShadowRadius value="0.400000"/>
        <TechPurchaseCamera value="Star2CameraMid04"/>
        <UnitGlossaryCamera value="Star2CameraMid04"/>
        <AttachProps Id="Ref_Center" RadiusShield="0.600000"/>
    </CModel>
    <CModel id="UmojanBattlecatDeath" parent="UnitDeath" Race="Terran">
        <Model value="Assets\Units\Terran\PredatorDeath\PredatorDeath.m3"/>
        <LowQualityModel value="TerranSmallUnitDeath"/>
    </CModel>
    <CModel id="UmojanPortraitBattlecat" parent="Portrait">
        <Model value="Assets\Portraits\Terran\PredatorPortrait\PredatorPortrait.m3"/>
    </CModel>
    <CModel id="UmojanNorns" parent="Unit" Race="Terran">
        <Model value="Assets\Units\Umojan\Umojan_Goliath\Goliath_Umojan.m3"/>
        <AttachProps Id="Ref_TurretZ">
            <Keys index="Turret" value="0"/>
        </AttachProps>
        <AttachProps Id="Ref_Weapon">
            <Keys index="SetA" value="0"/>
        </AttachProps>
        <AttachProps Id="Ref_Weapon 01">
            <Keys index="SetA" value="0"/>
        </AttachProps>
        <AttachProps Id="Ref_Weapon 02">
            <Keys index="SetB" value="0"/>
        </AttachProps>
        <AttachProps Id="Ref_Weapon 03">
            <Keys index="SetB" value="2"/>
        </AttachProps>
        <AttachProps Id="Ref_Weapon 05">
            <Keys index="SetB" value="1"/>
        </AttachProps>
        <AttachProps Id="Ref_Weapon 06">
            <Keys index="SetB" value="3"/>
        </AttachProps>
        <AttachProps Id="Ref_Center" RadiusShield="0.700000"/>
        <Occlusion value="Show"/>
        <PlanetPanelCamera value="Star2CameraHigh12"/>
        <Radius value="0.650000"/>
        <ScaleMax value="0.780000,0.780000,0.780000"/>
        <ScaleMin value="0.780000,0.780000,0.780000"/>
        <SelectionRadius value="0.999700"/>
        <ShadowRadius value="0.999700"/>
        <TechPurchaseCamera value="Star2CameraHigh12"/>
        <UnitGlossaryCamera value="Star2CameraHigh12"/>
    </CModel>
    <CModel id="UmojanNornsAWeapon" parent="MissileFX">
        <Model value="Assets\Effects\Terran\GoliathAirMissile\GoliathAirMissile.m3"/>
        <EditorCategories value="Race:Terran"/>
    </CModel>
    <CModel id="UmojanGoliathAirAttackImpact" parent="ImpactFX">
        <Model value="Assets\Effects\Terran\GoliathAirMissileImpact\GoliathAirMissileImpact.m3"/>
        <EditorCategories value="Race:Terran"/>
    </CModel>
    <CModel id="UmojanGoliathAirAttackLaunch" parent="LaunchFX">
        <Model value="Assets\Effects\Terran\VikingFighterMissileLaunch\VikingFighterMissileLaunch.m3"/>
        <EditorCategories value="Race:Terran"/>
    </CModel>
    <CModel id="UmojanNornsDeath" parent="UnitDeath" Race="Terran">
        <Model value="Assets\Units\Terran\GoliathMPDeath\GoliathMPDeath.m3"/>
        <LowQualityModel value="TerranMediumUnitDeathLow"/>
        <Events>
            <Anim value="Death,00"/>
            <Name value="GoliathDeathFXA"/>
            <Type value="Sound"/>
            <Time value="0.010000"/>
            <Payload value="Goliath_DeathFXA"/>
        </Events>
        <Events>
            <Anim value="Death,01"/>
            <Name value="GoliathDeathFXA"/>
            <Type value="Sound"/>
            <Time value="0.010000"/>
            <Payload value="Goliath_DeathFXA"/>
        </Events>
        <Events>
            <Anim value="Death,00"/>
            <Name value="GoliathDeathFXB"/>
            <Type value="Sound"/>
            <Time value="2.000000"/>
            <Payload value="Goliath_DeathFXB"/>
        </Events>
        <Events>
            <Anim value="Death,02"/>
            <Name value="GoliathDeathFXB"/>
            <Type value="Sound"/>
            <Time value="0.870000"/>
            <Payload value="Goliath_DeathFXB"/>
        </Events>
        <Occlusion value="Show"/>
        <SelectionRadius value="0.999700"/>
        <ShadowRadius value="0.999700"/>
        <TextureDeclares Prefix="Goliath_">
            <Adaptions TriggerOnSubstring="_Diffuse" Slot="main"/>
            <Adaptions TriggerOnSubstring="_Specular" Slot="main"/>
        </TextureDeclares>
    </CModel>
    <CModel id="UmojanNornsPortrait" parent="FXAPortrait" Race="Terran">
        <Model value="Assets\Units\Umojan\Umojan_Goliath\Goliath_Umojan_Portrait.m3"/>
        <FacialController value="LocalizedData\Facial\GoliathPortrait.fxa"/>
    </CModel>
    <CModel id="UmojanBunkerWarpSignature" parent="BunkerPlacementBase" low="UmojanFactory">
        <Model value="Assets\Buildings\Terran\BunkerPlacement\BunkerPlacement.m3"/>
        <AttachProps RadiusShield="3.000000"/>
        <Flags index="FOW" value="1"/>
        <SelectionLayer value="2"/>
        <SelectionRadius value="1.500000"/>
        <ShadowRadius value="1.500000"/>
        <SquibTypeDefault value="Shield"/>
        <Radius value="1.250000"/>
    </CModel>
    <CModel id="UmojanBunkerWarpSignatureUpgrade" parent="BunkerPlacementBase" low="UmojanFactory">
        <Model value="Assets\Buildings\Terran\BunkerShrikePlacement\BunkerShrikePlacement.m3"/>
        <AttachProps RadiusShield="3.000000"/>
        <Flags index="FOW" value="1"/>
        <SelectionLayer value="2"/>
        <SelectionRadius value="1.500000"/>
        <ShadowRadius value="1.500000"/>
        <SquibTypeDefault value="Shield"/>
        <Radius value="1.250000"/>
    </CModel>
    <CModel id="UmojanSentryGunBuild" parent="MissileTurretBuildBase">
        <Model value="Assets\Buildings\Umojan\Umojan_BuildSmall\Umojan_BuildSmall.m3"/>
    </CModel>
    <CModel id="UmojanSentryGun" parent="Building" Race="Terran">
        <Model value="Assets\Buildings\Terran\PopUpTurret\PopUpTurret.m3"/>
        <AttachProps Id="Ref_Hardpoint">
            <Keys index="Turret" value="0"/>
        </AttachProps>
        <AttachProps Id="Ref_Center" RadiusShield="0.500000"/>
        <PlanetPanelCamera value="Star2CameraHigh09"/>
        <Radius value="1.000000"/>
        <ScaleMax value="0.400000,0.400000,0.400000"/>
        <ScaleMin value="0.400000,0.400000,0.400000"/>
        <SelectionLayer value="2"/>
        <SelectionRadius value="1.000000"/>
        <ShadowRadius value="1.000000"/>
        <TechPurchaseCamera value="Star2CameraHigh09"/>
        <UnitGlossaryCamera value="Star2CameraHigh09"/>
    </CModel>
    <CModel id="UmojanSentryGunAttackImpact" parent="ImpactFX">
        <Model value="Assets\Effects\Terran\AutoTurretWeaponImpact\AutoTurretWeaponImpact.m3"/>
        <EditorCategories value="Race:Terran"/>
    </CModel>
    <CModel id="UmojanSentryGunAttackLaunch" parent="LaunchFX">
        <Model value="Assets\Effects\Terran\AutoTurretWeaponLaunch\AutoTurretWeaponLaunch.m3"/>
        <EditorCategories value="Race:Terran"/>
    </CModel>
    <CModel id="UmojanEnergyBarricadeBuild" parent="MissileTurretBuildBase">
        <Model value="Assets\Buildings\Umojan\Umojan_BuildSmall\Umojan_BuildSmall.m3"/>
    </CModel>
    <CModel id="UmojanBunkerUpgraded" parent="BunkerBase">
        <Model value="Assets\Buildings\Umojan\Bunker_Umojan_PerditionUpgrade\Bunker_Umojan_PerditionUpgrade.m3"/>
        <AttachProps Id="Ref_Center" RadiusShield="1.500000"/>
        <Lighting value="UmojanBunker"/>
    </CModel>
    <CModel id="UmojanBunkerPlacementUpgraded" parent="BunkerPlacementBase" low="Bunker">
        <Model value="Assets\Buildings\Terran\BunkerShrikePlacement\BunkerShrikePlacement.m3"/>
    </CModel>
    <CModel id="UmojanStasisFieldAttackChargeModel" parent="OneShotSpellFX">
        <Model value="Assets\Effects\Terran\YamatoMissileCharge\YamatoMissileCharge.m3"/>
        <EditorCategories value="Race:Terran"/>
    </CModel>
    <CModel id="UmojanStasisFieldAttackImpact" parent="ImpactFX">
        <Model value="Assets\Effects\Terran\YamatoMissileImpact\YamatoMissileImpact.m3"/>
        <EditorCategories value="Race:Terran"/>
        <ScaleMax value="0.750000,0.750000,0.750000"/>
        <ScaleMin value="0.750000,0.750000,0.750000"/>
    </CModel>
    <CModel id="UmojanBunkerBuild" parent="BunkerBuildBase">
        <Model value="Assets\Buildings\Umojan\Umojan_Build\Umojan_Build_B.m3"/>
    </CModel>
    <CModel id="UmojanDisruptionWebImpact" parent="RacePersistentSpellFX" Race="Protoss">
        <Model value="Assets\Effects\Protoss\Corsair_DisruptionWeb\Corsair_DisruptionWeb.m3"/>
        <EditorCategories value="Race:Terran"/>
    </CModel>
    <CModel id="UmojanScramblerTargetLockAttachment" parent="OneShotSpellFX">
        <Model value="Assets\Effects\Protoss\TargetLockImpact\TargetLockImpact.m3"/>
    </CModel>
    <CModel id="UmojanScramblerTargetLockAttachmentLarge" parent="OneShotSpellFX">
        <Model value="Assets\Effects\Protoss\TargetLockImpactLarge\TargetLockImpactLarge.m3"/>
    </CModel>
    <CModel id="UmojanScramblerTargetLockLaserBeam" parent="PersistentSpellFX">
        <Model value="Assets\Effects\Protoss\TargetLockBeam\TargetLockBeam.m3"/>
        <EditorCategories value="Race:Protoss"/>
    </CModel>
    <CModel id="UmojanFusionCoreBuild" parent="FusionCoreBuildBase">
        <Model value="Assets\Buildings\Umojan\Umojan_Build\Umojan_Build_B.m3"/>
    </CModel>
    <CModel id="UmojanShieldHealingBeam" parent="PersistentSpellFX">
        <Model value="Assets\Effects\Protoss\Sentry_HealingBeam\Sentry_HealingBeam.m3"/>
        <EditorCategories value="Race:Protoss"/>
    </CModel>
    <CModel id="UmojanHealingBeamImpact" parent="PersistentSpellFX">
        <Model value="Assets\Effects\Protoss\Sentry_HealingBeam_Impact\Sentry_HealingBeam_Impact.m3"/>
        <EditorCategories value="Race:Protoss"/>
    </CModel>
    <CModel id="UmojanFusionCore" parent="FusionCoreBase">
        <Model value="Assets\Buildings\Umojan\FusionCore_Umojan\FusionCore_Umojan.m3"/>
        <AttachProps Id="Ref_Center" RadiusShield="3.000000"/>
    </CModel>
    <CModel id="UmojanFusionCoreDeath" parent="FusionCoreDeathBase">
        <Model value="Assets\Buildings\Umojan\FusionCore_Umojan_Death\FusionCore_Umojan_Death.m3"/>
    </CModel>
    <CModel id="UmojanRefineryHigh" parent="RefineryBase">
        <Model value="Assets\Buildings\Umojan\Refinery_Umojan_HighYield\Refinery_Umojan_HighYield.m3"/>
        <AttachProps Id="Ref_Center" RadiusShield="2.000000"/>
    </CModel>
    <CModel id="UmojanRefineryBuild" parent="RefineryBuildBase">
        <Model value="Assets\Buildings\Terran\RefineryBuild\RefineryBuild.m3"/>
    </CModel>
    <CModel id="UmojanRefinery" parent="RefineryBase">
        <Model value="Assets\Buildings\Umojan\Refinery_Umojan\Refinery_Umojan.m3"/>
        <AttachProps Id="Ref_Center" RadiusShield="2.000000"/>
    </CModel>
    <CModel id="UmojanRefineryDeath" parent="RefineryDeathBase">
        <Model value="Assets\Buildings\Umojan\Refinery_Umojan_Death\Refinery_Umojan_Death.m3"/>
    </CModel>
    <CModel id="UmojanRefineryDeathHigh" parent="RefineryDeathBase">
        <Model value="Assets\Buildings\Umojan\Refinery_Umojan_HighYield_Death\Refinery_Umojan_HighYield_Death.m3"/>
    </CModel>
    <CModel id="UmojanRefineryEmptyDeath" parent="RefineryEmptyDeathBase">
        <Model value="Assets\Buildings\Umojan\Refinery_Umojan_Empty_Death\Refinery_Umojan_Empty_Death.m3"/>
    </CModel>
    <CModel id="UmojanScienceFacility" parent="Building">
        <Model value="Assets\Buildings\Terran\ScienceFacility\ScienceFacility.m3"/>
        <AttachProps Id="Ref_Center" RadiusShield="2.000000"/>
        <EditorCategories value="Race:Terran"/>
        <Radius value="1.700000"/>
        <ScaleMax value="0.850000,0.850000,0.850000"/>
        <ScaleMin value="0.850000,0.850000,0.850000"/>
        <SelectionLayer value="2"/>
        <SelectionRadius value="2.234600"/>
        <ShadowRadius value="2.234600"/>
    </CModel>
    <CModel id="UmojanScienceFacilityDeath" parent="BuildingDeath">
        <Model value="Assets\Buildings\Terran\ScienceFacilityDeath\ScienceFacilityDeath.m3"/>
        <EditorCategories value="Race:Terran"/>
    </CModel>
    <CModel id="UmojanScienceFacilityDeathLow" parent="TerranLargeBuildingDeathLow"/>
    <CModel id="UmojanArmoryBuild" parent="ArmoryBuildBase">
        <Model value="Assets\Buildings\Umojan\Umojan_Build\Umojan_Build_B.m3"/>
    </CModel>
    <CModel id="UmojanScienceFacilityBaseBuild" parent="EngineeringBayBuildBase">
        <Model value="Assets\Buildings\Umojan\Umojan_Build\Umojan_Build_B.m3"/>
        <ScaleMax value="1.000000,1.000000,1.300000"/>
        <ScaleMin value="1.000000,1.000000,1.300000"/>
    </CModel>
    <CModel id="UmojanGhostAcademyBuild" parent="GhostAcademyBuildBase">
        <Model value="Assets\Buildings\Umojan\Umojan_Build\Umojan_Build_B.m3"/>
    </CModel>
    <CModel id="UmojanGhostAcademy" parent="GhostAcademyBase">
        <Model value="Assets\Buildings\Umojan\GhostAcademy_Umojan\GhostAcademy_Umojan.m3"/>
        <AttachProps Id="Ref_Center" RadiusShield="2.000000"/>
    </CModel>
    <CModel id="UmojanGhostAcademyDeath" parent="GhostAcademyDeathBase">
        <Model value="Assets\Buildings\Umojan\GhostAcademy_Umojan_Death\GhostAcademy_Umojan_Death.m3"/>
    </CModel>
    <CModel id="UmojanBarracksWarpSignature" parent="BarracksPlacementBase" low="UmojanFactory">
        <Model value="Assets\Buildings\Terran\BarracksPlacement\BarracksPlacement.m3"/>
        <AttachProps RadiusShield="3.000000"/>
        <Flags index="FOW" value="1"/>
        <Radius value="1.700000"/>
        <SelectionLayer value="2"/>
        <SelectionRadius value="2.234600"/>
        <ShadowRadius value="2.234600"/>
        <SquibTypeDefault value="Shield"/>
    </CModel>
    <CModel id="UmojanStarportBuild" parent="StarportBuildBase">
        <Model value="Assets\Buildings\Umojan\Umojan_Build\Umojan_Build_B.m3"/>
    </CModel>
    <CModel id="UmojanStarport" parent="StarportBase">
        <Model value="Assets\Buildings\Umojan\Starport_Umojan\Starport_Umojan.m3"/>
    </CModel>
    <CModel id="UmojanStarportDeath" parent="StarportDeathBase">
        <Model value="Assets\Buildings\Umojan\Starport_Umojan_Death\Starport_Umojan_Death.m3"/>
    </CModel>
    <CModel id="UmojanStarportWarpSignature" parent="StarportPlacementBase" low="UmojanStarport">
        <Model value="Assets\Buildings\Terran\StarportPlacement\StarportPlacement.m3"/>
        <AttachProps RadiusShield="3.000000"/>
        <Flags index="FOW" value="1"/>
        <Radius value="1.600000"/>
        <SelectionLayer value="2"/>
        <SelectionRadius value="2.374700"/>
        <ShadowRadius value="2.374700"/>
        <SquibTypeDefault value="Shield"/>
    </CModel>
    <CModel id="UmojanEngineeringBayBuild" parent="EngineeringBayBuildBase">
        <Model value="Assets\Buildings\Umojan\Umojan_Build\Umojan_Build_B.m3"/>
    </CModel>
    <CModel id="UmojanFactoryBuild" parent="FactoryBuildBase">
        <Model value="Assets\Buildings\Umojan\Umojan_Build\Umojan_Build_B.m3"/>
    </CModel>
    <CModel id="UmojanFactory" parent="FactoryBase">
        <Model value="Assets\Buildings\Umojan\Factory_Umojan\Factory_Umojan.m3"/>
        <AttachProps Id="Ref_Center" RadiusShield="2.000000"/>
    </CModel>
    <CModel id="UmojanFactoryDeath" parent="FactoryDeathBase">
        <Model value="Assets\Buildings\Umojan\Factory_Umojan_Death\Factory_Umojan_Death.m3"/>
    </CModel>
    <CModel id="UmojanFactoryWarpSignature" parent="FactoryPlacementBase" low="UmojanFactory">
        <Model value="Assets\Buildings\Terran\FactoryPlacement\FactoryPlacement.m3"/>
        <AttachProps RadiusShield="3.000000"/>
        <Flags index="FOW" value="1"/>
        <Radius value="1.600000"/>
        <SelectionLayer value="2"/>
        <SelectionRadius value="2.234600"/>
        <ShadowRadius value="2.234600"/>
        <SquibTypeDefault value="Shield"/>
    </CModel>
    <CModel id="UmojanEnergyBarricade" parent="TerranBuildingBuildTiny">
        <Model value="Assets\Doodads\UmojanLabHoloProjector\UmojanLabHoloProjector.m3"/>
        <AttachProps Id="Ref_Center" RadiusShield="1.000000"/>
        <ScaleMax value="0.600000,0.600000,0.600000"/>
        <ScaleMin value="0.600000,0.600000,0.600000"/>
        <SquibTypeDefault value="Metal"/>
        <Tipability value="0.250000"/>
    </CModel>
    <CModel id="UmojanEnergyBarricadeDeath" parent="TerranBuildingBuildTiny" low="TerranBuildingDeathLow">
        <Model value="Assets\Doodads\UmojanLabHoloProjectorDeath\UmojanLabHoloProjectorDeath.m3"/>
        <LowQualityModel value="TerranBuildingDeathLow"/>
        <Events>
            <Anim value="Death,00"/>
            <Name value="TerranPreExplosionSmall"/>
            <Type value="Sound"/>
            <Time value="0.010000"/>
        </Events>
        <Events>
            <Anim value="Death,00"/>
            <Name value="TerranExplosionMedium"/>
            <Type value="Sound"/>
            <Time value="0.966000"/>
        </Events>
        <Events>
            <Anim value="Death,01"/>
            <Name value="TerranExplosionMedium"/>
            <Type value="Sound"/>
            <Time value="0.010000"/>
        </Events>
        <Events>
            <Anim value="Death,02"/>
            <Name value="TerranExplosionMedium"/>
            <Type value="Sound"/>
            <Time value="0.010000"/>
        </Events>
        <ScaleMax value="0.600000,0.600000,0.600000"/>
        <ScaleMin value="0.600000,0.600000,0.600000"/>
        <SelectionLayer value="0"/>
    </CModel>
    <CModel id="UmojanEnergyBarricadePlacement" parent="TerranBuildingBuildTiny" low="SupplyDepot">
        <Model value="Assets\Buildings\Terran\DefensiveMatrixGridPlacement\DefensiveMatrixGridPlacement.m3"/>
        <LowQualityModel value="SupplyDepot"/>
        <Flags index="FOW" value="0"/>
        <SelectionLayer value="0"/>
        <SelectionRadius value="0.000000"/>
        <ShadowRadius value="0.000000"/>
    </CModel>
    <CModel id="UmojanThunderbirdDeath" parent="UnitDeath" Race="Protoss">
        <Model value="Assets\Units\Terran\HornerHan_StrikeFighter_Death\HornerHan_StrikeFighter_Death_00.m3"/>
        <LowQualityModel value="ProtossSmallUnitDeathLow"/>
        <EditorCategories value="Race:Terran"/>
        <Occlusion value="Show"/>
        <Radius value="0.250000"/>
        <SelectionRadius value="0.588100"/>
        <ShadowRadius value="0.588100"/>
    </CModel>
    <CModel id="UmojanWarpEffect" parent="Building" Race="Protoss">
        <Model value="Assets\Buildings\Protoss\ProtossBuild\ProtossBuild.m3"/>
        <LowQualityModel value="ProtossBuildingBirthLow"/>
        <AnimSpeed value="2.000000"/>
        <EditorCategories value="Race:Terran"/>
        <Radius value="1.000000"/>
        <SelectionLayer value="2"/>
        <SelectionRadius value="1.000000"/>
        <ShadowRadius value="1.000000"/>
    </CModel>
    <CModel id="UmojanWarpIn" parent="OneShotSpellFX">
        <Model value="Assets\Effects\Protoss\Protoss_Generic_WarpIn_MP\Protoss_Generic_WarpIn_MP.m3"/>
        <EditorCategories value="Race:Terran"/>
        <Occlusion value="Show"/>
    </CModel>
    <CModel id="UmojanCommandCenterWarpSignature" parent="CommandCenterPlacementBase" low="CommandCenter">
        <Model value="Assets\Buildings\Terran\CommandCenterPlacement\CommandCenterPlacement.m3"/>
        <AttachProps RadiusShield="3.000000"/>
        <Flags index="FOW" value="1"/>
        <Radius value="2.000000"/>
        <SelectionLayer value="2"/>
        <SelectionRadius value="3.125000"/>
        <ShadowRadius value="3.125000"/>
        <SquibTypeDefault value="Shield"/>
        <TechPurchaseCamera value="TechPurchaseCommandCenter"/>
        <UnitGlossaryCamera value="Star2CameraHigher16"/>
    </CModel>
    <CModel id="UmojanAATurretBuild" parent="MissileTurretBuildBase">
        <Model value="Assets\Buildings\Umojan\Umojan_BuildSmall\Umojan_BuildSmall.m3"/>
    </CModel>
    <CModel id="UmojanAATurret" parent="MissileTurretBase">
        <Model value="Assets\Buildings\Umojan\MissileTurret_Umojan\MissileTurret_Umojan.m3"/>
        <AttachProps Id="Ref_Center" RadiusShield="1.000000"/>
    </CModel>
    <CModel id="UmojanAATurretDeath" parent="MissileTurretDeathBase">
        <Model value="Assets\Buildings\Umojan\MissileTurret_Umojan_Death\MissileTurret_Umojan_Death.m3"/>
    </CModel>
    <CModel id="UmojanBattleTankAttackImpact" parent="ImpactFX">
        <Model value="Assets\Effects\Terran\TankWeaponImpact\TankWeaponImpact.m3"/>
        <LowQualityModel value="SiegeTankAttackImpactLow"/>
        <EditorCategories value="Race:Terran"/>
    </CModel>
    <CModel id="UmojanBattleTankAttackLaunch" parent="LaunchFX">
        <Model value="Assets\Effects\Terran\TankWeaponLaunch\TankWeaponLaunch.m3"/>
        <LowQualityModel value="SiegeTankAttackLaunchLow"/>
        <EditorCategories value="Race:Terran"/>
    </CModel>
    <CModel id="UmojanCommandCenterBuild" parent="CommandCenterBuildBase">
        <Model value="Assets\Buildings\Umojan\Umojan_Build\Umojan_Build_B.m3"/>
    </CModel>
    <CModel id="UmojanSupplyCacheBuild" parent="SupplyDepotBuildBase">
        <Model value="Assets\Buildings\Umojan\Umojan_Build\Umojan_Build_B.m3"/>
    </CModel>
    <CModel id="UmojanBarracksBuild" parent="BarracksBuildBase">
        <Model value="Assets\Buildings\Umojan\Umojan_Build\Umojan_Build_B.m3"/>
    </CModel>
    <CModel id="UmojanATAPlasmaBatteryLMWeapon" parent="MissileFX">
        <Model value="Assets\Effects\Protoss\AdeptSoulMissile\AdeptSoulMissile.m3"/>
        <EditorCategories value="Race:Terran"/>
    </CModel>
    <CModel id="UmojanATSPlasmaBatteryLMWeapon" parent="MissileFX">
        <Model value="Assets\Effects\Protoss\AdeptSoulMissile\AdeptSoulMissile.m3"/>
        <EditorCategories value="Race:Terran"/>
    </CModel>
    <CModel id="UmojanBattleshipAirAttackImpact" parent="ImpactFX">
        <Model value="Assets\Effects\Protoss\DragoonEX2_Missile_Impact\DragoonEX2_Missile_Impact.m3"/>
        <EditorCategories value="Race:Terran"/>
    </CModel>
    <CModel id="UmojanBattleshipGroundAttackImpact" parent="ImpactFX">
        <Model value="Assets\Effects\Protoss\DragoonEX2_Missile_Impact\DragoonEX2_Missile_Impact.m3"/>
        <EditorCategories value="Race:Terran"/>
        <Lighting value="BattlecruiserAirAttackImpact"/>
    </CModel>
    <CModel id="UmojanHowlerAirstrikeImpact" parent="RaceImpactFX" Race="Terran">
        <Model value="Assets\Effects\Terran\Banshee_Airstrike_Impact\Banshee_Airstrike_Impact.m3"/>
    </CModel>
    <CModel id="UmojanHowlerAirstrikeMissile" parent="RaceMissileFX" Race="Terran">
        <Model value="Assets\Effects\Terran\MissilePodMissile\MissilePodMissile.m3"/>
    </CModel>
    <CModel id="Hellion_Umojan">
        <AttachProps Id="Ref_Center" RadiusShield="0.800000"/>
    </CModel>
    <CModel id="Reaper_Umojan">
        <AttachProps Id="Ref_Center" RadiusShield="0.700000"/>
    </CModel>
    <CModel id="SCV_Umojan">
        <AttachProps Id="Ref_Center" RadiusShield="0.400000"/>
    </CModel>
    <CModel id="SiegeTank_Umojan_Morph">
        <AttachProps Id="Ref_Hardpoint">
            <Keys index="Turret" value="0"/>
        </AttachProps>
        <AttachProps Id="Ref_Center" RadiusShield="1.500000"/>
    </CModel>
    <CModel id="UmojanSupplyCachePlacement" parent="SupplyDepotPlacementBase" low="SupplyDepot">
        <Model value="Assets\Buildings\Terran\SupplyDepotPlacement\SupplyDepotPlacement.m3"/>
    </CModel>
    <CModel id="UmojanEnergyGenerator" parent="SupplyDepotBase">
        <Model value="Assets\Buildings\Terran\UmojanLabGenerator\UmojanLabGenerator.m3"/>
        <AttachProps Id="Ref_Center" RadiusShield="1.000000"/>
    </CModel>
    <CModel id="UmojanEnergyGeneratorDeath" parent="SupplyDepotDeathBase">
        <Model value="Assets\Buildings\Terran\UmojanLabGeneratorDeath\UmojanLabGeneratorDeath.m3"/>
    </CModel>
    <CModel id="UmojanSupplyCacheLowered" parent="SupplyDepotBase">
        <Model value="Assets\Buildings\Umojan\SupplyDepot_Umojan\SupplyDepot_Umojan.m3"/>
        <AttachProps Id="Ref_Center" RadiusShield="1.000000"/>
    </CModel>
    <CModel id="UmojanSupplyCacheLoweredDeath" parent="SupplyDepotLoweredDeathBase">
        <Model value="Assets\Buildings\Umojan\SupplyDepot_Umojan_Lowered_Death_00\SupplyDepot_Umojan_Lowered_Death_00.m3"/>
    </CModel>
    <CModel id="UmojanSupplyCache" parent="SupplyDepotBase">
        <Model value="Assets\Buildings\Umojan\SupplyDepot_Umojan\SupplyDepot_Umojan.m3"/>
        <AttachProps Id="Ref_Center" RadiusShield="1.000000"/>
    </CModel>
    <CModel id="UmojanSupplyCacheDeath" parent="SupplyDepotDeathBase">
        <Model value="Assets\Buildings\Umojan\SupplyDepot_Umojan_Death\SupplyDepot_Umojan_Death.m3"/>
    </CModel>
    <CModel id="UmojanSpySatellite" parent="ProbeBase" Prefix="Buildings\" COOP="Stetmann" Race="Zerg">
        <Model value="Assets\COOP\Stetmann\Buildings\PowerSatellite_Stetmann_COOP\PowerSatellite_Stetmann_COOP.m3"/>
        <AnimAliases Anim="Stand" Alias="Stand,A"/>
        <AnimAliases Anim="Stand" Alias="Stand,B"/>
        <AnimAliases Anim="Stand" Alias="Stand,C"/>
        <AttachProps index="0" Id="Ref_Center" RadiusShield="0.700000">
            <Keys index="Work" value="-128"/>
        </AttachProps>
        <EditorCategories value="Race:Terran"/>
        <Events>
            <Anim value="Stand,Work,Start,A,01"/>
            <Name value="PowerTowerStetmann_Activate"/>
            <Type value="Sound"/>
            <Time value="0.011000"/>
            <Payload value="PowerTowerStetmann_Activate"/>
        </Events>
        <Events>
            <Anim value="Stand,Work,Start,A,01"/>
            <Name value="PowerTowerStetmann_Activate_Vx"/>
            <Type value="Sound"/>
            <Time value="0.193000"/>
            <Payload value="PowerTowerStetmann_Activate_Vx"/>
        </Events>
        <Events>
            <Anim value="Stand,Work,Start,B,00"/>
            <Name value="PowerTowerStetmann_Activate"/>
            <Type value="Sound"/>
            <Time value="0.228000"/>
            <Payload value="PowerTowerStetmann_Activate"/>
        </Events>
        <Events>
            <Anim value="Stand,Work,Start,B,00"/>
            <Name value="PowerTowerStetmann_Activate_Vx"/>
            <Type value="Sound"/>
            <Time value="0.193000"/>
            <Payload value="PowerTowerStetmann_Activate_Vx"/>
        </Events>
        <Events>
            <Anim value="Birth,00"/>
            <Name value="PowerTowerStetmann_Activate_Vx"/>
            <Type value="Sound"/>
            <Time value="1.476000"/>
            <Payload value="PowerTowerStetmann_Activate_Vx"/>
        </Events>
        <Events>
            <Anim value="Stand,Work,End,A,01"/>
            <Name value="PowerTowerStetmann_Deactivate"/>
            <Type value="Sound"/>
            <Time value="0.065000"/>
            <Payload value="PowerTowerStetmann_Deactivate"/>
        </Events>
        <Events>
            <Anim value="Stand,Work,End,B,00"/>
            <Name value="PowerTowerStetmann_Deactivate"/>
            <Type value="Sound"/>
            <Time value="0.590000"/>
            <Payload value="PowerTowerStetmann_Deactivate"/>
        </Events>
        <Events>
            <Anim value="Stand,Work,End,B,00"/>
            <Name value="PowerTowerStetmann_Deactivate_Vx"/>
            <Type value="Sound"/>
            <Time value="0.759000"/>
            <Payload value="PowerTowerStetmann_Deactivate_Vx"/>
        </Events>
        <Events>
            <Anim value="Stand,Work,Start,C,00"/>
            <Name value="PowerTowerStetmann_Activate"/>
            <Type value="Sound"/>
            <Time value="0.341000"/>
            <Payload value="PowerTowerStetmann_Activate"/>
        </Events>
        <Events>
            <Anim value="Stand,Work,Start,C,00"/>
            <Name value="PowerTowerStetmann_Activate_Vx"/>
            <Type value="Sound"/>
            <Time value="0.255000"/>
            <Payload value="PowerTowerStetmann_Activate_Vx"/>
        </Events>
        <Events>
            <Anim value="Stand,Work,End,C,00"/>
            <Name value="PowerTowerStetmann_Deactivate"/>
            <Type value="Sound"/>
            <Time value="0.595000"/>
            <Payload value="PowerTowerStetmann_Deactivate"/>
        </Events>
        <Events>
            <Anim value="Stand,Work,End,C,00"/>
            <Name value="PowerTowerStetmann_Deactivate_Vx"/>
            <Type value="Sound"/>
            <Time value="0.737000"/>
            <Payload value="PowerTowerStetmann_Deactivate_Vx"/>
        </Events>
        <Events>
            <Anim value="Birth"/>
            <Type value="Sound"/>
            <Attachment value="Ref_Center"/>
            <Payload value="PowerTowerStetmann_FlyIn"/>
        </Events>
        <Occlusion value="None"/>
        <PlanetPanelCamera value="Star2CameraLow14"/>
        <Radius value="0.500000"/>
        <ScaleMax value="0.700000,0.700000,0.700000"/>
        <ScaleMin value="0.700000,0.700000,0.700000"/>
        <SelectionRadius value="0.700000"/>
        <ShadowRadius value="0.700000"/>
        <TechPurchaseCamera value="TechPurchaseBunker"/>
        <UnitGlossaryCamera value="Star2CameraLow14"/>
    </CModel>
    <CModel id="UmojanSpySatelliteDeath" parent="BuildingDeath_COOP" Prefix="Units\" COOP="Stetmann" Race="Zerg" low="">
        <Model value="Assets\COOP\Stetmann\Buildings\PowerSatellite_Stetmann_COOP_Death\PowerSatellite_Stetmann_COOP_Death.m3"/>
        <LowQualityModel value="TerranLargeBuildingDeathLowAndSound"/>
        <EditorCategories value="Race:Terran"/>
    </CModel>
    <CModel id="UmojanRailweaponBeam" parent="PersistentSpellFX">
        <Model value="Assets\Effects\Protoss\InterceptorMissile\InterceptorMissile.m3"/>
        <LowQualityModel value="InterceptorAttackBeam"/>
        <EditorCategories value="Race:Terran"/>
        <AnimSpeed value="2.500000"/>
    </CModel>
    <CModel id="UmojanEngineeringBay" parent="EngineeringBayBase">
        <Model value="Assets\Buildings\Umojan\EngineeringBay_Umojan\EngineeringBay_Umojan.m3"/>
        <AttachProps Id="Ref_Center" RadiusShield="3.000000"/>
    </CModel>
    <CModel id="UmojanEngineeringBayDeath" parent="EngineeringBayDeathBase">
        <Model value="Assets\Buildings\Umojan\EngineeringBay_Umojan_Death\EngineeringBay_Umojan_Death.m3"/>
    </CModel>
    <CModel id="UmojanCommandCenter" parent="CommandCenterBase">
        <Model value="Assets\Buildings\Umojan\CommandCenter_Umojan\CommandCenter_Umojan.m3"/>
        <AttachProps Id="Ref_Center" RadiusShield="2.500000"/>
    </CModel>
    <CModel id="UmojanStrikeMine" parent="Unit" Race="Terran">
        <Model value="Assets\Units\Terran\SpiderMine\SpiderMine.m3"/>
        <Occlusion value="Show"/>
        <PlanetPanelCamera value="Star2CameraLow02"/>
        <Radius value="0.250000"/>
        <SelectionLayer value="3"/>
        <SelectionRadius value="0.250000"/>
        <ShadowRadius value="0.250000"/>
        <TechPurchaseCamera value="Star2CameraLow02"/>
        <UnitGlossaryCamera value="Star2CameraLow02"/>
        <AttachProps Id="Ref_Center" RadiusShield="0.200000"/>
    </CModel>
    <CModel id="UmojanStrikeMineAttackImpact" parent="OneShotSpellFX">
        <Model value="Assets\Effects\Terran\TerranSmallUnitDeath\TerranSmallUnitDeath.m3"/>
        <EditorCategories value="Race:Terran"/>
    </CModel>
    <CModel id="UmojanStrikeMineExplosion" parent="OneShotSpellFX">
        <Model value="Assets\Effects\Terran\TerranSmallUnitDeath\TerranSmallUnitDeath.m3"/>
        <LowQualityModel value="UmojanStrikeMineExplosionLow"/>
        <EditorCategories value="Race:Terran"/>
        <Occlusion value="Show"/>
        <ScaleMax value="0.250000,0.250000,0.250000"/>
        <ScaleMin value="0.250000,0.250000,0.250000"/>
        <SelectionRadius value="2.000000"/>
        <ShadowRadius value="2.000000"/>
    </CModel>
    <CModel id="UmojanStrikeMineExplosionLow" parent="OneShotSpellFX">
        <Model value="Assets\Effects\Terran\SpiderMineExplosion\SpiderMineExplosion_Low.m3"/>
        <EditorCategories value="Race:Terran"/>
        <Occlusion value="Show"/>
        <ScaleMax value="0.250000,0.250000,0.250000"/>
        <ScaleMin value="0.250000,0.250000,0.250000"/>
        <SelectionRadius value="2.000000"/>
        <ShadowRadius value="2.000000"/>
    </CModel>
    <CModel id="UmojanStrikeMinePlacement" parent="Placement" Race="Terran">
        <Model value="Assets\Effects\Terran\SpiderMinePlacement\SpiderMinePlacement.m3"/>
        <LowQualityModel value="UmojanStrikeMine"/>
        <SelectionRadius value="0.250000"/>
        <ShadowRadius value="0.250000"/>
    </CModel>
    <CModel id="UmojanStrikeMineReleaseImpact" parent="ImpactFX">
        <Model value="Assets\Effects\Terran\ReaperJumpLandDown\ReaperJumpLandDown.m3"/>
        <EditorCategories value="Race:Terran"/>
    </CModel>
    <CModel id="UmojanStrikeMineWeapon" parent="MissileFX">
        <Model value="Assets\Effects\Terran\SpiderMinePodMissile\SpiderMinePodMissile.m3"/>
        <EditorCategories value="Race:Terran"/>
    </CModel>
    <CModel id="UmojanWarpOut" parent="OneShotSpellFX">
        <Model value="Assets\Effects\Protoss\Protoss_Generic_WarpOut_MP\Protoss_Generic_WarpOut_MP.m3"/>
        <EditorCategories value="Race:Terran"/>
        <Occlusion value="Show"/>
    </CModel>
    <CModel id="UmojanVultureSpiderMineAttackImpact" parent="ImpactFX">
        <Model value="Assets\Effects\Terran\TerranSmallUnitDeath\TerranSmallUnitDeath.m3"/>
        <EditorCategories value="Race:Terran"/>
        <Lighting value="SpiderMineAttackImpact"/>
    </CModel>
    <CModel id="UmojanCommandCenterDeath" parent="CommandCenterDeathBase" low="UmojanCommandCenterDeathLow">
        <Model value="Assets\Buildings\Umojan\CommandCenter_Umojan_Death\CommandCenter_Umojan_Death.m3"/>
        <Events>
            <Anim value="Death,00"/>
            <Name value="TerranPreExplosionSmall"/>
            <Type value="Sound"/>
            <Time value="0.070000"/>
        </Events>
        <Events>
            <Anim value="Death,00"/>
            <Name value="TerranPreExplosionSmall"/>
            <Type value="Sound"/>
            <Time value="0.230000"/>
        </Events>
        <Events>
            <Anim value="Death,00"/>
            <Name value="TerranPreExplosionSmall"/>
            <Type value="Sound"/>
            <Time value="0.510000"/>
        </Events>
        <Events>
            <Anim value="Death,00"/>
            <Name value="TerranPreExplosionSmall"/>
            <Type value="Sound"/>
            <Time value="0.800000"/>
        </Events>
        <Events>
            <Anim value="Death,00"/>
            <Name value="TerranExplosionLarge"/>
            <Type value="Sound"/>
            <Time value="1.630000"/>
        </Events>
    </CModel>
    <CModel id="UmojanCommandCenterDeathLow" parent="BuildingDeath" Race="Terran">
        <Model value="Assets\Effects\Terran\TerranLargeBuildingDeath\TerranLargeBuildingDeath_Low.m3"/>
        <Events>
            <Anim value="Death,00"/>
            <Name value="TerranExplosionLarge"/>
            <Type value="Sound"/>
            <Time value="0.010000"/>
        </Events>
        <Lighting value="TerranLargeBuildingDeathLow"/>
        <SelectionRadius value="0.250000"/>
        <ShadowRadius value="0.250000"/>
    </CModel>
    <CModel id="UmojanBunker" parent="BunkerBase">
        <Model value="Assets\Buildings\Umojan\Bunker_Umojan\Bunker_Umojan.m3"/>
        <AttachProps Id="Ref_Center" RadiusShield="1.500000"/>
    </CModel>
    <CModel id="UmojanBunkerDeath" parent="BunkerDeathBase">
        <Model value="Assets\Buildings\Umojan\Bunker_Umojan_Upgrade_Death\Bunker_Umojan_Upgrade_Death.m3"/>
    </CModel>
    <CModel id="UmojanBunkerDeathEmpty" parent="BunkerEmptyDeathBase">
        <Model value="Assets\Buildings\Umojan\Bunker_Umojan_Upgrade_Empty_Death\Bunker_Umojan_Upgrade_Empty_Death.m3"/>
    </CModel>
    <CModel id="UmojanBunkerUpgradeDeath" parent="BunkerUpgradeDeathBase">
        <Model value="Assets\Buildings\Umojan\Bunker_Umojan_PerditionUpgrade_Death\Bunker_Umojan_PerditionUpgrade_Death.m3"/>
    </CModel>
    <CModel id="UmojanAdjutantPortrait" parent="TerranBuildingPortraitBase">
        <Model value="Assets\Buildings\Umojan\Adjutant_Umojan_Portrait\Adjutant_Umojan_Portrait.m3"/>
        <Image value="Assets\Textures\Adjutant_Umojan_Portrait_Static.dds"/>
        <Lighting value="AdjutantPortrait"/>
    </CModel>
    <CModel id="UmojanBarracks" parent="BarracksBase">
        <Model value="Assets\Buildings\Umojan\Barracks_Umojan\Barracks_Umojan.m3"/>
        <AttachProps Id="Ref_Center" RadiusShield="3.000000"/>
    </CModel>
    <CModel id="UmojanBarracksDeath" parent="BarracksDeathBase">
        <Model value="Assets\Buildings\Umojan\Barracks_Umojan_Death\Barracks_Umojan_Death.m3"/>
    </CModel>
    <CModel id="UmojanArmoryDeath" parent="ArmoryDeathBase">
        <Model value="Assets\Buildings\Umojan\Armory_Umojan_Death\Armory_Umojan_Death.m3"/>
    </CModel>
    <CModel id="UmojanArmory" parent="ArmoryBase">
        <Model value="Assets\Buildings\Umojan\Armory_Umojan\Armory_Umojan.m3"/>
        <AttachProps Id="Ref_Center" RadiusShield="3.000000"/>
    </CModel>
    <CModel id="Banshee_Umojan">
        <AttachProps Id="Ref_Center" RadiusShield="1.300000"/>
    </CModel>
    <CModel id="Ghost_Umojan">
        <AttachProps Id="Ref_Center" RadiusShield="0.600000"/>
    </CModel>
    <CModel id="Medivac_Umojan">
        <AttachProps Id="Ref_Center" RadiusShield="1.500000"/>
    </CModel>
    <CModel id="Raven_Umojan">
        <AttachProps Id="Ref_Center" RadiusShield="1.000000"/>
    </CModel>
    <CModel id="SiegeTank_Umojan">
        <AttachProps Id="Ref_Center" RadiusShield="1.500000"/>
    </CModel>
    <CModel id="SiegeTank_Umojan_Sieged">
        <AttachProps Id="Ref_Center" RadiusShield="1.500000"/>
    </CModel>
    <CModel id="UmojanFrenrir" parent="ThorBase">
        <Model value="Assets\Units\Terran\Thor_Umojan\Thor_Umojan.m3"/>
        <AttachProps Id="Ref_Center" RadiusShield="3.000000"/>
        <ScaleMax value="0.850000,0.850000,0.850000"/>
        <ScaleMin value="0.850000,0.850000,0.850000"/>
    </CModel>
    <CModel id="UmojanPlasmabatCorrosiveBlastImpact" parent="RaceImpactFX" Race="Terran">
        <Model value="Assets\Effects\Protoss\PlasmaFlashSmall\PlasmaFlashSmall.m3"/>
    </CModel>
    <CModel id="UmojanPlasmabatCorrosiveBlastLaunch" parent="WizLaunchFX">
        <Model value="Assets\Effects\Protoss\PlasmaFlashSmall\PlasmaFlashSmall.m3"/>
        <EditorCategories value="Race:Terran"/>
    </CModel>
    <CModel id="UmojanPlasmabatCorrosiveBlastLaunchMissile" parent="MissileFX">
        <Model value="Assets\Effects\Zerg\HybridPlasmaMissile\HybridPlasmaMissile.m3"/>
        <EditorCategories value="Race:Terran"/>
        <Events>
            <Anim value="Stand,00"/>
            <Name value="Marauder_Magrail_Launch_Missile"/>
            <Type value="Sound"/>
            <Time value="0.013000"/>
            <Payload value="Marauder_Magrail_Launch_Missile"/>
        </Events>
    </CModel>
    <CModel id="UmojanPlasmabat" parent="Unit" Race="Terran">
        <Model value="Assets\Units\Umojan\Umojan_Firebat\Firebat_Umojan.m3"/>
        <AttachProps Id="Ref_Center" RadiusShield="1.000000"/>
        <Occlusion value="Show"/>
        <PlanetPanelCamera value="Star2CameraMid04"/>
        <TechPurchaseCamera value="TechPurchaseInfantry"/>
        <UnitGlossaryCamera value="Star2CameraMid04"/>
    </CModel>
    <CModel id="UmojanPlasmabatAttackLaunch" parent="LaunchFX">
        <Model value="Assets\Effects\Terran\FirebatLaunch\FirebatLaunch.m3"/>
        <EditorCategories value="Race:Terran"/>
        <ScaleMax value="1.000000,2.000000,1.000000"/>
        <ScaleMin value="1.000000,2.000000,1.000000"/>
    </CModel>
    <CModel id="UmojanPlasmabatBunkerAttackLaunch" parent="LaunchFX">
        <Model value="Assets\Effects\Terran\FirebatLaunch\FirebatLaunch.m3"/>
        <EditorCategories value="Race:Terran"/>
        <ScaleMax value="1.000000,3.000000,1.000000"/>
        <ScaleMin value="1.000000,3.000000,1.000000"/>
    </CModel>
    <CModel id="UmojanPlasmabatDeath" parent="UnitDeath" Race="Terran">
        <Model value="Assets\Units\Terran\FirebatDeath\FirebatDeath.m3"/>
        <LowQualityModel value="TerranSmallUnitDeathLow"/>
        <Occlusion value="Show"/>
    </CModel>
    <CModel id="UmojanPortraitPlasmabat" parent="FXAPortrait" Race="Terran">
        <Model value="Assets\Units\Umojan\Umojan_Firebat\Firebat_Umojan_Portrait.m3"/>
        <FacialController value="LocalizedData\Facial\FirebatPortrait.fxa"/>
        <Flags index="Download" value="1"/>
        <Image value="Assets\Textures\Firebat_Umojan_Portrait_Static.dds"/>
        <Lighting value="FirebatPortrait"/>
    </CModel>
    <CModel id="UmojanImpactModelPlasma" parent="ImpactFX">
        <Model value="Assets\Effects\Protoss\PlasmaFlashSmall\PlasmaFlashSmall.m3"/>
        <EditorCategories value="Race:Terran"/>
    </CModel>
    <CModel id="Battlecruiser_Umojan">
        <AttachProps Id="Ref_Center" RadiusShield="3.000000"/>
    </CModel>
    <CModel id="UmojanSentry" parent="Unit" Race="Terran">
        <Model value="Assets\Units\Umojan\SentryTank\SentryTank_Blue.m3"/>
        <RequiredAnims value="Assets\Units\Protoss\Sentry_SwarmAnims\Sentry_SwarmAnims.m3a"/>
        <Occlusion value="Show"/>
        <PlanetPanelCamera value="Star2CameraMid06"/>
        <ScaleMax value="0.600000,0.600000,0.600000"/>
        <ScaleMin value="0.600000,0.600000,0.600000"/>
        <SelectionRadius value="0.733000"/>
        <ShadowRadius value="0.533000"/>
        <SquibTypeDefault value="Metal"/>
        <TechPurchaseCamera value="Star2CameraMid06"/>
        <Tipability value="0.750000"/>
        <TipabilityLength value="0.500000"/>
        <TipabilityWidth value="0.500000"/>
        <UnitGlossaryCamera value="Star2CameraMid06"/>
    </CModel>
    <CModel id="UmojanPortraitSentry" parent="SentryPortraitBase">
        <Model value="Assets\Units\Umojan\SentryTank\SentryTank_PortraitBlue3.m3"/>
        <EditorCategories value="Race:Terran"/>
        <Image value="Assets\Textures\SentryTank_blue_Portrait_Static.dds"/>
        <Lighting value="Marine_Umojan_Portrait"/>
    </CModel>
    <CModel id="Viking_Umojan_Assault">
        <AttachProps Id="Ref_Center" RadiusShield="1.500000"/>
    </CModel>
    <CModel id="UmojanWhirlwind" parent="CycloneBase">
        <Model value="Assets\Units\Terran\Cyclone_Umojan\Cyclone_Umojan.m3"/>
        <AttachProps Id="Ref_Center" RadiusShield="1.200000"/>
        <ScaleMax value="1.500000,1.500000,1.500000"/>
        <ScaleMin value="1.500000,1.500000,1.500000"/>
        <SelectionRadius value="1.050000"/>
    </CModel>
    <CModel id="UmojanWhirlwindDeath" parent="CycloneDeathBase">
        <Model value="Assets\Units\Terran\Cyclone_Umojan_Death\Cyclone_Umojan_Death_00.m3"/>
        <ScaleMax value="1.500000,1.500000,1.500000"/>
        <ScaleMin value="1.500000,1.500000,1.500000"/>
    </CModel>
    <CModel id="UmojanWhirlwindDeathRagdoll" parent="CycloneDeathRagdollBase">
        <Model value="Assets\Units\Terran\Cyclone_Umojan_DeathRagdoll\Cyclone_Umojan_DeathRagdoll.m3"/>
        <ScaleMax value="1.500000,1.500000,1.500000"/>
        <ScaleMin value="1.500000,1.500000,1.500000"/>
    </CModel>
    <CModel id="UmojanWhirlwindMissile" parent="MissileFX">
        <Model value="Assets\Effects\Terran\Cyclone_BigMissile\Cyclone_BigMissile.m3"/>
        <EditorCategories value="Race:Terran"/>
    </CModel>
    <CModel id="Marine_Umojan">
        <AttachProps Id="Ref_Center" RadiusShield="0.600000"/>
    </CModel>
    <CModel id="UmojanMist" parent="Unit">
        <Model value="Assets\Units\Umojan\Wraith_Umojan_Collection\Wraith_Umojan_Collection.m3"/>
        <AttachProps Id="Ref_Center" RadiusShield="1.300000"/>
        <EditorCategories value="Race:Terran"/>
        <Occlusion value="Show"/>
        <PlanetPanelCamera value="Star2CameraLow04"/>
        <Radius value="0.625000"/>
        <SelectionRadius value="0.625000"/>
        <ShadowRadius value="0.625000"/>
        <TechPurchaseCamera value="TechPurchaseStarship"/>
        <Tipability value="0.750000"/>
        <UnitGlossaryCamera value="Star2CameraLow04"/>
    </CModel>
    <CModel id="UmojanPortraitMist" parent="FXAPortrait" Race="Terran">
        <Model value="Assets\Units\Umojan\Wraith_Umojan_Collection\Wraith_Umojan_Collection_portrait.m3"/>
        <FacialController value="LocalizedData\Facial\WraithPortrait.fxa"/>
        <Image value="Assets\Textures\Wraith_Umojan_Collection_Portrait_Static.dds"/>
        <Lighting value="WraithPortrait"/>
    </CModel>
    <CModel id="UmojanMistAirAttackImpact" parent="ImpactFX">
        <Model value="Assets\Effects\Terran\WraithMissileImpact\WraithMissileImpact.m3"/>
        <EditorCategories value="Race:Terran"/>
        <Lighting value=""/>
    </CModel>
    <CModel id="UmojanMistAirWeaponLeft" parent="MissileFX">
        <Model value="Assets\Effects\Terran\WraithMissile\WraithMissile.m3"/>
        <EditorCategories value="Race:Terran"/>
        <Lighting value=""/>
    </CModel>
    <CModel id="UmojanMistAirWeaponRight" parent="MissileFX">
        <Model value="Assets\Effects\Terran\WraithMissile\WraithMissile.m3"/>
        <EditorCategories value="Race:Terran"/>
        <Lighting value=""/>
    </CModel>
    <CModel id="UmojanMistDeath" parent="UnitDeath" Race="Terran">
        <Model value="Assets\Units\Terran\WraithDeath\WraithDeath.m3"/>
        <Lighting value=""/>
        <Radius value="0.625000"/>
    </CModel>
    <CModel id="UmojanMistGroundAttackImpact" parent="ImpactFX">
        <Model value="Assets\Effects\Terran\WraithLaserMissileImpact\WraithLaserMissileImpact.m3"/>
        <EditorCategories value="Race:Terran"/>
        <Lighting value=""/>
    </CModel>
    <CModel id="UmojanMistGroundWeapon" parent="MissileFX">
        <Model value="Assets\Effects\Terran\WraithLaserMissile\WraithLaserMissile.m3"/>
        <EditorCategories value="Race:Terran"/>
        <Lighting value=""/>
    </CModel>
    <CModel id="UmojanGroundDetector" parent="WidowMineBase">
        <Model value="Assets\Units\Terran\WidowMine_Umojan\WidowMine_Umojan.m3"/>
        <AttachProps Id="Ref_Center" RadiusShield="0.600000"/>
        <SelectionLayer value="3"/>
    </CModel>
    <CModel id="UmojanStasisFieldWeapon" parent="MissileFX">
        <Model value="Assets\Effects\Terran\CerberusYamatoMissile\CerberusYamatoMissile.m3"/>
        <EditorCategories value="Race:Terran"/>
    </CModel>
</Catalog>
