<?xml version="1.0" encoding="utf-8"?>
<Catalog>
    <CMoverFlock id="UmojanDummy">
        <Flags index="IgnoreMovementSuppression" value="1"/>
        <Flags index="IgnoreNoFlyZones" value="1"/>
        <PathMode value="Flying"/>
    </CMoverFlock>
    <CMoverMissile id="UmojanAloeThunderbirdDropBomb">
        <MotionPhases>
            <Driver value="Guidance"/>
            <Acceleration value="10"/>
            <Speed value="0.0937"/>
            <MaxSpeed value="12"/>
            <Gravity value="0.1"/>
            <IgnoresTerrain value="1"/>
            <ActorTracking value="Actual"/>
        </MotionPhases>
    </CMoverMissile>
    <CMoverMissile id="UmojanNornsMissile">
        <PathMode value="Flying"/>
        <MotionPhases>
            <Driver value="Throw"/>
            <Speed value="2"/>
            <MaxSpeed value="2"/>
            <Outro value="0.2,0.55"/>
            <Timeout value="10"/>
            <ThrowRotationType value="LookAtTarget"/>
            <ThrowVector value="0,-1,1"/>
            <YawPitchRoll value="506.25"/>
        </MotionPhases>
        <MotionPhases>
            <Driver value="Guidance"/>
            <Acceleration value="56"/>
            <Speed value="2"/>
            <MaxSpeed value="28"/>
            <Outro value="0.56,1.5"/>
            <Timeout value="10"/>
            <YawPitchRoll value="MAX"/>
        </MotionPhases>
        <MotionPhases>
            <Driver value="Guidance"/>
            <MaxSpeed value="3200"/>
            <Timeout value="10"/>
            <YawPitchRoll value="5568.75"/>
        </MotionPhases>
    </CMoverMissile>
    <CMoverMissile id="UmojanPlasmabatCorrosiveBlastLaunchMissile">
        <MotionPhases>
            <Driver value="Guidance"/>
            <Speed value="20"/>
            <RotationLaunchActorType value="LaunchToTarget"/>
            <YawPitchRoll value="MAX"/>
        </MotionPhases>
    </CMoverMissile>
    <CMoverMissile id="UmojanWhirlwindMissile">
        <MotionPhases>
            <Driver value="AdaptableParabola"/>
            <MinSpeed value="10"/>
            <MaxSpeed value="25"/>
            <ActorTracking value="Actual"/>
            <BlendType value="Linear"/>
            <Outro value="1,5"/>
            <ThrowBandYaw value="-360,-360,-360,-360"/>
            <ThrowBandPitch value="-360,-360,-360,-360"/>
            <AdaptableParabolaClearance value="4,0.1"/>
            <AdaptableParabolaDistances index="Launch" value="1"/>
            <AdaptableParabolaDistances index="PreApex" value="0.3"/>
            <AdaptableParabolaDistances index="PostApex" value="0.3"/>
            <AdaptableParabolaDistances index="Land" value="1"/>
            <AdaptableParabolaAccels index="Launch" value="0"/>
            <AdaptableParabolaAccels index="Ascent" value="0"/>
            <AdaptableParabolaAccels index="Apex" value="0"/>
            <AdaptableParabolaAccels index="Descent" value="0"/>
            <AdaptableParabolaAccels index="Land" value="0"/>
        </MotionPhases>
        <MotionPhases>
            <Driver value="Guidance"/>
            <Acceleration value="5"/>
            <Speed value="20"/>
            <MaxSpeed value="35"/>
            <Outro value="-1"/>
            <RotationLaunchActorType value="LaunchToTarget"/>
            <ThrowBandYaw value="-360,-360,-360,-360"/>
            <ThrowBandPitch value="-360,-360,-360,-360"/>
            <YawPitchRoll value="719.2968"/>
        </MotionPhases>
    </CMoverMissile>
</Catalog>
