<?xml version="1.0" encoding="utf-8"?>
<Catalog>
    <CRace id="TerU" parent="Terr">
        <Name value="Race/Name/TerU"/>
        <AttributeId value="TerU"/>
        <RaceIcon value="Assets\Textures\decal_protoss_0050_01.dds"/>
        <StartingUnitArray index="0" Unit="UmojanCommandCenter">
            <Flags index="ResourceSetRally" value="1"/>
        </StartingUnitArray>
        <StartingUnitArray index="1" Count="12" Unit="UmojanMCS">
            <Flags index="ResourceRally" value="1"/>
            <Offset index="0" value="0,-3"/>
            <Offset index="1" value="1,-3"/>
            <Offset index="2" value="2,-3"/>
            <Offset index="3" value="3,-3"/>
            <Offset index="4" value="3,-2"/>
            <Offset index="5" value="3,-1"/>
            <Offset index="6" value="3,0"/>
            <Offset index="7" value="3,1"/>
            <Offset index="8" value="3,2"/>
            <Offset index="9" value="3,3"/>
            <Offset index="10" value="2,3"/>
            <Offset index="11" value="1,3"/>
            <Offset index="12" value="0,3"/>
            <Offset index="13" value="-1,3"/>
            <Offset index="14" value="-2,3"/>
            <Offset index="15" value="-3,3"/>
            <Offset index="16" value="-3,2"/>
            <Offset index="17" value="-3,1"/>
            <Offset index="18" value="-3,0"/>
            <Offset index="19" value="-3,-1"/>
            <Offset index="20" value="-3,-2"/>
            <Offset index="21" value="-3,-3"/>
            <Offset index="22" value="-2,-3"/>
            <Offset index="23" value="-1,-3"/>
        </StartingUnitArray>
        <LevelAchievementId value="0"/>
        <DefaultConsoleSkin value="ConsoleTerran_Silver"/>
        <MiniMapBorderColor value="100,255,255,255"/>
        <PlacementGridColorBlindColor value="100,255,255,255"/>
    </CRace>
</Catalog>
