<?xml version="1.0" encoding="utf-8"?>
<Catalog>
    <CRequirementAnd id="AndCountBehaviorUmojanPowerLevel2CompleteOnlyAtUnit1996445717CountUnitUmojanArmoryCompleteOnly">
        <OperandArray value="CountBehaviorUmojanPowerLevel2CompleteOnlyAtUnit1996445717"/>
        <OperandArray value="CountUnitUmojanArmoryCompleteOnly"/>
    </CRequirementAnd>
    <CRequirementAnd id="AndCountUnitUmojanFactoryCompleteOnly">
        <OperandArray value="CountUnitUmojanFactoryCompleteOnly"/>
    </CRequirementAnd>
    <CRequirementAnd id="AndCountUnitUmojanFactoryCompleteOnlyNot83801426CountUnitNukeQueuedOrBetterAtUnit">
        <OperandArray value="CountUnitUmojanFactoryCompleteOnly"/>
        <OperandArray value="Not83801426CountUnitNukeQueuedOrBetterAtUnit"/>
    </CRequirementAnd>
    <CRequirementAnd id="AndCountUnitUmojanFusionCoreCompleteOnlyTechTreeCheatEq1859133417CountUnitUmojanFrenrirQueuedOrBetter0">
        <OperandArray value="CountUnitUmojanFusionCoreCompleteOnlyTechTreeCheat"/>
        <OperandArray value="Eq1859133417CountUnitUmojanFrenrirQueuedOrBetter0"/>
    </CRequirementAnd>
    <CRequirementAnd id="AndCountUpgradeUmojanEngineeringSuitCompleteOnlyTechTreeCheatCountUnitUmojanBarracksCompleteOnlyTechTreeCheat">
        <OperandArray value="CountUpgradeUmojanEngineeringSuitCompleteOnlyTechTreeCheat"/>
        <OperandArray value="CountUnitUmojanBarracksCompleteOnlyTechTreeCheat"/>
    </CRequirementAnd>
    <CRequirementAnd id="AndEq1094801651CountUpgradeUmojanShipWeaponsLevel2CompleteOnly1">
        <OperandArray value="Eq1094801651CountUpgradeUmojanShipWeaponsLevel2CompleteOnly1"/>
    </CRequirementAnd>
    <CRequirementAnd id="AndEq1200743483CountUpgradeUmojanInfantryArmorLevel1CompleteOnly1CountUnitUmojanArmoryCompleteOnlyTechTreeCheat">
        <OperandArray value="Eq1200743483CountUpgradeUmojanInfantryArmorLevel1CompleteOnly1"/>
        <OperandArray value="CountUnitUmojanArmoryCompleteOnlyTechTreeCheat"/>
    </CRequirementAnd>
    <CRequirementAnd id="AndEq1460904571CountUpgradeUmojanShipWeaponsLevel1CompleteOnly1">
        <OperandArray value="Eq1460904571CountUpgradeUmojanShipWeaponsLevel1CompleteOnly1"/>
    </CRequirementAnd>
    <CRequirementAnd id="AndEq1638599757CountUpgradeUmojanInfantryWeaponsLevel1CompleteOnly1CountUnitUmojanArmoryCompleteOnlyTechTreeCheat">
        <OperandArray value="Eq1638599757CountUpgradeUmojanInfantryWeaponsLevel1CompleteOnly1"/>
        <OperandArray value="CountUnitUmojanArmoryCompleteOnlyTechTreeCheat"/>
    </CRequirementAnd>
    <CRequirementAnd id="AndEq2417677087CountUpgradeUmojanVehicleWeaponsLevel1CompleteOnly1">
        <OperandArray value="Eq2417677087CountUpgradeUmojanVehicleWeaponsLevel1CompleteOnly1"/>
    </CRequirementAnd>
    <CRequirementAnd id="AndEq2632066860CountUpgradeUmojanInfantryArmorLevel2CompleteOnly1CountUnitUmojanArmoryCompleteOnlyTechTreeCheat">
        <OperandArray value="Eq2632066860CountUpgradeUmojanInfantryArmorLevel2CompleteOnly1"/>
        <OperandArray value="CountUnitUmojanArmoryCompleteOnlyTechTreeCheat"/>
    </CRequirementAnd>
    <CRequirementAnd id="AndEq2685709117CountUpgradeUmojanShieldsLevel1CompleteOnly1CountUnitUmojanArmoryCompleteOnlyTechTreeCheat">
        <OperandArray value="Eq2685709117CountUpgradeUmojanShieldsLevel1CompleteOnly1"/>
        <OperandArray value="CountUnitUmojanArmoryCompleteOnlyTechTreeCheat"/>
    </CRequirementAnd>
    <CRequirementAnd id="AndEq2932063418CountUpgradeUmojanVehiclePlatingLevel1CompleteOnly1">
        <OperandArray value="Eq2932063418CountUpgradeUmojanVehiclePlatingLevel1CompleteOnly1"/>
    </CRequirementAnd>
    <CRequirementAnd id="AndEq3149671509CountUpgradeUmojanVehicleWeaponsLevel2CompleteOnly1">
        <OperandArray value="Eq3149671509CountUpgradeUmojanVehicleWeaponsLevel2CompleteOnly1"/>
    </CRequirementAnd>
    <CRequirementAnd id="AndEq3687220821CountUpgradeUmojanShipPlatingLevel2CompleteOnly1">
        <OperandArray value="Eq3687220821CountUpgradeUmojanShipPlatingLevel2CompleteOnly1"/>
    </CRequirementAnd>
    <CRequirementAnd id="AndEq3880980680CountUpgradeUmojanShipPlatingLevel1CompleteOnly1">
        <OperandArray value="Eq3880980680CountUpgradeUmojanShipPlatingLevel1CompleteOnly1"/>
    </CRequirementAnd>
    <CRequirementAnd id="AndEq4185165080CountUpgradeUmojanVehiclePlatingLevel2CompleteOnly1">
        <OperandArray value="Eq4185165080CountUpgradeUmojanVehiclePlatingLevel2CompleteOnly1"/>
    </CRequirementAnd>
    <CRequirementAnd id="AndEq419287888CountUpgradeUmojanShieldsLevel2CompleteOnly1CountUnitUmojanArmoryCompleteOnlyTechTreeCheat">
        <OperandArray value="Eq419287888CountUpgradeUmojanShieldsLevel2CompleteOnly1"/>
        <OperandArray value="CountUnitUmojanArmoryCompleteOnlyTechTreeCheat"/>
    </CRequirementAnd>
    <CRequirementAnd id="AndEq4255153237CountUpgradeUmojanInfantryWeaponsLevel2CompleteOnly1CountUnitUmojanArmoryCompleteOnlyTechTreeCheat">
        <OperandArray value="Eq4255153237CountUpgradeUmojanInfantryWeaponsLevel2CompleteOnly1"/>
        <OperandArray value="CountUnitUmojanArmoryCompleteOnlyTechTreeCheat"/>
    </CRequirementAnd>
    <CRequirementAnd id="AndEqCountUpgradeUmojanAdvancedBallisticQueuedOrBetter0">
        <OperandArray value="EqCountUpgradeUmojanAdvancedBallisticQueuedOrBetter0"/>
    </CRequirementAnd>
    <CRequirementAnd id="AndEqCountUpgradeUmojanBattlelinkSystemQueuedOrBetter0OrCountBehaviorUmojanScienceBlueCompleteOnlyAtUnit">
        <OperandArray value="EqCountUpgradeUmojanBattlelinkSystemQueuedOrBetter0"/>
        <OperandArray value="OrCountBehaviorUmojanScienceBlueCompleteOnlyAtUnit"/>
    </CRequirementAnd>
    <CRequirementAnd id="AndEqCountUpgradeUmojanBlinkQueuedOrBetter0OrCountBehaviorUmojanScienceBlueCompleteOnlyAtUnit">
        <OperandArray value="EqCountUpgradeUmojanBlinkQueuedOrBetter0"/>
        <OperandArray value="OrCountBehaviorUmojanScienceBlueCompleteOnlyAtUnit"/>
    </CRequirementAnd>
    <CRequirementAnd id="AndEqCountUpgradeUmojanCloakingFieldQueuedOrBetter0OrCountBehaviorUmojanScienceGreenCompleteOnlyAtUnit">
        <OperandArray value="EqCountUpgradeUmojanCloakingFieldQueuedOrBetter0"/>
        <OperandArray value="OrCountBehaviorUmojanScienceGreenCompleteOnlyAtUnit"/>
    </CRequirementAnd>
    <CRequirementAnd id="AndEqCountUpgradeUmojanCombatShieldQueuedOrBetter0OrCountBehaviorUmojanScienceRedCompleteOnlyAtUnit">
        <OperandArray value="EqCountUpgradeUmojanCombatShieldQueuedOrBetter0"/>
        <OperandArray value="OrCountBehaviorUmojanScienceRedCompleteOnlyAtUnit"/>
    </CRequirementAnd>
    <CRequirementAnd id="AndEqCountUpgradeUmojanCorvidReactorQueuedOrBetter0OrCountBehaviorUmojanScienceGreenCompleteOnlyAtUnit">
        <OperandArray value="EqCountUpgradeUmojanCorvidReactorQueuedOrBetter0"/>
        <OperandArray value="OrCountBehaviorUmojanScienceGreenCompleteOnlyAtUnit"/>
    </CRequirementAnd>
    <CRequirementAnd id="AndEqCountUpgradeUmojanDisruptionWebQueuedOrBetter0OrCountBehaviorUmojanScienceRedCompleteOnlyAtUnit">
        <OperandArray value="EqCountUpgradeUmojanDisruptionWebQueuedOrBetter0"/>
        <OperandArray value="OrCountBehaviorUmojanScienceRedCompleteOnlyAtUnit"/>
    </CRequirementAnd>
    <CRequirementAnd id="AndEqCountUpgradeUmojanEngineeringSuitQueuedOrBetter0OrCountBehaviorUmojanScienceBlueCompleteOnlyAtUnit">
        <OperandArray value="EqCountUpgradeUmojanEngineeringSuitQueuedOrBetter0"/>
        <OperandArray value="OrCountBehaviorUmojanScienceBlueCompleteOnlyAtUnit"/>
    </CRequirementAnd>
    <CRequirementAnd id="AndEqCountUpgradeUmojanHighOutputThrusterQueuedOrBetter0OrCountBehaviorUmojanScienceGreenCompleteOnlyAtUnit">
        <OperandArray value="EqCountUpgradeUmojanHighOutputThrusterQueuedOrBetter0"/>
        <OperandArray value="OrCountBehaviorUmojanScienceGreenCompleteOnlyAtUnit"/>
    </CRequirementAnd>
    <CRequirementAnd id="AndEqCountUpgradeUmojanMobileTargetingQueuedOrBetter0OrCountBehaviorUmojanScienceBlueCompleteOnlyAtUnit">
        <OperandArray value="EqCountUpgradeUmojanMobileTargetingQueuedOrBetter0"/>
        <OperandArray value="OrCountBehaviorUmojanScienceBlueCompleteOnlyAtUnit"/>
    </CRequirementAnd>
    <CRequirementAnd id="AndEqCountUpgradeUmojanOverloadWeaponsQueuedOrBetter0OrCountBehaviorUmojanScienceGreenCompleteOnlyAtUnit">
        <OperandArray value="EqCountUpgradeUmojanOverloadWeaponsQueuedOrBetter0"/>
        <OperandArray value="OrCountBehaviorUmojanScienceGreenCompleteOnlyAtUnit"/>
    </CRequirementAnd>
    <CRequirementAnd id="AndEqCountUpgradeUmojanPlasmaRecyclerQueuedOrBetter0OrCountBehaviorUmojanScienceRedCompleteOnlyAtUnit">
        <OperandArray value="EqCountUpgradeUmojanPlasmaRecyclerQueuedOrBetter0"/>
        <OperandArray value="OrCountBehaviorUmojanScienceRedCompleteOnlyAtUnit"/>
    </CRequirementAnd>
    <CRequirementAnd id="AndEqCountUpgradeUmojanPowertotheWeaponsQueuedOrBetter0OrCountBehaviorUmojanScienceRedCompleteOnlyAtUnit">
        <OperandArray value="EqCountUpgradeUmojanPowertotheWeaponsQueuedOrBetter0"/>
        <OperandArray value="OrCountBehaviorUmojanScienceRedCompleteOnlyAtUnit"/>
    </CRequirementAnd>
    <CRequirementAnd id="AndEqCountUpgradeUmojanStrikeMineReserveQueuedOrBetter0OrCountBehaviorUmojanScienceBlueCompleteOnlyAtUnit">
        <OperandArray value="EqCountUpgradeUmojanStrikeMineReserveQueuedOrBetter0"/>
        <OperandArray value="OrCountBehaviorUmojanScienceBlueCompleteOnlyAtUnit"/>
    </CRequirementAnd>
    <CRequirementAnd id="AndTechTreeCheatCountBehaviorUmojanScienceConsumerValidatorBlueCompleteOnlyAtUnitCountUnitUmojanArmoryCompleteOnlyTechTreeCheat">
        <Flags index="TechTreeCheat" value="1"/>
        <OperandArray value="CountBehaviorUmojanScienceConsumerValidatorBlueCompleteOnlyAtUnit"/>
        <OperandArray value="CountUnitUmojanArmoryCompleteOnlyTechTreeCheat"/>
    </CRequirementAnd>
    <CRequirementAnd id="AndTechTreeCheatCountBehaviorUmojanScienceConsumerValidatorGreenCompleteOnlyAtUnitCountUnitUmojanFusionCoreCompleteOnlyTechTreeCheat">
        <Flags index="TechTreeCheat" value="1"/>
        <OperandArray value="CountBehaviorUmojanScienceConsumerValidatorGreenCompleteOnlyAtUnit"/>
        <OperandArray value="CountUnitUmojanFusionCoreCompleteOnlyTechTreeCheat"/>
    </CRequirementAnd>
    <CRequirementAnd id="AndTechTreeCheatCountBehaviorUmojanScienceConsumerValidatorRedCompleteOnlyAtUnitCountUnitUmojanGhostAcademyCompleteOnlyTechTreeCheat">
        <Flags index="TechTreeCheat" value="1"/>
        <OperandArray value="CountBehaviorUmojanScienceConsumerValidatorRedCompleteOnlyAtUnit"/>
        <OperandArray value="CountUnitUmojanGhostAcademyCompleteOnlyTechTreeCheat"/>
    </CRequirementAnd>
    <CRequirementCountBehavior id="CountBehaviorUmojanAloeSendReconActiveReconCompleteOnlyAtUnit">
        <Flags index="TechTreeCheat" value="0"/>
        <Count Link="UmojanAloeSendReconActiveRecon" State="CompleteOnlyAtUnit"/>
    </CRequirementCountBehavior>
    <CRequirementCountBehavior id="CountBehaviorUmojanBattlecatStayatRangeCompleteOnlyAtUnit">
        <Flags index="TechTreeCheat" value="0"/>
        <Count Link="UmojanBattlecatStayatRange" State="CompleteOnlyAtUnit"/>
    </CRequirementCountBehavior>
    <CRequirementCountBehavior id="CountBehaviorUmojanPowerLevel0CompleteOnlyAtUnit">
        <Flags index="TechTreeCheat" value="0"/>
        <Count Link="UmojanPowerLevel0" State="CompleteOnlyAtUnit"/>
    </CRequirementCountBehavior>
    <CRequirementCountBehavior id="CountBehaviorUmojanPowerLevel2CompleteOnlyAtUnit1996445717">
        <Flags index="TechTreeCheat" value="0"/>
        <Count Link="UmojanPowerLevel2" State="CompleteOnlyAtUnit"/>
    </CRequirementCountBehavior>
    <CRequirementCountBehavior id="CountBehaviorUmojanScienceConsumerValidatorBlueCompleteOnlyAtUnitTechTreeCheat">
        <Count Link="UmojanScienceConsumerValidatorBlue" State="CompleteOnlyAtUnit"/>
    </CRequirementCountBehavior>
    <CRequirementCountBehavior id="CountBehaviorUmojanScienceConsumerValidatorGreenCompleteOnlyAtUnit">
        <Flags index="TechTreeCheat" value="0"/>
        <Count Link="UmojanScienceConsumerValidatorGreen" State="CompleteOnlyAtUnit"/>
    </CRequirementCountBehavior>
    <CRequirementCountBehavior id="CountBehaviorUmojanScienceConsumerValidatorGreenCompleteOnlyAtUnitTechTreeCheat">
        <Count Link="UmojanScienceConsumerValidatorGreen" State="CompleteOnlyAtUnit"/>
    </CRequirementCountBehavior>
    <CRequirementCountBehavior id="CountBehaviorUmojanScienceConsumerValidatorRedCompleteOnlyAtUnit">
        <Flags index="TechTreeCheat" value="0"/>
        <Count Link="UmojanScienceConsumerValidatorRed" State="CompleteOnlyAtUnit"/>
    </CRequirementCountBehavior>
    <CRequirementCountBehavior id="CountBehaviorUmojanPowerLevel1CompleteOnlyAtUnit">
        <Flags index="TechTreeCheat" value="0"/>
        <Count Link="UmojanPowerLevel1" State="CompleteOnlyAtUnit"/>
    </CRequirementCountBehavior>
    <CRequirementCountBehavior id="CountBehaviorUmojanPowerLevel2CompleteOnlyAtUnit">
        <Flags index="TechTreeCheat" value="0"/>
        <Count Link="UmojanPowerLevel2" State="CompleteOnlyAtUnit"/>
    </CRequirementCountBehavior>
    <CRequirementCountBehavior id="CountBehaviorUmojanPowerLevel3CompleteOnlyAtUnit">
        <Flags index="TechTreeCheat" value="0"/>
        <Count Link="UmojanPowerLevel3" State="CompleteOnlyAtUnit"/>
    </CRequirementCountBehavior>
    <CRequirementCountBehavior id="CountBehaviorUmojanScienceBlueCompleteOnlyAtUnit">
        <Flags index="TechTreeCheat" value="0"/>
        <Count Link="UmojanScienceBlue" State="CompleteOnlyAtUnit"/>
    </CRequirementCountBehavior>
    <CRequirementCountBehavior id="CountBehaviorUmojanScienceConsumerValidatorBlueCompleteOnlyAtUnit">
        <Flags index="TechTreeCheat" value="0"/>
        <Count Link="UmojanScienceConsumerValidatorBlue" State="CompleteOnlyAtUnit"/>
    </CRequirementCountBehavior>
    <CRequirementCountBehavior id="CountBehaviorUmojanScienceConsumerValidatorRedCompleteOnlyAtUnitTechTreeCheat">
        <Count Link="UmojanScienceConsumerValidatorRed" State="CompleteOnlyAtUnit"/>
    </CRequirementCountBehavior>
    <CRequirementCountBehavior id="CountBehaviorUmojanScienceGreenCompleteOnlyAtUnit">
        <Flags index="TechTreeCheat" value="0"/>
        <Count Link="UmojanScienceGreen" State="CompleteOnlyAtUnit"/>
    </CRequirementCountBehavior>
    <CRequirementCountBehavior id="CountBehaviorUmojanScienceRedCompleteOnlyAtUnit">
        <Flags index="TechTreeCheat" value="0"/>
        <Count Link="UmojanScienceRed" State="CompleteOnlyAtUnit"/>
    </CRequirementCountBehavior>
    <CRequirementCountUnit id="CountUnitAlias_Umojan_ScienceFacilityCompleteOnly2661977898TechTreeCheat">
        <Count Link="Alias_Umojan_ScienceFacility" State="CompleteOnly"/>
    </CRequirementCountUnit>
    <CRequirementCountUnit id="CountUnitAlias_Umojan_SupplyCacheCompleteOnly1812716294TechTreeCheat">
        <Count Link="Alias_Umojan_SupplyCache" State="CompleteOnly"/>
    </CRequirementCountUnit>
    <CRequirementCountUnit id="CountUnitNukeCompleteOnly3748442553">
        <Flags index="TechTreeCheat" value="0"/>
        <Count Link="Nuke" State="CompleteOnly"/>
    </CRequirementCountUnit>
    <CRequirementCountUnit id="CountUnitSpiderMineCompleteOnlyAtUnit">
        <Count Link="UmojanStrikeMine"/>
    </CRequirementCountUnit>
    <CRequirementCountUnit id="CountUnitUmojanArmoryCompleteOnly">
        <Flags index="TechTreeCheat" value="0"/>
        <Count Link="UmojanArmory" State="CompleteOnly"/>
    </CRequirementCountUnit>
    <CRequirementCountUnit id="CountUnitUmojanArmoryCompleteOnlyTechTreeCheat">
        <Count Link="UmojanArmory" State="CompleteOnly"/>
    </CRequirementCountUnit>
    <CRequirementCountUnit id="CountUnitUmojanBarracksCompleteOnlyTechTreeCheat">
        <Count Link="UmojanBarracks" State="CompleteOnly"/>
    </CRequirementCountUnit>
    <CRequirementCountUnit id="CountUnitUmojanCommandCenterCompleteOnlyTechTreeCheat">
        <Count Link="UmojanCommandCenter" State="CompleteOnly"/>
    </CRequirementCountUnit>
    <CRequirementCountUnit id="CountUnitUmojanEngineeringBayCompleteOnlyTechTreeCheat">
        <Count Link="UmojanEngineeringBay" State="CompleteOnly"/>
    </CRequirementCountUnit>
    <CRequirementCountUnit id="CountUnitUmojanFactoryCompleteOnly">
        <Flags index="TechTreeCheat" value="0"/>
        <Count Link="UmojanFactory" State="CompleteOnly"/>
    </CRequirementCountUnit>
    <CRequirementCountUnit id="CountUnitUmojanFactoryCompleteOnlyTechTreeCheat">
        <Count Link="UmojanFactory" State="CompleteOnly"/>
    </CRequirementCountUnit>
    <CRequirementCountUnit id="CountUnitUmojanFrenrirQueuedOrBetter">
        <Flags index="TechTreeCheat" value="0"/>
        <Count Link="UmojanFrenrir" State="QueuedOrBetter"/>
    </CRequirementCountUnit>
    <CRequirementCountUnit id="CountUnitUmojanFusionCoreCompleteOnlyTechTreeCheat">
        <Count Link="UmojanFusionCore" State="CompleteOnly"/>
    </CRequirementCountUnit>
    <CRequirementCountUnit id="CountUnitUmojanGhostAcademyCompleteOnlyTechTreeCheat">
        <Count Link="UmojanGhostAcademy" State="CompleteOnly"/>
    </CRequirementCountUnit>
    <CRequirementCountUnit id="CountUnitUmojanRaptorQueuedOrBetterAtUnit">
        <Flags index="TechTreeCheat" value="0"/>
        <Count Link="UmojanRaptor" State="QueuedOrBetterAtUnit"/>
    </CRequirementCountUnit>
    <CRequirementCountUnit id="CountUnitUmojanStarportCompleteOnlyTechTreeCheat">
        <Count Link="UmojanStarport" State="CompleteOnly"/>
    </CRequirementCountUnit>
    <CRequirementCountUpgrade id="CountUpgradeHiSecAutoTrackingQueuedOrBetter2">
        <Flags index="TechTreeCheat" value="0"/>
        <Count Link="UmojanHiSecAutoTracking" State="QueuedOrBetter"/>
    </CRequirementCountUpgrade>
    <CRequirementCountUpgrade id="CountUpgradeUmojanAdvancedBallisticQueuedOrBetter">
        <Flags index="TechTreeCheat" value="0"/>
        <Count Link="UmojanSelfGuidedMissile" State="QueuedOrBetter"/>
    </CRequirementCountUpgrade>
    <CRequirementCountUpgrade id="CountUpgradeUmojanBattlelinkSystemCompleteOnly">
        <Flags index="TechTreeCheat" value="0"/>
        <Count Link="UmojanBattlelinkSystem" State="CompleteOnly"/>
    </CRequirementCountUpgrade>
    <CRequirementCountUpgrade id="CountUpgradeUmojanBattlelinkSystemQueuedOrBetter">
        <Flags index="TechTreeCheat" value="0"/>
        <Count Link="UmojanBattlelinkSystem" State="QueuedOrBetter"/>
    </CRequirementCountUpgrade>
    <CRequirementCountUpgrade id="CountUpgradeUmojanBlinkCompleteOnly">
        <Flags index="TechTreeCheat" value="0"/>
        <Count Link="UmojanBlink" State="CompleteOnly"/>
    </CRequirementCountUpgrade>
    <CRequirementCountUpgrade id="CountUpgradeUmojanCombatShieldCompleteOnlyTechTreeCheat">
        <Tooltip value="RequirementNode/Tooltip/##id##"/>
        <Count Link="UmojanCombatShield" State="CompleteOnly"/>
    </CRequirementCountUpgrade>
    <CRequirementCountUpgrade id="CountUpgradeUmojanLockdownCompleteOnly2">
        <Flags index="TechTreeCheat" value="0"/>
        <Count Link="UmojanLockdown" State="CompleteOnly"/>
    </CRequirementCountUpgrade>
    <CRequirementCountUpgrade id="CountUpgradeUmojanBlinkQueuedOrBetter">
        <Flags index="TechTreeCheat" value="0"/>
        <Count Link="UmojanBlink" State="QueuedOrBetter"/>
    </CRequirementCountUpgrade>
    <CRequirementCountUpgrade id="CountUpgradeUmojanLockdownQueuedOrBetter2">
        <Flags index="TechTreeCheat" value="0"/>
        <Count Link="UmojanLockdown" State="QueuedOrBetter"/>
    </CRequirementCountUpgrade>
    <CRequirementCountUpgrade id="CountUpgradeUmojanCloakingFieldCompleteOnly">
        <Flags index="TechTreeCheat" value="0"/>
        <Count Link="UmojanCloakingField" State="CompleteOnly"/>
    </CRequirementCountUpgrade>
    <CRequirementCountUpgrade id="CountUpgradeUmojanCloakingFieldCompleteOnly1368482278TechTreeCheat">
        <Count Link="UmojanCloakingField" State="CompleteOnly"/>
    </CRequirementCountUpgrade>
    <CRequirementCountUpgrade id="CountUpgradeUmojanCloakingFieldQueuedOrBetter">
        <Flags index="TechTreeCheat" value="0"/>
        <Count Link="UmojanCloakingField" State="QueuedOrBetter"/>
    </CRequirementCountUpgrade>
    <CRequirementCountUpgrade id="CountUpgradeUmojanCombatShieldQueuedOrBetter">
        <Flags index="TechTreeCheat" value="0"/>
        <Count Link="UmojanCombatShield" State="QueuedOrBetter"/>
    </CRequirementCountUpgrade>
    <CRequirementCountUpgrade id="CountUpgradeUmojanCorvidReactorQueuedOrBetter">
        <Flags index="TechTreeCheat" value="0"/>
        <Count Link="UmojanCorvidReactor" State="QueuedOrBetter"/>
    </CRequirementCountUpgrade>
    <CRequirementCountUpgrade id="CountUpgradeUmojanDisruptionWebCompleteOnly774268094TechTreeCheat">
        <Count Link="UmojanDisruptionWeb" State="CompleteOnly"/>
    </CRequirementCountUpgrade>
    <CRequirementCountUpgrade id="CountUpgradeUmojanDisruptionWebQueuedOrBetter">
        <Flags index="TechTreeCheat" value="0"/>
        <Count Link="UmojanDisruptionWeb" State="QueuedOrBetter"/>
    </CRequirementCountUpgrade>
    <CRequirementCountUpgrade id="CountUpgradeUmojanEngineeringSuitCompleteOnly">
        <Flags index="TechTreeCheat" value="0"/>
        <Count Link="UmojanEngineeringSuit" State="CompleteOnly"/>
    </CRequirementCountUpgrade>
    <CRequirementCountUpgrade id="CountUpgradeUmojanEngineeringSuitCompleteOnlyTechTreeCheat">
        <Count Link="UmojanEngineeringSuit" State="CompleteOnly"/>
    </CRequirementCountUpgrade>
    <CRequirementCountUpgrade id="CountUpgradeUmojanEngineeringSuitQueuedOrBetter">
        <Flags index="TechTreeCheat" value="0"/>
        <Count Link="UmojanEngineeringSuit" State="QueuedOrBetter"/>
    </CRequirementCountUpgrade>
    <CRequirementCountUpgrade id="CountUpgradeUmojanHiSecAutoTrackingQueuedOrBetter">
        <Flags index="TechTreeCheat" value="0"/>
        <Count Link="UmojanHiSecAutoTracking" State="QueuedOrBetter"/>
    </CRequirementCountUpgrade>
    <CRequirementCountUpgrade id="CountUpgradeUmojanHighOutputThrusterQueuedOrBetter">
        <Flags index="TechTreeCheat" value="0"/>
        <Count Link="UmojanHighOutputThruster" State="QueuedOrBetter"/>
    </CRequirementCountUpgrade>
    <CRequirementCountUpgrade id="CountUpgradeUmojanInfantryArmorLevel1CompleteOnly">
        <Flags index="TechTreeCheat" value="0"/>
        <Count Link="UmojanInfantryArmorLevel1" State="CompleteOnly"/>
    </CRequirementCountUpgrade>
    <CRequirementCountUpgrade id="CountUpgradeUmojanInfantryArmorLevel1QueuedOrBetter">
        <Flags index="TechTreeCheat" value="0"/>
        <Count Link="UmojanInfantryArmorLevel1" State="QueuedOrBetter"/>
    </CRequirementCountUpgrade>
    <CRequirementCountUpgrade id="CountUpgradeUmojanInfantryArmorLevel2CompleteOnly">
        <Flags index="TechTreeCheat" value="0"/>
        <Count Link="UmojanInfantryArmorLevel2" State="CompleteOnly"/>
    </CRequirementCountUpgrade>
    <CRequirementCountUpgrade id="CountUpgradeUmojanInfantryArmorLevel2QueuedOrBetter">
        <Flags index="TechTreeCheat" value="0"/>
        <Count Link="UmojanInfantryArmorLevel2" State="QueuedOrBetter"/>
    </CRequirementCountUpgrade>
    <CRequirementCountUpgrade id="CountUpgradeUmojanInfantryArmorLevel3QueuedOrBetter">
        <Flags index="TechTreeCheat" value="0"/>
        <Count Link="UmojanInfantryArmorLevel3" State="QueuedOrBetter"/>
    </CRequirementCountUpgrade>
    <CRequirementCountUpgrade id="CountUpgradeUmojanInfantryWeaponsLevel1CompleteOnly">
        <Flags index="TechTreeCheat" value="0"/>
        <Count Link="UmojanInfantryWeaponsLevel1" State="CompleteOnly"/>
    </CRequirementCountUpgrade>
    <CRequirementCountUpgrade id="CountUpgradeUmojanInfantryWeaponsLevel1QueuedOrBetter">
        <Flags index="TechTreeCheat" value="0"/>
        <Count Link="UmojanInfantryWeaponsLevel1" State="QueuedOrBetter"/>
    </CRequirementCountUpgrade>
    <CRequirementCountUpgrade id="CountUpgradeUmojanInfantryWeaponsLevel2CompleteOnly">
        <Flags index="TechTreeCheat" value="0"/>
        <Count Link="UmojanInfantryWeaponsLevel2" State="CompleteOnly"/>
    </CRequirementCountUpgrade>
    <CRequirementCountUpgrade id="CountUpgradeUmojanInfantryWeaponsLevel2QueuedOrBetter">
        <Flags index="TechTreeCheat" value="0"/>
        <Count Link="UmojanInfantryWeaponsLevel2" State="QueuedOrBetter"/>
    </CRequirementCountUpgrade>
    <CRequirementCountUpgrade id="CountUpgradeUmojanInfantryWeaponsLevel3QueuedOrBetter">
        <Flags index="TechTreeCheat" value="0"/>
        <Count Link="UmojanInfantryWeaponsLevel3" State="QueuedOrBetter"/>
    </CRequirementCountUpgrade>
    <CRequirementCountUpgrade id="CountUpgradeUmojanLockdownCompleteOnly">
        <Flags index="TechTreeCheat" value="0"/>
        <Count Link="UmojanLockdown" State="CompleteOnly"/>
    </CRequirementCountUpgrade>
    <CRequirementCountUpgrade id="CountUpgradeUmojanLockdownQueuedOrBetter">
        <Flags index="TechTreeCheat" value="0"/>
        <Count Link="UmojanLockdown" State="QueuedOrBetter"/>
    </CRequirementCountUpgrade>
    <CRequirementCountUpgrade id="CountUpgradeUmojanMedivacIncreaseSpeedBoostCompleteOnly">
        <Flags index="TechTreeCheat" value="0"/>
        <Count Link="UmojanMedivacIncreaseSpeedBoost" State="CompleteOnly"/>
    </CRequirementCountUpgrade>
    <CRequirementCountUpgrade id="CountUpgradeUmojanMedivacIncreaseSpeedBoostQueuedOrBetter">
        <Flags index="TechTreeCheat" value="0"/>
        <Count Link="UmojanMedivacIncreaseSpeedBoost" State="QueuedOrBetter"/>
    </CRequirementCountUpgrade>
    <CRequirementCountUpgrade id="CountUpgradeUmojanMobileTargetingCompleteOnly">
        <Flags index="TechTreeCheat" value="0"/>
        <Count Link="UmojanMobileTargeting" State="CompleteOnly"/>
    </CRequirementCountUpgrade>
    <CRequirementCountUpgrade id="CountUpgradeUmojanMobileTargetingQueuedOrBetter">
        <Flags index="TechTreeCheat" value="0"/>
        <Count Link="UmojanMobileTargeting" State="QueuedOrBetter"/>
    </CRequirementCountUpgrade>
    <CRequirementCountUpgrade id="CountUpgradeUmojanOverchargeGeneratorCompleteOnly">
        <Flags index="TechTreeCheat" value="0"/>
        <Count Link="UmojanOverchargeGenerator" State="CompleteOnly"/>
    </CRequirementCountUpgrade>
    <CRequirementCountUpgrade id="CountUpgradeUmojanOverchargeGeneratorQueuedOrBetter">
        <Flags index="TechTreeCheat" value="0"/>
        <Count Link="UmojanOverchargeGenerator" State="QueuedOrBetter"/>
    </CRequirementCountUpgrade>
    <CRequirementCountUpgrade id="CountUpgradeUmojanOverloadWeaponsCompleteOnly361988169TechTreeCheat">
        <Count Link="UmojanOverloadWeapons" State="CompleteOnly"/>
    </CRequirementCountUpgrade>
    <CRequirementCountUpgrade id="CountUpgradeUmojanOverloadWeaponsQueuedOrBetter">
        <Flags index="TechTreeCheat" value="0"/>
        <Count Link="UmojanOverloadWeapons" State="QueuedOrBetter"/>
    </CRequirementCountUpgrade>
    <CRequirementCountUpgrade id="CountUpgradeUmojanPersonalCloakingCompleteOnly">
        <Flags index="TechTreeCheat" value="0"/>
        <Count Link="UmojanPersonalCloaking" State="CompleteOnly"/>
    </CRequirementCountUpgrade>
    <CRequirementCountUpgrade id="CountUpgradeUmojanPersonalCloakingQueuedOrBetter">
        <Flags index="TechTreeCheat" value="0"/>
        <Count Link="UmojanPersonalCloaking" State="QueuedOrBetter"/>
    </CRequirementCountUpgrade>
    <CRequirementCountUpgrade id="CountUpgradeUmojanPlasmaRecyclerQueuedOrBetter">
        <Flags index="TechTreeCheat" value="0"/>
        <Count Link="UmojanPlasmaRecycler" State="QueuedOrBetter"/>
    </CRequirementCountUpgrade>
    <CRequirementCountUpgrade id="CountUpgradeUmojanPowertotheWeaponsCompleteOnly1801557862TechTreeCheat">
        <Count Link="UmojanPowertotheWeapons" State="CompleteOnly"/>
    </CRequirementCountUpgrade>
    <CRequirementCountUpgrade id="CountUpgradeUmojanPowertotheWeaponsQueuedOrBetter">
        <Flags index="TechTreeCheat" value="0"/>
        <Count Link="UmojanPowertotheWeapons" State="QueuedOrBetter"/>
    </CRequirementCountUpgrade>
    <CRequirementCountUpgrade id="CountUpgradeUmojanResearchStasisGunCompleteOnly">
        <Flags index="TechTreeCheat" value="0"/>
        <Count Link="UmojanResearchStasisGun" State="CompleteOnly"/>
    </CRequirementCountUpgrade>
    <CRequirementCountUpgrade id="CountUpgradeUmojanResearchStasisGunCompleteOnly2140304198TechTreeCheat">
        <Count Link="UmojanResearchStasisGun" State="CompleteOnly"/>
    </CRequirementCountUpgrade>
    <CRequirementCountUpgrade id="CountUpgradeUmojanResearchStasisGunQueuedOrBetter">
        <Flags index="TechTreeCheat" value="0"/>
        <Count Link="UmojanResearchStasisGun" State="QueuedOrBetter"/>
    </CRequirementCountUpgrade>
    <CRequirementCountUpgrade id="CountUpgradeUmojanSecondaryHangarCompleteOnly">
        <Flags index="TechTreeCheat" value="0"/>
        <Count Link="UmojanSecondaryHangar" State="CompleteOnly"/>
    </CRequirementCountUpgrade>
    <CRequirementCountUpgrade id="CountUpgradeUmojanSecondaryHangarQueuedOrBetter">
        <Flags index="TechTreeCheat" value="0"/>
        <Count Link="UmojanSecondaryHangar" State="QueuedOrBetter"/>
    </CRequirementCountUpgrade>
    <CRequirementCountUpgrade id="CountUpgradeUmojanSelfGuidedMissileCompleteOnly">
        <Flags index="TechTreeCheat" value="0"/>
        <Count Link="UmojanSelfGuidedMissile" State="CompleteOnly"/>
    </CRequirementCountUpgrade>
    <CRequirementCountUpgrade id="CountUpgradeUmojanSelfGuidedMissileCompleteOnly361988169TechTreeCheat">
        <Count Link="UmojanSelfGuidedMissile" State="CompleteOnly"/>
    </CRequirementCountUpgrade>
    <CRequirementCountUpgrade id="CountUpgradeUmojanSelfGuidedMissileQueuedOrBetter">
        <Flags index="TechTreeCheat" value="0"/>
        <Count Link="UmojanSelfGuidedMissile" State="QueuedOrBetter"/>
    </CRequirementCountUpgrade>
    <CRequirementCountUpgrade id="CountUpgradeUmojanShieldsLevel1CompleteOnly">
        <Flags index="TechTreeCheat" value="0"/>
        <Count Link="UmojanShieldsLevel1" State="CompleteOnly"/>
    </CRequirementCountUpgrade>
    <CRequirementCountUpgrade id="CountUpgradeUmojanShieldsLevel1QueuedOrBetter">
        <Flags index="TechTreeCheat" value="0"/>
        <Count Link="UmojanShieldsLevel1" State="QueuedOrBetter"/>
    </CRequirementCountUpgrade>
    <CRequirementCountUpgrade id="CountUpgradeUmojanShieldsLevel2CompleteOnly">
        <Flags index="TechTreeCheat" value="0"/>
        <Count Link="UmojanShieldsLevel2" State="CompleteOnly"/>
    </CRequirementCountUpgrade>
    <CRequirementCountUpgrade id="CountUpgradeUmojanShieldsLevel2QueuedOrBetter">
        <Flags index="TechTreeCheat" value="0"/>
        <Count Link="UmojanShieldsLevel2" State="QueuedOrBetter"/>
    </CRequirementCountUpgrade>
    <CRequirementCountUpgrade id="CountUpgradeUmojanShieldsLevel3QueuedOrBetter">
        <Flags index="TechTreeCheat" value="0"/>
        <Count Link="UmojanShieldsLevel3" State="QueuedOrBetter"/>
    </CRequirementCountUpgrade>
    <CRequirementCountUpgrade id="CountUpgradeUmojanShipPlatingLevel1CompleteOnly">
        <Flags index="TechTreeCheat" value="0"/>
        <Count Link="UmojanShipPlatingLevel1" State="CompleteOnly"/>
    </CRequirementCountUpgrade>
    <CRequirementCountUpgrade id="CountUpgradeUmojanShipPlatingLevel1QueuedOrBetter">
        <Flags index="TechTreeCheat" value="0"/>
        <Count Link="UmojanShipPlatingLevel1" State="QueuedOrBetter"/>
    </CRequirementCountUpgrade>
    <CRequirementCountUpgrade id="CountUpgradeUmojanShipPlatingLevel2CompleteOnly">
        <Flags index="TechTreeCheat" value="0"/>
        <Count Link="UmojanShipPlatingLevel2" State="CompleteOnly"/>
    </CRequirementCountUpgrade>
    <CRequirementCountUpgrade id="CountUpgradeUmojanShipPlatingLevel2QueuedOrBetter">
        <Flags index="TechTreeCheat" value="0"/>
        <Count Link="UmojanShipPlatingLevel2" State="QueuedOrBetter"/>
    </CRequirementCountUpgrade>
    <CRequirementCountUpgrade id="CountUpgradeUmojanShipPlatingLevel3QueuedOrBetter">
        <Flags index="TechTreeCheat" value="0"/>
        <Count Link="UmojanShipPlatingLevel3" State="QueuedOrBetter"/>
    </CRequirementCountUpgrade>
    <CRequirementCountUpgrade id="CountUpgradeUmojanShipWeaponsLevel1CompleteOnly">
        <Flags index="TechTreeCheat" value="0"/>
        <Count Link="UmojanShipWeaponsLevel1" State="CompleteOnly"/>
    </CRequirementCountUpgrade>
    <CRequirementCountUpgrade id="CountUpgradeUmojanShipWeaponsLevel1QueuedOrBetter">
        <Flags index="TechTreeCheat" value="0"/>
        <Count Link="UmojanShipWeaponsLevel1" State="QueuedOrBetter"/>
    </CRequirementCountUpgrade>
    <CRequirementCountUpgrade id="CountUpgradeUmojanShipWeaponsLevel2CompleteOnly">
        <Flags index="TechTreeCheat" value="0"/>
        <Count Link="UmojanShipWeaponsLevel2" State="CompleteOnly"/>
    </CRequirementCountUpgrade>
    <CRequirementCountUpgrade id="CountUpgradeUmojanShipWeaponsLevel2QueuedOrBetter">
        <Flags index="TechTreeCheat" value="0"/>
        <Count Link="UmojanShipWeaponsLevel2" State="QueuedOrBetter"/>
    </CRequirementCountUpgrade>
    <CRequirementCountUpgrade id="CountUpgradeUmojanShipWeaponsLevel3QueuedOrBetter">
        <Flags index="TechTreeCheat" value="0"/>
        <Count Link="UmojanShipWeaponsLevel3" State="QueuedOrBetter"/>
    </CRequirementCountUpgrade>
    <CRequirementCountUpgrade id="CountUpgradeUmojanStrikeMineReserveCompleteOnly">
        <Flags index="TechTreeCheat" value="0"/>
        <Count Link="UmojanStrikeMineReserve" State="CompleteOnly"/>
    </CRequirementCountUpgrade>
    <CRequirementCountUpgrade id="CountUpgradeUmojanStrikeMineReserveQueuedOrBetter">
        <Flags index="TechTreeCheat" value="0"/>
        <Count Link="UmojanStrikeMineReserve" State="QueuedOrBetter"/>
    </CRequirementCountUpgrade>
    <CRequirementCountUpgrade id="CountUpgradeUmojanVehiclePlatingLevel1CompleteOnly">
        <Flags index="TechTreeCheat" value="0"/>
        <Count Link="UmojanVehiclePlatingLevel1" State="CompleteOnly"/>
    </CRequirementCountUpgrade>
    <CRequirementCountUpgrade id="CountUpgradeUmojanVehiclePlatingLevel1QueuedOrBetter">
        <Flags index="TechTreeCheat" value="0"/>
        <Count Link="UmojanVehiclePlatingLevel1" State="QueuedOrBetter"/>
    </CRequirementCountUpgrade>
    <CRequirementCountUpgrade id="CountUpgradeUmojanVehiclePlatingLevel2CompleteOnly">
        <Flags index="TechTreeCheat" value="0"/>
        <Count Link="UmojanVehiclePlatingLevel2" State="CompleteOnly"/>
    </CRequirementCountUpgrade>
    <CRequirementCountUpgrade id="CountUpgradeUmojanVehiclePlatingLevel2QueuedOrBetter">
        <Flags index="TechTreeCheat" value="0"/>
        <Count Link="UmojanVehiclePlatingLevel2" State="QueuedOrBetter"/>
    </CRequirementCountUpgrade>
    <CRequirementCountUpgrade id="CountUpgradeUmojanVehiclePlatingLevel3QueuedOrBetter">
        <Flags index="TechTreeCheat" value="0"/>
        <Count Link="UmojanVehiclePlatingLevel3" State="QueuedOrBetter"/>
    </CRequirementCountUpgrade>
    <CRequirementCountUpgrade id="CountUpgradeUmojanVehicleWeaponsLevel1CompleteOnly">
        <Flags index="TechTreeCheat" value="0"/>
        <Count Link="UmojanVehicleWeaponsLevel1" State="CompleteOnly"/>
    </CRequirementCountUpgrade>
    <CRequirementCountUpgrade id="CountUpgradeUmojanVehicleWeaponsLevel1QueuedOrBetter">
        <Flags index="TechTreeCheat" value="0"/>
        <Count Link="UmojanVehicleWeaponsLevel1" State="QueuedOrBetter"/>
    </CRequirementCountUpgrade>
    <CRequirementCountUpgrade id="CountUpgradeUmojanVehicleWeaponsLevel2CompleteOnly">
        <Flags index="TechTreeCheat" value="0"/>
        <Count Link="UmojanVehicleWeaponsLevel2" State="CompleteOnly"/>
    </CRequirementCountUpgrade>
    <CRequirementCountUpgrade id="CountUpgradeUmojanVehicleWeaponsLevel2QueuedOrBetter">
        <Flags index="TechTreeCheat" value="0"/>
        <Count Link="UmojanVehicleWeaponsLevel2" State="QueuedOrBetter"/>
    </CRequirementCountUpgrade>
    <CRequirementCountUpgrade id="CountUpgradeUmojanVehicleWeaponsLevel3QueuedOrBetter">
        <Flags index="TechTreeCheat" value="0"/>
        <Count Link="UmojanVehicleWeaponsLevel3" State="QueuedOrBetter"/>
    </CRequirementCountUpgrade>
    <CRequirementCountUpgrade id="CountUpgradeUmojanVigilantTurretCompleteOnly">
        <Flags index="TechTreeCheat" value="0"/>
        <Count Link="UmojanVigilantTurret" State="CompleteOnly"/>
    </CRequirementCountUpgrade>
    <CRequirementCountUpgrade id="CountUpgradeUmojanVigilantTurretQueuedOrBetter">
        <Flags index="TechTreeCheat" value="0"/>
        <Count Link="UmojanVigilantTurret" State="QueuedOrBetter"/>
    </CRequirementCountUpgrade>
    <CRequirementEq id="Eq1094801651CountUpgradeUmojanShipWeaponsLevel2CompleteOnly1">
        <OperandArray index="0" value="CountUpgradeUmojanShipWeaponsLevel2CompleteOnly"/>
        <OperandArray index="1" value="1"/>
    </CRequirementEq>
    <CRequirementEq id="Eq1200743483CountUpgradeUmojanInfantryArmorLevel1CompleteOnly1">
        <OperandArray index="0" value="CountUpgradeUmojanInfantryArmorLevel1CompleteOnly"/>
        <OperandArray index="1" value="1"/>
    </CRequirementEq>
    <CRequirementEq id="Eq1460904571CountUpgradeUmojanShipWeaponsLevel1CompleteOnly1">
        <OperandArray index="0" value="CountUpgradeUmojanShipWeaponsLevel1CompleteOnly"/>
        <OperandArray index="1" value="1"/>
    </CRequirementEq>
    <CRequirementEq id="Eq1638599757CountUpgradeUmojanInfantryWeaponsLevel1CompleteOnly1">
        <OperandArray index="0" value="CountUpgradeUmojanInfantryWeaponsLevel1CompleteOnly"/>
        <OperandArray index="1" value="1"/>
    </CRequirementEq>
    <CRequirementEq id="Eq1859133417CountUnitUmojanFrenrirQueuedOrBetter0">
        <OperandArray index="0" value="CountUnitUmojanFrenrirQueuedOrBetter"/>
        <OperandArray index="1" value="0"/>
    </CRequirementEq>
    <CRequirementEq id="Eq2417677087CountUpgradeUmojanVehicleWeaponsLevel1CompleteOnly1">
        <OperandArray index="0" value="CountUpgradeUmojanVehicleWeaponsLevel1CompleteOnly"/>
        <OperandArray index="1" value="1"/>
    </CRequirementEq>
    <CRequirementEq id="Eq2632066860CountUpgradeUmojanInfantryArmorLevel2CompleteOnly1">
        <OperandArray index="0" value="CountUpgradeUmojanInfantryArmorLevel2CompleteOnly"/>
        <OperandArray index="1" value="1"/>
    </CRequirementEq>
    <CRequirementEq id="Eq2685709117CountUpgradeUmojanShieldsLevel1CompleteOnly1">
        <OperandArray index="0" value="CountUpgradeUmojanShieldsLevel1CompleteOnly"/>
        <OperandArray index="1" value="1"/>
    </CRequirementEq>
    <CRequirementEq id="Eq2932063418CountUpgradeUmojanVehiclePlatingLevel1CompleteOnly1">
        <OperandArray index="0" value="CountUpgradeUmojanVehiclePlatingLevel1CompleteOnly"/>
        <OperandArray index="1" value="1"/>
    </CRequirementEq>
    <CRequirementEq id="Eq3149671509CountUpgradeUmojanVehicleWeaponsLevel2CompleteOnly1">
        <OperandArray index="0" value="CountUpgradeUmojanVehicleWeaponsLevel2CompleteOnly"/>
        <OperandArray index="1" value="1"/>
    </CRequirementEq>
    <CRequirementEq id="Eq3687220821CountUpgradeUmojanShipPlatingLevel2CompleteOnly1">
        <OperandArray index="0" value="CountUpgradeUmojanShipPlatingLevel2CompleteOnly"/>
        <OperandArray index="1" value="1"/>
    </CRequirementEq>
    <CRequirementEq id="Eq3880980680CountUpgradeUmojanShipPlatingLevel1CompleteOnly1">
        <OperandArray index="0" value="CountUpgradeUmojanShipPlatingLevel1CompleteOnly"/>
        <OperandArray index="1" value="1"/>
    </CRequirementEq>
    <CRequirementEq id="Eq4185165080CountUpgradeUmojanVehiclePlatingLevel2CompleteOnly1">
        <OperandArray index="0" value="CountUpgradeUmojanVehiclePlatingLevel2CompleteOnly"/>
        <OperandArray index="1" value="1"/>
    </CRequirementEq>
    <CRequirementEq id="Eq419287888CountUpgradeUmojanShieldsLevel2CompleteOnly1">
        <OperandArray index="0" value="CountUpgradeUmojanShieldsLevel2CompleteOnly"/>
        <OperandArray index="1" value="1"/>
    </CRequirementEq>
    <CRequirementEq id="Eq4255153237CountUpgradeUmojanInfantryWeaponsLevel2CompleteOnly1">
        <OperandArray index="0" value="CountUpgradeUmojanInfantryWeaponsLevel2CompleteOnly"/>
        <OperandArray index="1" value="1"/>
    </CRequirementEq>
    <CRequirementEq id="EqCountUpgradeUmojanAdvancedBallisticQueuedOrBetter0">
        <OperandArray index="0" value="CountUpgradeUmojanAdvancedBallisticQueuedOrBetter"/>
        <OperandArray index="1" value="0"/>
    </CRequirementEq>
    <CRequirementEq id="EqCountUpgradeUmojanBattlelinkSystemQueuedOrBetter0">
        <OperandArray index="0" value="CountUpgradeUmojanBattlelinkSystemQueuedOrBetter"/>
        <OperandArray index="1" value="0"/>
    </CRequirementEq>
    <CRequirementEq id="EqCountUpgradeUmojanBlinkQueuedOrBetter0">
        <OperandArray index="0" value="CountUpgradeUmojanBlinkQueuedOrBetter"/>
        <OperandArray index="1" value="0"/>
    </CRequirementEq>
    <CRequirementEq id="EqCountUpgradeUmojanCloakingFieldQueuedOrBetter0">
        <OperandArray index="0" value="CountUpgradeUmojanCloakingFieldQueuedOrBetter"/>
        <OperandArray index="1" value="0"/>
    </CRequirementEq>
    <CRequirementEq id="EqCountUpgradeUmojanCombatShieldQueuedOrBetter0">
        <OperandArray index="0" value="CountUpgradeUmojanCombatShieldQueuedOrBetter"/>
        <OperandArray index="1" value="0"/>
    </CRequirementEq>
    <CRequirementEq id="EqCountUpgradeUmojanCorvidReactorQueuedOrBetter0">
        <OperandArray index="0" value="CountUpgradeUmojanCorvidReactorQueuedOrBetter"/>
        <OperandArray index="1" value="0"/>
    </CRequirementEq>
    <CRequirementEq id="EqCountUpgradeUmojanDisruptionWebQueuedOrBetter0">
        <OperandArray index="0" value="CountUpgradeUmojanDisruptionWebQueuedOrBetter"/>
        <OperandArray index="1" value="0"/>
    </CRequirementEq>
    <CRequirementEq id="EqCountUpgradeUmojanEngineeringSuitQueuedOrBetter0">
        <OperandArray index="0" value="CountUpgradeUmojanEngineeringSuitQueuedOrBetter"/>
        <OperandArray index="1" value="0"/>
    </CRequirementEq>
    <CRequirementEq id="EqCountUpgradeUmojanHiSecAutoTrackingQueuedOrBetter0">
        <OperandArray index="0" value="CountUpgradeUmojanHiSecAutoTrackingQueuedOrBetter"/>
        <OperandArray index="1" value="0"/>
    </CRequirementEq>
    <CRequirementEq id="EqCountUpgradeUmojanHighOutputThrusterQueuedOrBetter0">
        <OperandArray index="0" value="CountUpgradeUmojanHighOutputThrusterQueuedOrBetter"/>
        <OperandArray index="1" value="0"/>
    </CRequirementEq>
    <CRequirementEq id="EqCountUpgradeUmojanInfantryArmorLevel1QueuedOrBetter0">
        <OperandArray index="0" value="CountUpgradeUmojanInfantryArmorLevel1QueuedOrBetter"/>
        <OperandArray index="1" value="0"/>
    </CRequirementEq>
    <CRequirementEq id="EqCountUpgradeUmojanInfantryArmorLevel2QueuedOrBetter0">
        <OperandArray index="0" value="CountUpgradeUmojanInfantryArmorLevel2QueuedOrBetter"/>
        <OperandArray index="1" value="0"/>
    </CRequirementEq>
    <CRequirementEq id="EqCountUpgradeUmojanInfantryArmorLevel3QueuedOrBetter0">
        <OperandArray index="0" value="CountUpgradeUmojanInfantryArmorLevel3QueuedOrBetter"/>
        <OperandArray index="1" value="0"/>
    </CRequirementEq>
    <CRequirementEq id="EqCountUpgradeUmojanInfantryWeaponsLevel1QueuedOrBetter0">
        <OperandArray index="0" value="CountUpgradeUmojanInfantryWeaponsLevel1QueuedOrBetter"/>
        <OperandArray index="1" value="0"/>
    </CRequirementEq>
    <CRequirementEq id="EqCountUpgradeUmojanInfantryWeaponsLevel2QueuedOrBetter0">
        <OperandArray index="0" value="CountUpgradeUmojanInfantryWeaponsLevel2QueuedOrBetter"/>
        <OperandArray index="1" value="0"/>
    </CRequirementEq>
    <CRequirementEq id="EqCountUpgradeUmojanInfantryWeaponsLevel3QueuedOrBetter0">
        <OperandArray index="0" value="CountUpgradeUmojanInfantryWeaponsLevel3QueuedOrBetter"/>
        <OperandArray index="1" value="0"/>
    </CRequirementEq>
    <CRequirementEq id="EqCountUpgradeUmojanLockdownQueuedOrBetter0">
        <OperandArray index="0" value="CountUpgradeUmojanLockdownQueuedOrBetter"/>
        <OperandArray index="1" value="0"/>
    </CRequirementEq>
    <CRequirementEq id="EqCountUpgradeUmojanMedivacIncreaseSpeedBoostQueuedOrBetter0">
        <OperandArray index="0" value="CountUpgradeUmojanMedivacIncreaseSpeedBoostQueuedOrBetter"/>
        <OperandArray index="1" value="0"/>
    </CRequirementEq>
    <CRequirementEq id="EqCountUpgradeUmojanMobileTargetingQueuedOrBetter0">
        <OperandArray index="0" value="CountUpgradeUmojanMobileTargetingQueuedOrBetter"/>
        <OperandArray index="1" value="0"/>
    </CRequirementEq>
    <CRequirementEq id="EqCountUpgradeUmojanOverchargeGeneratorQueuedOrBetter0">
        <OperandArray index="0" value="CountUpgradeUmojanOverchargeGeneratorQueuedOrBetter"/>
        <OperandArray index="1" value="0"/>
    </CRequirementEq>
    <CRequirementEq id="EqCountUpgradeUmojanOverloadWeaponsQueuedOrBetter0">
        <OperandArray index="0" value="CountUpgradeUmojanOverloadWeaponsQueuedOrBetter"/>
        <OperandArray index="1" value="0"/>
    </CRequirementEq>
    <CRequirementEq id="EqCountUpgradeUmojanPersonalCloakingQueuedOrBetter0">
        <OperandArray index="0" value="CountUpgradeUmojanPersonalCloakingQueuedOrBetter"/>
        <OperandArray index="1" value="0"/>
    </CRequirementEq>
    <CRequirementEq id="EqCountUpgradeUmojanPlasmaRecyclerQueuedOrBetter0">
        <OperandArray index="0" value="CountUpgradeUmojanPlasmaRecyclerQueuedOrBetter"/>
        <OperandArray index="1" value="0"/>
    </CRequirementEq>
    <CRequirementEq id="EqCountUpgradeUmojanPowertotheWeaponsQueuedOrBetter0">
        <OperandArray index="0" value="CountUpgradeUmojanPowertotheWeaponsQueuedOrBetter"/>
        <OperandArray index="1" value="0"/>
    </CRequirementEq>
    <CRequirementEq id="EqCountUpgradeUmojanResearchStasisGunQueuedOrBetter0">
        <OperandArray index="0" value="CountUpgradeUmojanResearchStasisGunQueuedOrBetter"/>
        <OperandArray index="1" value="0"/>
    </CRequirementEq>
    <CRequirementEq id="EqCountUpgradeUmojanSecondaryHangarQueuedOrBetter0">
        <OperandArray index="0" value="CountUpgradeUmojanSecondaryHangarQueuedOrBetter"/>
        <OperandArray index="1" value="0"/>
    </CRequirementEq>
    <CRequirementEq id="EqCountUpgradeUmojanSelfGuidedMissileQueuedOrBetter0">
        <OperandArray index="0" value="CountUpgradeUmojanSelfGuidedMissileQueuedOrBetter"/>
        <OperandArray index="1" value="0"/>
    </CRequirementEq>
    <CRequirementEq id="EqCountUpgradeUmojanShieldsLevel1QueuedOrBetter0">
        <OperandArray index="0" value="CountUpgradeUmojanShieldsLevel1QueuedOrBetter"/>
        <OperandArray index="1" value="0"/>
    </CRequirementEq>
    <CRequirementEq id="EqCountUpgradeUmojanShieldsLevel2QueuedOrBetter0">
        <OperandArray index="0" value="CountUpgradeUmojanShieldsLevel2QueuedOrBetter"/>
        <OperandArray index="1" value="0"/>
    </CRequirementEq>
    <CRequirementEq id="EqCountUpgradeUmojanShieldsLevel3QueuedOrBetter0">
        <OperandArray index="0" value="CountUpgradeUmojanShieldsLevel3QueuedOrBetter"/>
        <OperandArray index="1" value="0"/>
    </CRequirementEq>
    <CRequirementEq id="EqCountUpgradeUmojanShipPlatingLevel1QueuedOrBetter0">
        <OperandArray index="0" value="CountUpgradeUmojanShipPlatingLevel1QueuedOrBetter"/>
        <OperandArray index="1" value="0"/>
    </CRequirementEq>
    <CRequirementEq id="EqCountUpgradeUmojanShipPlatingLevel2QueuedOrBetter0">
        <OperandArray index="0" value="CountUpgradeUmojanShipPlatingLevel2QueuedOrBetter"/>
        <OperandArray index="1" value="0"/>
    </CRequirementEq>
    <CRequirementEq id="EqCountUpgradeUmojanShipPlatingLevel3QueuedOrBetter0">
        <OperandArray index="0" value="CountUpgradeUmojanShipPlatingLevel3QueuedOrBetter"/>
        <OperandArray index="1" value="0"/>
    </CRequirementEq>
    <CRequirementEq id="EqCountUpgradeUmojanShipWeaponsLevel1QueuedOrBetter0">
        <OperandArray index="0" value="CountUpgradeUmojanShipWeaponsLevel1QueuedOrBetter"/>
        <OperandArray index="1" value="0"/>
    </CRequirementEq>
    <CRequirementEq id="EqCountUpgradeUmojanShipWeaponsLevel2QueuedOrBetter0">
        <OperandArray index="0" value="CountUpgradeUmojanShipWeaponsLevel2QueuedOrBetter"/>
        <OperandArray index="1" value="0"/>
    </CRequirementEq>
    <CRequirementEq id="EqCountUpgradeUmojanShipWeaponsLevel3QueuedOrBetter0">
        <OperandArray index="0" value="CountUpgradeUmojanShipWeaponsLevel3QueuedOrBetter"/>
        <OperandArray index="1" value="0"/>
    </CRequirementEq>
    <CRequirementEq id="EqCountUpgradeUmojanStrikeMineReserveQueuedOrBetter0">
        <OperandArray index="0" value="CountUpgradeUmojanStrikeMineReserveQueuedOrBetter"/>
        <OperandArray index="1" value="0"/>
    </CRequirementEq>
    <CRequirementEq id="EqCountUpgradeUmojanVehiclePlatingLevel1QueuedOrBetter0">
        <OperandArray index="0" value="CountUpgradeUmojanVehiclePlatingLevel1QueuedOrBetter"/>
        <OperandArray index="1" value="0"/>
    </CRequirementEq>
    <CRequirementEq id="EqCountUpgradeUmojanVehiclePlatingLevel2QueuedOrBetter0">
        <OperandArray index="0" value="CountUpgradeUmojanVehiclePlatingLevel2QueuedOrBetter"/>
        <OperandArray index="1" value="0"/>
    </CRequirementEq>
    <CRequirementEq id="EqCountUpgradeUmojanVehiclePlatingLevel3QueuedOrBetter0">
        <OperandArray index="0" value="CountUpgradeUmojanVehiclePlatingLevel3QueuedOrBetter"/>
        <OperandArray index="1" value="0"/>
    </CRequirementEq>
    <CRequirementEq id="EqCountUpgradeUmojanVehicleWeaponsLevel1QueuedOrBetter0">
        <OperandArray index="0" value="CountUpgradeUmojanVehicleWeaponsLevel1QueuedOrBetter"/>
        <OperandArray index="1" value="0"/>
    </CRequirementEq>
    <CRequirementEq id="EqCountUpgradeUmojanVehicleWeaponsLevel2QueuedOrBetter0">
        <OperandArray index="0" value="CountUpgradeUmojanVehicleWeaponsLevel2QueuedOrBetter"/>
        <OperandArray index="1" value="0"/>
    </CRequirementEq>
    <CRequirementEq id="EqCountUpgradeUmojanVehicleWeaponsLevel3QueuedOrBetter0">
        <OperandArray index="0" value="CountUpgradeUmojanVehicleWeaponsLevel3QueuedOrBetter"/>
        <OperandArray index="1" value="0"/>
    </CRequirementEq>
    <CRequirementEq id="EqCountUpgradeUmojanVigilantTurretQueuedOrBetter0">
        <OperandArray index="0" value="CountUpgradeUmojanVigilantTurretQueuedOrBetter"/>
        <OperandArray index="1" value="0"/>
    </CRequirementEq>
    <CRequirementLT id="LT979712484CountUnitUmojanRaptorQueuedOrBetterAtUnit6">
        <OperandArray index="0" value="CountUnitUmojanRaptorQueuedOrBetterAtUnit"/>
        <OperandArray index="1" value="6"/>
    </CRequirementLT>
    <CRequirementNot id="Not83801426CountUnitNukeQueuedOrBetterAtUnit">
        <OperandArray index="0" value="CountUnitNukeQueuedOrBetterAtUnit"/>
    </CRequirementNot>
    <CRequirementNot id="NotCountBehaviorUmojanAloeSendReconActiveReconCompleteOnlyAtUnit">
        <OperandArray index="0" value="CountBehaviorUmojanAloeSendReconActiveReconCompleteOnlyAtUnit"/>
    </CRequirementNot>
    <CRequirementNot id="NotCountBehaviorUmojanBattlecatStayatRangeCompleteOnlyAtUnit">
        <OperandArray index="0" value="CountBehaviorUmojanBattlecatStayatRangeCompleteOnlyAtUnit"/>
    </CRequirementNot>
    <CRequirementNot id="NotCountBehaviorUmojanScienceBlueCompleteOnlyAtUnit">
        <OperandArray index="0" value="CountBehaviorUmojanScienceBlueCompleteOnlyAtUnit"/>
    </CRequirementNot>
    <CRequirementNot id="NotCountBehaviorUmojanScienceGreenCompleteOnlyAtUnit">
        <OperandArray index="0" value="CountBehaviorUmojanScienceGreenCompleteOnlyAtUnit"/>
    </CRequirementNot>
    <CRequirementNot id="NotCountBehaviorUmojanScienceRedCompleteOnlyAtUnit">
        <OperandArray index="0" value="CountBehaviorUmojanScienceRedCompleteOnlyAtUnit"/>
    </CRequirementNot>
    <CRequirementOr id="OrCountBehaviorUmojanScienceBlueCompleteOnlyAtUnit">
        <OperandArray value="CountBehaviorUmojanScienceBlueCompleteOnlyAtUnit"/>
    </CRequirementOr>
    <CRequirementOr id="OrCountBehaviorUmojanScienceBlueCompleteOnlyAtUnitCountBehaviorUmojanScienceBlueCompleteOnlyAtUnit">
        <OperandArray value="CountBehaviorUmojanScienceBlueCompleteOnlyAtUnit"/>
        <OperandArray value="CountBehaviorUmojanScienceBlueCompleteOnlyAtUnit"/>
    </CRequirementOr>
    <CRequirementOr id="OrCountBehaviorUmojanScienceGreenCompleteOnlyAtUnit">
        <OperandArray value="CountBehaviorUmojanScienceGreenCompleteOnlyAtUnit"/>
    </CRequirementOr>
    <CRequirementOr id="OrCountBehaviorUmojanScienceGreenCompleteOnlyAtUnitCountBehaviorUmojanScienceGreenCompleteOnlyAtUnit">
        <OperandArray value="CountBehaviorUmojanScienceGreenCompleteOnlyAtUnit"/>
        <OperandArray value="CountBehaviorUmojanScienceGreenCompleteOnlyAtUnit"/>
    </CRequirementOr>
    <CRequirementOr id="OrCountBehaviorUmojanScienceRedCompleteOnlyAtUnit">
        <OperandArray value="CountBehaviorUmojanScienceRedCompleteOnlyAtUnit"/>
    </CRequirementOr>
    <CRequirementOr id="OrCountBehaviorUmojanScienceRedCompleteOnlyAtUnitCountBehaviorUmojanScienceRedCompleteOnlyAtUnit">
        <OperandArray value="CountBehaviorUmojanScienceRedCompleteOnlyAtUnit"/>
        <OperandArray value="CountBehaviorUmojanScienceRedCompleteOnlyAtUnit"/>
    </CRequirementOr>
    <CRequirementOr id="OrTechTreeCheatCountBehaviorUmojanScienceBlueCompleteOnlyAtUnitCountBehaviorUmojanScienceBlueCompleteOnlyAtUnit">
        <Flags index="TechTreeCheat" value="1"/>
        <OperandArray value="CountBehaviorUmojanScienceBlueCompleteOnlyAtUnit"/>
        <OperandArray value="CountBehaviorUmojanScienceBlueCompleteOnlyAtUnit"/>
    </CRequirementOr>
    <CRequirementOr id="OrTechTreeCheatCountBehaviorUmojanScienceGreenCompleteOnlyAtUnitCountBehaviorUmojanScienceGreenCompleteOnlyAtUnit">
        <Flags index="TechTreeCheat" value="1"/>
        <OperandArray value="CountBehaviorUmojanScienceGreenCompleteOnlyAtUnit"/>
        <OperandArray value="CountBehaviorUmojanScienceGreenCompleteOnlyAtUnit"/>
    </CRequirementOr>
    <CRequirementOr id="OrTechTreeCheatCountBehaviorUmojanScienceRedCompleteOnlyAtUnitCountBehaviorUmojanScienceRedCompleteOnlyAtUnit">
        <Flags index="TechTreeCheat" value="1"/>
        <OperandArray value="CountBehaviorUmojanScienceRedCompleteOnlyAtUnit"/>
        <OperandArray value="CountBehaviorUmojanScienceRedCompleteOnlyAtUnit"/>
    </CRequirementOr>
</Catalog>
