<?xml version="1.0" encoding="utf-8"?>
<Catalog>
    <CRequirement id="LearnUmojanSecondaryHangar">
        <EditorCategories value="Race:Terran,TechType:Upgrade"/>
        <NodeArray index="Show" Link="EqCountUpgradeUmojanSecondaryHangarQueuedOrBetter0"/>
    </CRequirement>
    <CRequirement id="LearnUmojanOverchargeGenerator">
        <EditorCategories value="Race:Terran,TechType:Upgrade"/>
        <NodeArray index="Show" Link="EqCountUpgradeUmojanOverchargeGeneratorQueuedOrBetter0"/>
    </CRequirement>
    <CRequirement id="UmojanArmRaptor">
        <EditorCategories value="Race:Terran,TechType:Unit"/>
        <NodeArray index="Use" Link="LT979712484CountUnitUmojanRaptorQueuedOrBetterAtUnit6"/>
    </CRequirement>
    <CRequirement id="LearnUmojanLockdown">
        <EditorCategories value="Race:Terran,TechType:Upgrade"/>
        <NodeArray index="Show" Link="EqCountUpgradeUmojanLockdownQueuedOrBetter0"/>
    </CRequirement>
    <CRequirement id="UmojanHaveActiveRecon">
        <EditorCategories value="Race:Terran,TechType:Ability"/>
        <NodeArray index="Use" Link="CountBehaviorUmojanAloeSendReconActiveReconCompleteOnlyAtUnit"/>
        <NodeArray index="Show" Link="CountBehaviorUmojanAloeSendReconActiveReconCompleteOnlyAtUnit"/>
    </CRequirement>
    <CRequirement id="UmojanHaveNoActiveReconandSecondaryHangar">
        <EditorCategories value="Race:Terran,TechType:Ability"/>
        <NodeArray index="Use" Link="CountUpgradeUmojanSecondaryHangarCompleteOnly"/>
        <NodeArray index="Show" Link="NotCountBehaviorUmojanAloeSendReconActiveReconCompleteOnlyAtUnit"/>
    </CRequirement>
    <CRequirement id="UmojanHaveNuke">
        <EditorCategories value="Race:Terran,TechType:Unit"/>
        <CanBeSuppressed index="Use" value="0"/>
        <NodeArray index="Use" Link="CountUnitNukeCompleteOnly3748442553"/>
    </CRequirement>
    <CRequirement id="UmojanResearchSecondaryHangarResearched">
        <EditorCategories value="Race:Terran,TechType:Upgrade"/>
        <NodeArray index="Use" Link="CountUpgradeUmojanSecondaryHangarCompleteOnly"/>
    </CRequirement>
    <CRequirement id="UmojanResearchLockdownResearched">
        <EditorCategories value="Race:Terran,TechType:Upgrade"/>
        <NodeArray index="Use" Link="CountUpgradeUmojanLockdownCompleteOnly"/>
    </CRequirement>
    <CRequirement id="UmojanResearchEngineeringSuitResearchedandAcademy">
        <EditorCategories value="Race:Terran,TechType:Upgrade"/>
        <NodeArray index="Use" Link="AndCountUpgradeUmojanEngineeringSuitCompleteOnlyTechTreeCheatCountUnitUmojanBarracksCompleteOnlyTechTreeCheat"/>
    </CRequirement>
    <CRequirement id="UmojanHaveNoActiveRecon">
        <EditorCategories value="Race:Terran,TechType:Ability"/>
        <NodeArray index="Use" Link="NotCountBehaviorUmojanAloeSendReconActiveReconCompleteOnlyAtUnit"/>
        <NodeArray index="Show" Link="NotCountBehaviorUmojanAloeSendReconActiveReconCompleteOnlyAtUnit"/>
    </CRequirement>
    <CRequirement id="UmojanResearchOverchargeGeneratorResearched">
        <EditorCategories value="Race:Terran,TechType:Upgrade"/>
        <NodeArray index="Use" Link="CountUpgradeUmojanOverchargeGeneratorCompleteOnly"/>
    </CRequirement>
    <CRequirement id="UmojanStayingatRange">
        <EditorCategories value="Race:Terran,TechType:Ability"/>
        <NodeArray index="Show" Link="CountBehaviorUmojanBattlecatStayatRangeCompleteOnlyAtUnit"/>
    </CRequirement>
    <CRequirement id="UmojanNotStayingatRange">
        <EditorCategories value="Race:Terran,TechType:Ability"/>
        <NodeArray index="Show" Link="NotCountBehaviorUmojanBattlecatStayatRangeCompleteOnlyAtUnit"/>
    </CRequirement>
    <CRequirement id="LearnUmojanBlink">
        <EditorCategories value="Race:Terran,TechType:Upgrade"/>
        <NodeArray index="Show" Link="AndEqCountUpgradeUmojanBlinkQueuedOrBetter0OrCountBehaviorUmojanScienceBlueCompleteOnlyAtUnit"/>
    </CRequirement>
    <CRequirement id="LearnUmojanPersonalCloaking">
        <EditorCategories value="Race:Terran,TechType:Upgrade"/>
        <NodeArray index="Show" Link="EqCountUpgradeUmojanPersonalCloakingQueuedOrBetter0"/>
    </CRequirement>
    <CRequirement id="LearnUmojanCorvidReactor">
        <EditorCategories value="Race:Terran,TechType:Upgrade"/>
        <NodeArray index="Show" Link="AndEqCountUpgradeUmojanCorvidReactorQueuedOrBetter0OrCountBehaviorUmojanScienceGreenCompleteOnlyAtUnit"/>
    </CRequirement>
    <CRequirement id="LearnUmojanHighOutputReactor">
        <EditorCategories value="Race:Terran,TechType:Upgrade"/>
        <NodeArray index="Show" Link="AndEqCountUpgradeUmojanHighOutputThrusterQueuedOrBetter0OrCountBehaviorUmojanScienceGreenCompleteOnlyAtUnit"/>
    </CRequirement>
    <CRequirement id="LearnUmojanOverloadWeapons">
        <EditorCategories value="Race:Terran,TechType:Upgrade"/>
        <NodeArray index="Show" Link="AndEqCountUpgradeUmojanOverloadWeaponsQueuedOrBetter0OrCountBehaviorUmojanScienceGreenCompleteOnlyAtUnit"/>
    </CRequirement>
    <CRequirement id="LearnUmojanVigilantTurret">
        <EditorCategories value="Race:Terran,TechType:Upgrade"/>
        <NodeArray index="Show" Link="EqCountUpgradeUmojanVigilantTurretQueuedOrBetter0"/>
    </CRequirement>
    <CRequirement id="LearnUmojanMedivacSpeedBoostUpgrade">
        <EditorCategories value="Race:Terran,TechType:Upgrade"/>
        <NodeArray index="Show" Link="EqCountUpgradeUmojanMedivacIncreaseSpeedBoostQueuedOrBetter0"/>
    </CRequirement>
    <CRequirement id="LearnUmojanSelfGuidedMissile">
        <EditorCategories value="Race:Terran,TechType:Upgrade"/>
        <NodeArray index="Show" Link="EqCountUpgradeUmojanSelfGuidedMissileQueuedOrBetter0"/>
    </CRequirement>
    <CRequirement id="LearnUmojanStasisGun">
        <EditorCategories value="Race:Terran,TechType:Upgrade"/>
        <NodeArray index="Show" Link="EqCountUpgradeUmojanResearchStasisGunQueuedOrBetter0"/>
    </CRequirement>
    <CRequirement id="LearnUmojanBattlelinkSystem">
        <EditorCategories value="Race:Terran,TechType:Upgrade"/>
        <NodeArray index="Show" Link="AndEqCountUpgradeUmojanBattlelinkSystemQueuedOrBetter0OrCountBehaviorUmojanScienceBlueCompleteOnlyAtUnit"/>
    </CRequirement>
    <CRequirement id="LearnUmojanCloakingField">
        <EditorCategories value="Race:Terran,TechType:Upgrade"/>
        <NodeArray index="Show" Link="AndEqCountUpgradeUmojanCloakingFieldQueuedOrBetter0OrCountBehaviorUmojanScienceGreenCompleteOnlyAtUnit"/>
    </CRequirement>
    <CRequirement id="LearnUmojanPlasmaRecycler">
        <EditorCategories value="Race:Terran,TechType:Upgrade"/>
        <NodeArray index="Show" Link="AndEqCountUpgradeUmojanPlasmaRecyclerQueuedOrBetter0OrCountBehaviorUmojanScienceRedCompleteOnlyAtUnit"/>
    </CRequirement>
    <CRequirement id="LearnUmojanDisruptionWeb">
        <EditorCategories value="Race:Terran,TechType:Upgrade"/>
        <NodeArray index="Show" Link="AndEqCountUpgradeUmojanDisruptionWebQueuedOrBetter0OrCountBehaviorUmojanScienceRedCompleteOnlyAtUnit"/>
    </CRequirement>
    <CRequirement id="LearnUmojanCombatShield">
        <EditorCategories value="Race:Terran,TechType:Upgrade"/>
        <NodeArray index="Show" Link="AndEqCountUpgradeUmojanCombatShieldQueuedOrBetter0OrCountBehaviorUmojanScienceRedCompleteOnlyAtUnit"/>
    </CRequirement>
    <CRequirement id="LearnUmojanPowertotheWeapons">
        <EditorCategories value="Race:Terran,TechType:Upgrade"/>
        <NodeArray index="Show" Link="AndEqCountUpgradeUmojanPowertotheWeaponsQueuedOrBetter0OrCountBehaviorUmojanScienceRedCompleteOnlyAtUnit"/>
    </CRequirement>
    <CRequirement id="LearnUmojanEngineeringSuit">
        <EditorCategories value="Race:Terran,TechType:Upgrade"/>
        <NodeArray index="Show" Link="AndEqCountUpgradeUmojanEngineeringSuitQueuedOrBetter0OrCountBehaviorUmojanScienceBlueCompleteOnlyAtUnit"/>
    </CRequirement>
    <CRequirement id="LearnUmojanMobileTargeting">
        <EditorCategories value="Race:Terran,TechType:Upgrade"/>
        <NodeArray index="Show" Link="AndEqCountUpgradeUmojanMobileTargetingQueuedOrBetter0OrCountBehaviorUmojanScienceBlueCompleteOnlyAtUnit"/>
    </CRequirement>
    <CRequirement id="LearnUmojanShield1">
        <EditorCategories value="Race:Terran,TechType:Upgrade"/>
        <NodeArray index="Show" Link="EqCountUpgradeUmojanShieldsLevel1QueuedOrBetter0"/>
    </CRequirement>
    <CRequirement id="LearnUmojanShield2">
        <EditorCategories value="Race:Protoss,TechType:Upgrade"/>
        <NodeArray index="Use" Link="AndEq2685709117CountUpgradeUmojanShieldsLevel1CompleteOnly1CountUnitUmojanArmoryCompleteOnlyTechTreeCheat"/>
        <NodeArray index="Show" Link="EqCountUpgradeUmojanShieldsLevel2QueuedOrBetter0"/>
    </CRequirement>
    <CRequirement id="LearnUmojanInfantryArmor1">
        <EditorCategories value="Race:Terran,TechType:Upgrade"/>
        <NodeArray index="Show" Link="EqCountUpgradeUmojanInfantryArmorLevel1QueuedOrBetter0"/>
    </CRequirement>
    <CRequirement id="LearnUmojanInfantryArmor2">
        <EditorCategories value="Race:Terran,TechType:Upgrade"/>
        <NodeArray index="Use" Link="AndEq1200743483CountUpgradeUmojanInfantryArmorLevel1CompleteOnly1CountUnitUmojanArmoryCompleteOnlyTechTreeCheat"/>
        <NodeArray index="Show" Link="EqCountUpgradeUmojanInfantryArmorLevel2QueuedOrBetter0"/>
    </CRequirement>
    <CRequirement id="LearnUmojanInfantryArmor3">
        <EditorCategories value="Race:Terran,TechType:Upgrade"/>
        <NodeArray index="Use" Link="AndEq2632066860CountUpgradeUmojanInfantryArmorLevel2CompleteOnly1CountUnitUmojanArmoryCompleteOnlyTechTreeCheat"/>
        <NodeArray index="Show" Link="EqCountUpgradeUmojanInfantryArmorLevel3QueuedOrBetter0"/>
    </CRequirement>
    <CRequirement id="LearnUmojanInfantryWeapon1">
        <EditorCategories value="Race:Terran,TechType:Upgrade"/>
        <NodeArray index="Show" Link="EqCountUpgradeUmojanInfantryWeaponsLevel1QueuedOrBetter0"/>
    </CRequirement>
    <CRequirement id="LearnUmojanInfantryWeapon2">
        <EditorCategories value="Race:Terran,TechType:Upgrade"/>
        <NodeArray index="Use" Link="AndEq1638599757CountUpgradeUmojanInfantryWeaponsLevel1CompleteOnly1CountUnitUmojanArmoryCompleteOnlyTechTreeCheat"/>
        <NodeArray index="Show" Link="EqCountUpgradeUmojanInfantryWeaponsLevel2QueuedOrBetter0"/>
    </CRequirement>
    <CRequirement id="LearnUmojanInfantryWeapon3">
        <EditorCategories value="Race:Terran,TechType:Upgrade"/>
        <NodeArray index="Use" Link="AndEq4255153237CountUpgradeUmojanInfantryWeaponsLevel2CompleteOnly1CountUnitUmojanArmoryCompleteOnlyTechTreeCheat"/>
        <NodeArray index="Show" Link="EqCountUpgradeUmojanInfantryWeaponsLevel3QueuedOrBetter0"/>
    </CRequirement>
    <CRequirement id="LearnUmojanShield3">
        <EditorCategories value="Race:Protoss,TechType:Upgrade"/>
        <NodeArray index="Use" Link="AndEq419287888CountUpgradeUmojanShieldsLevel2CompleteOnly1CountUnitUmojanArmoryCompleteOnlyTechTreeCheat"/>
        <NodeArray index="Show" Link="EqCountUpgradeUmojanShieldsLevel3QueuedOrBetter0"/>
    </CRequirement>
    <CRequirement id="LearnUmojanShipArmor1">
        <EditorCategories value="Race:Terran,TechType:Upgrade"/>
        <NodeArray index="Show" Link="EqCountUpgradeUmojanShipPlatingLevel1QueuedOrBetter0"/>
    </CRequirement>
    <CRequirement id="LearnUmojanShipArmor2">
        <EditorCategories value="Race:Terran,TechType:Upgrade"/>
        <NodeArray index="Use" Link="AndEq3880980680CountUpgradeUmojanShipPlatingLevel1CompleteOnly1"/>
        <NodeArray index="Show" Link="EqCountUpgradeUmojanShipPlatingLevel2QueuedOrBetter0"/>
    </CRequirement>
    <CRequirement id="LearnUmojanShipArmor3">
        <EditorCategories value="Race:Terran,TechType:Upgrade"/>
        <NodeArray index="Use" Link="AndEq3687220821CountUpgradeUmojanShipPlatingLevel2CompleteOnly1"/>
        <NodeArray index="Show" Link="EqCountUpgradeUmojanShipPlatingLevel3QueuedOrBetter0"/>
    </CRequirement>
    <CRequirement id="LearnUmojanShipWeapon2">
        <EditorCategories value="Race:Terran,TechType:Upgrade"/>
        <NodeArray index="Use" Link="AndEq1460904571CountUpgradeUmojanShipWeaponsLevel1CompleteOnly1"/>
        <NodeArray index="Show" Link="EqCountUpgradeUmojanShipWeaponsLevel2QueuedOrBetter0"/>
    </CRequirement>
    <CRequirement id="LearnUmojanShipWeapon1">
        <EditorCategories value="Race:Terran,TechType:Upgrade"/>
        <NodeArray index="Show" Link="EqCountUpgradeUmojanShipWeaponsLevel1QueuedOrBetter0"/>
    </CRequirement>
    <CRequirement id="LearnUmojanShipWeapon3">
        <EditorCategories value="Race:Terran,TechType:Upgrade"/>
        <NodeArray index="Use" Link="AndEq1094801651CountUpgradeUmojanShipWeaponsLevel2CompleteOnly1"/>
        <NodeArray index="Show" Link="EqCountUpgradeUmojanShipWeaponsLevel3QueuedOrBetter0"/>
    </CRequirement>
    <CRequirement id="LearnUmojanHiSecAutoTracking">
        <EditorCategories value="Race:Terran,TechType:Upgrade"/>
        <NodeArray index="Show" Link="EqCountUpgradeUmojanHiSecAutoTrackingQueuedOrBetter0"/>
    </CRequirement>
    <CRequirement id="LearnUmojanStrikeMineReserve">
        <EditorCategories value="Race:Terran,TechType:Upgrade"/>
        <NodeArray index="Show" Link="AndEqCountUpgradeUmojanStrikeMineReserveQueuedOrBetter0OrCountBehaviorUmojanScienceBlueCompleteOnlyAtUnit"/>
    </CRequirement>
    <CRequirement id="LearnUmojanVehicleArmor2">
        <EditorCategories value="Race:Terran,TechType:Upgrade"/>
        <NodeArray index="Use" Link="AndEq2932063418CountUpgradeUmojanVehiclePlatingLevel1CompleteOnly1"/>
        <NodeArray index="Show" Link="EqCountUpgradeUmojanVehiclePlatingLevel2QueuedOrBetter0"/>
    </CRequirement>
    <CRequirement id="LearnUmojanVehicleArmor1">
        <EditorCategories value="Race:Terran,TechType:Upgrade"/>
        <NodeArray index="Show" Link="EqCountUpgradeUmojanVehiclePlatingLevel1QueuedOrBetter0"/>
    </CRequirement>
    <CRequirement id="LearnUmojanVehicleArmor3">
        <EditorCategories value="Race:Terran,TechType:Upgrade"/>
        <NodeArray index="Use" Link="AndEq4185165080CountUpgradeUmojanVehiclePlatingLevel2CompleteOnly1"/>
        <NodeArray index="Show" Link="EqCountUpgradeUmojanVehiclePlatingLevel3QueuedOrBetter0"/>
    </CRequirement>
    <CRequirement id="LearnUmojanVehicleWeapon2">
        <EditorCategories value="Race:Terran,TechType:Upgrade"/>
        <NodeArray index="Use" Link="AndEq2417677087CountUpgradeUmojanVehicleWeaponsLevel1CompleteOnly1"/>
        <NodeArray index="Show" Link="EqCountUpgradeUmojanVehicleWeaponsLevel2QueuedOrBetter0"/>
    </CRequirement>
    <CRequirement id="LearnUmojanVehicleWeapon1">
        <EditorCategories value="Race:Terran,TechType:Upgrade"/>
        <NodeArray index="Show" Link="EqCountUpgradeUmojanVehicleWeaponsLevel1QueuedOrBetter0"/>
    </CRequirement>
    <CRequirement id="LearnUmojanVehicleWeapon3">
        <EditorCategories value="Race:Terran,TechType:Upgrade"/>
        <NodeArray index="Use" Link="AndEq3149671509CountUpgradeUmojanVehicleWeaponsLevel2CompleteOnly1"/>
        <NodeArray index="Show" Link="EqCountUpgradeUmojanVehicleWeaponsLevel3QueuedOrBetter0"/>
    </CRequirement>
    <CRequirement id="UmojanTrainNuke">
        <EditorCategories value="Race:Terran,TechType:Ability"/>
        <NodeArray index="Use" Link="AndCountUnitUmojanFactoryCompleteOnlyNot83801426CountUnitNukeQueuedOrBetterAtUnit"/>
    </CRequirement>
    <CRequirement id="UmojanHaveAcademy">
        <EditorCategories value="Race:Terran,TechType:Unit"/>
        <CanBeSuppressed index="Use" value="0"/>
        <NodeArray index="Use" Link="CountUnitUmojanBarracksCompleteOnlyTechTreeCheat"/>
    </CRequirement>
    <CRequirement id="UmojanHaveFleetCoreandNoFrenrir">
        <EditorCategories value="Race:Terran,TechType:Unit"/>
        <CanBeSuppressed index="Use" value="0"/>
        <NodeArray index="Use" Link="AndCountUnitUmojanFusionCoreCompleteOnlyTechTreeCheatEq1859133417CountUnitUmojanFrenrirQueuedOrBetter0"/>
    </CRequirement>
    <CRequirement id="UmojanHaveScienceFacility">
        <EditorCategories value="Race:Terran,TechType:Unit"/>
        <CanBeSuppressed index="Use" value="0"/>
        <NodeArray index="Use" Link="CountUnitAlias_Umojan_ScienceFacilityCompleteOnly2661977898TechTreeCheat"/>
    </CRequirement>
    <CRequirement id="UmojanHaveCommandHub">
        <EditorCategories value="Race:Terran,TechType:Unit"/>
        <CanBeSuppressed index="Use" value="0"/>
        <NodeArray index="Use" Link="CountUnitUmojanCommandCenterCompleteOnlyTechTreeCheat"/>
    </CRequirement>
    <CRequirement id="UmojanResearchPersonalCloakingResearched">
        <EditorCategories value="Race:Terran,TechType:Upgrade"/>
        <NodeArray index="Use" Link="CountUpgradeUmojanPersonalCloakingCompleteOnly"/>
    </CRequirement>
    <CRequirement id="UmojanResearchBlinkResearched">
        <EditorCategories value="Race:Terran,TechType:Upgrade"/>
        <NodeArray index="Use" Link="CountUpgradeUmojanBlinkCompleteOnly"/>
    </CRequirement>
    <CRequirement id="UmojanResearchStasisGunResearched">
        <EditorCategories value="Race:Terran,TechType:Upgrade"/>
        <NodeArray index="Use" Link="CountUpgradeUmojanResearchStasisGunCompleteOnly"/>
    </CRequirement>
    <CRequirement id="UmojanResearchRapidReignitionSystemResearched">
        <EditorCategories value="Race:Terran,TechType:Upgrade"/>
        <NodeArray index="Use" Link="CountUpgradeUmojanMedivacIncreaseSpeedBoostCompleteOnly"/>
    </CRequirement>
    <CRequirement id="UmojanResearchCloakingFieldResearched">
        <EditorCategories value="Race:Terran,TechType:Upgrade"/>
        <NodeArray index="Use" Link="CountUpgradeUmojanCloakingFieldCompleteOnly"/>
    </CRequirement>
    <CRequirement id="UmojanResearchSelfGuidedMissileResearched">
        <EditorCategories value="Race:Terran,TechType:Upgrade"/>
        <NodeArray index="Use" Link="CountUpgradeUmojanSelfGuidedMissileCompleteOnly"/>
    </CRequirement>
    <CRequirement id="UmojanResearchEngineeringSuitResearched">
        <EditorCategories value="Race:Terran,TechType:Upgrade"/>
        <NodeArray index="Use" Link="CountUpgradeUmojanEngineeringSuitCompleteOnly"/>
    </CRequirement>
    <CRequirement id="UmojanResearchMobileTargetingResearched">
        <EditorCategories value="Race:Terran,TechType:Upgrade"/>
        <NodeArray index="Use" Link="CountUpgradeUmojanMobileTargetingCompleteOnly"/>
    </CRequirement>
    <CRequirement id="UmojanResearchStrikeMineReserveResearched">
        <EditorCategories value="Race:Terran,TechType:Upgrade"/>
        <NodeArray index="Use" Link="CountUpgradeUmojanStrikeMineReserveCompleteOnly"/>
    </CRequirement>
    <CRequirement id="UmojanScienceBlueResearch">
        <EditorCategories value="Race:Terran,TechType:Ability"/>
        <NodeArray index="Use" Link="OrTechTreeCheatCountBehaviorUmojanScienceBlueCompleteOnlyAtUnitCountBehaviorUmojanScienceBlueCompleteOnlyAtUnit"/>
        <NodeArray index="Show" Link="OrCountBehaviorUmojanScienceBlueCompleteOnlyAtUnitCountBehaviorUmojanScienceBlueCompleteOnlyAtUnit"/>
    </CRequirement>
    <CRequirement id="UmojanScienceRedResearch">
        <EditorCategories value="Race:Terran,TechType:Ability"/>
        <NodeArray index="Use" Link="OrTechTreeCheatCountBehaviorUmojanScienceRedCompleteOnlyAtUnitCountBehaviorUmojanScienceRedCompleteOnlyAtUnit"/>
        <NodeArray index="Show" Link="OrCountBehaviorUmojanScienceRedCompleteOnlyAtUnitCountBehaviorUmojanScienceRedCompleteOnlyAtUnit"/>
    </CRequirement>
    <CRequirement id="UmojanScienceGreenResearch">
        <EditorCategories value="Race:Terran,TechType:Ability"/>
        <NodeArray index="Use" Link="OrTechTreeCheatCountBehaviorUmojanScienceGreenCompleteOnlyAtUnitCountBehaviorUmojanScienceGreenCompleteOnlyAtUnit"/>
        <NodeArray index="Show" Link="OrCountBehaviorUmojanScienceGreenCompleteOnlyAtUnitCountBehaviorUmojanScienceGreenCompleteOnlyAtUnit"/>
    </CRequirement>
    <CRequirement id="UmojanScienceGreenBuildFleetCore">
        <EditorCategories value="Race:Terran,TechType:Unit"/>
        <CanBeSuppressed index="Use" value="0"/>
        <NodeArray index="Use" Link="AndTechTreeCheatCountBehaviorUmojanScienceConsumerValidatorGreenCompleteOnlyAtUnitCountUnitUmojanFusionCoreCompleteOnlyTechTreeCheat"/>
    </CRequirement>
    <CRequirement id="UmojanHaveMechanicsBay">
        <EditorCategories value="Race:Terran,TechType:Unit"/>
        <CanBeSuppressed index="Use" value="0"/>
        <NodeArray index="Use" Link="CountUnitUmojanEngineeringBayCompleteOnlyTechTreeCheat"/>
    </CRequirement>
    <CRequirement id="UmojanHaveWorkshop">
        <EditorCategories value="Race:Terran,TechType:Unit"/>
        <CanBeSuppressed index="Use" value="0"/>
        <NodeArray index="Use" Link="CountUnitUmojanFactoryCompleteOnlyTechTreeCheat"/>
    </CRequirement>
    <CRequirement id="UmojanHaveShipyard">
        <EditorCategories value="Race:Terran,TechType:Unit"/>
        <CanBeSuppressed index="Use" value="0"/>
        <NodeArray index="Use" Link="CountUnitUmojanStarportCompleteOnlyTechTreeCheat"/>
    </CRequirement>
    <CRequirement id="UmojanHaveSupplyCache">
        <EditorCategories value="Race:Terran,TechType:Unit"/>
        <CanBeSuppressed index="Use" value="0"/>
        <NodeArray index="Use" Link="CountUnitAlias_Umojan_SupplyCacheCompleteOnly1812716294TechTreeCheat"/>
    </CRequirement>
    <CRequirement id="UmojanHaveFleetCore">
        <EditorCategories value="Race:Terran,TechType:Unit"/>
        <CanBeSuppressed index="Use" value="0"/>
        <NodeArray index="Use" Link="CountUnitUmojanFusionCoreCompleteOnlyTechTreeCheat"/>
    </CRequirement>
    <CRequirement id="UmojanScienceBlueBuildFoundry">
        <EditorCategories value="Race:Terran,TechType:Unit"/>
        <CanBeSuppressed index="Use" value="0"/>
        <NodeArray index="Use" Link="AndTechTreeCheatCountBehaviorUmojanScienceConsumerValidatorBlueCompleteOnlyAtUnitCountUnitUmojanArmoryCompleteOnlyTechTreeCheat"/>
    </CRequirement>
    <CRequirement id="UmojanResearchVigilantTurretResearched">
        <EditorCategories value="Race:Terran,TechType:Upgrade"/>
        <NodeArray index="Use" Link="CountUpgradeUmojanVigilantTurretCompleteOnly"/>
    </CRequirement>
    <CRequirement id="UmojanScienceBlue">
        <EditorCategories value="Race:Terran,TechType:Ability"/>
        <NodeArray index="Use" Link="CountUnitUmojanFactoryCompleteOnlyTechTreeCheat"/>
        <NodeArray index="Show" Link="NotCountBehaviorUmojanScienceBlueCompleteOnlyAtUnit"/>
    </CRequirement>
    <CRequirement id="UmojanScienceBlueBuild">
        <EditorCategories value="Race:Terran,TechType:Ability"/>
        <NodeArray index="Use" Link="CountBehaviorUmojanScienceConsumerValidatorBlueCompleteOnlyAtUnitTechTreeCheat"/>
    </CRequirement>
    <CRequirement id="UmojanScienceGreen">
        <EditorCategories value="Race:Terran,TechType:Ability"/>
        <NodeArray index="Use" Link="CountUnitUmojanStarportCompleteOnlyTechTreeCheat"/>
        <NodeArray index="Show" Link="NotCountBehaviorUmojanScienceGreenCompleteOnlyAtUnit"/>
    </CRequirement>
    <CRequirement id="UmojanScienceGreenBuild">
        <EditorCategories value="Race:Terran,TechType:Ability"/>
        <NodeArray index="Use" Link="CountBehaviorUmojanScienceConsumerValidatorGreenCompleteOnlyAtUnitTechTreeCheat"/>
    </CRequirement>
    <CRequirement id="UmojanScienceRed">
        <EditorCategories value="Race:Terran,TechType:Ability"/>
        <NodeArray index="Use" Link="CountUnitUmojanBarracksCompleteOnlyTechTreeCheat"/>
        <NodeArray index="Show" Link="NotCountBehaviorUmojanScienceRedCompleteOnlyAtUnit"/>
    </CRequirement>
    <CRequirement id="UmojanScienceRedBuild">
        <EditorCategories value="Race:Terran,TechType:Ability"/>
        <NodeArray index="Use" Link="CountBehaviorUmojanScienceConsumerValidatorRedCompleteOnlyAtUnitTechTreeCheat"/>
    </CRequirement>
    <CRequirement id="UmojanScienceRedBuildShadowOps">
        <EditorCategories value="Race:Terran,TechType:Ability"/>
        <NodeArray index="Use" Link="AndTechTreeCheatCountBehaviorUmojanScienceConsumerValidatorRedCompleteOnlyAtUnitCountUnitUmojanGhostAcademyCompleteOnlyTechTreeCheat"/>
    </CRequirement>
    <CRequirement id="UmojanUnderConstruction">
        <EditorCategories value="Race:Terran,TechType:Unit"/>
        <NodeArray index="Use" Link="CountBehaviorUnderConstructionCompleteOnlyAtUnit"/>
    </CRequirement>
    <CRequirement id="UmojanPowerLevel0">
        <EditorCategories value="Race:Terran,TechType:Unit"/>
        <NodeArray index="Show" Link="CountBehaviorUmojanPowerLevel0CompleteOnlyAtUnit"/>
    </CRequirement>
    <CRequirement id="UmojanPowerLevel1">
        <EditorCategories value="Race:Terran,TechType:Unit"/>
        <NodeArray index="Show" Link="CountBehaviorUmojanPowerLevel1CompleteOnlyAtUnit"/>
    </CRequirement>
    <CRequirement id="UmojanPowerLevel2">
        <EditorCategories value="Race:Terran,TechType:Unit"/>
        <NodeArray index="Show" Link="CountBehaviorUmojanPowerLevel2CompleteOnlyAtUnit"/>
    </CRequirement>
    <CRequirement id="UmojanPowerLevel2Show">
        <EditorCategories value="Race:Terran,TechType:Unit"/>
        <NodeArray index="Use" Link="AndCountBehaviorUmojanPowerLevel2CompleteOnlyAtUnit1996445717CountUnitUmojanArmoryCompleteOnly"/>
    </CRequirement>
    <CRequirement id="UmojanPowerLevel3">
        <EditorCategories value="Race:Terran,TechType:Unit"/>
        <NodeArray index="Show" Link="CountBehaviorUmojanPowerLevel3CompleteOnlyAtUnit"/>
    </CRequirement>
    <CRequirement id="UmojanUseStasisGun">
        <EditorCategories value="Race:Terran,TechType:Ability"/>
        <NodeArray index="Use" Link="CountUpgradeUmojanResearchStasisGunCompleteOnly2140304198TechTreeCheat"/>
    </CRequirement>
    <CRequirement id="UmojanUseOverloadWeapons">
        <EditorCategories value="Race:Terran,TechType:Ability"/>
        <NodeArray index="Use" Link="CountUpgradeUmojanOverloadWeaponsCompleteOnly361988169TechTreeCheat"/>
    </CRequirement>
    <CRequirement id="UmojanUseAdvancedBallistic">
        <EditorCategories value="Race:Terran,TechType:Ability"/>
        <NodeArray index="Use" Link="CountUpgradeUmojanSelfGuidedMissileCompleteOnly361988169TechTreeCheat"/>
    </CRequirement>
    <CRequirement id="UmojanUsePowertotheWeapons">
        <EditorCategories value="Race:Terran,TechType:Ability"/>
        <NodeArray index="Use" Link="CountUpgradeUmojanPowertotheWeaponsCompleteOnly1801557862TechTreeCheat"/>
    </CRequirement>
    <CRequirement id="UmojanResearchBattlelinkSystemResearched">
        <EditorCategories value="Race:Terran,TechType:Upgrade"/>
        <NodeArray index="Use" Link="CountUpgradeUmojanBattlelinkSystemCompleteOnly"/>
    </CRequirement>
    <CRequirement id="UmojanUseCloakingField">
        <EditorCategories value="Race:Terran,TechType:Ability"/>
        <NodeArray index="Use" Link="CountUpgradeUmojanCloakingFieldCompleteOnly1368482278TechTreeCheat"/>
    </CRequirement>
    <CRequirement id="UmojanUseDisruptionWeb">
        <EditorCategories value="Race:Terran,TechType:Ability"/>
        <NodeArray index="Use" Link="CountUpgradeUmojanDisruptionWebCompleteOnly774268094TechTreeCheat"/>
    </CRequirement>
    <CRequirement id="UmojanUseShieldWall">
        <EditorCategories value="Race:Terran,TechType:Ability"/>
        <NodeArray index="Use" Link="CountUpgradeUmojanCombatShieldCompleteOnlyTechTreeCheat"/>
    </CRequirement>
</Catalog>
