<?xml version="1.0" encoding="utf-8"?>
<Catalog>
    <CSound id="UmojanBattlecatAttack" parent="TerranAck">
        <AssetArray File="LocalizedData\Sounds\VO\MechGunner_Shooter_019.ogg"/>
        <AssetArray File="LocalizedData\Sounds\VO\MechGunner_Shooter_020.ogg"/>
        <AssetArray File="LocalizedData\Sounds\VO\MechGunner_Shooter_021.ogg"/>
        <AssetArray File="LocalizedData\Sounds\VO\MechGunner_Shooter_022.ogg"/>
        <AssetArray File="LocalizedData\Sounds\VO\MechGunner_Shooter_023.ogg"/>
        <AssetArray File="LocalizedData\Sounds\VO\MechGunner_Shooter_025.ogg"/>
        <Volume value="-1.000000,-1.000000"/>
    </CSound>
    <CSound id="UmojanBattlecatAttackNP" parent="TerranAck">
        <AssetArray File="LocalizedData\Sounds\VO\MechGunner_Shooter_056.ogg"/>
        <AssetArray File="LocalizedData\Sounds\VO\MechGunner_Shooter_057.ogg"/>
        <AssetArray File="LocalizedData\Sounds\VO\MechGunner_Shooter_058.ogg"/>
        <AssetArray File="LocalizedData\Sounds\VO\MechGunner_Shooter_059.ogg"/>
        <AssetArray File="LocalizedData\Sounds\VO\MechGunner_Shooter_060.ogg"/>
        <AssetArray File="LocalizedData\Sounds\VO\MechGunner_Shooter_061.ogg"/>
        <AssetArray File="LocalizedData\Sounds\VO\MechGunner_Shooter_062.ogg"/>
        <Volume value="-1.000000,-1.000000"/>
    </CSound>
    <CSound id="UmojanBattlecatDeath" parent="Death">
        <EditorCategories value="Race:Terran"/>
        <AssetArray File="LocalizedData\Sounds\VO\MechGunner_Shooter_038.ogg" Weight="6"/>
        <AssetArray File="LocalizedData\Sounds\VO\MechGunner_Shooter_039.ogg" Weight="6"/>
        <AssetArray File="Assets\Sounds\Roach_Mecha_Death_01.wav"/>
        <AssetArray File="Assets\Sounds\Roach_Mecha_Death_02.wav"/>
        <AssetArray File="Assets\Sounds\Roach_Mecha_Death_03.wav"/>
        <Volume value="-1.000000,-1.000000"/>
    </CSound>
    <CSound id="UmojanBattlecatDeathNP" parent="TerranAck">
        <AssetArray File="LocalizedData\Sounds\VO\MechGunner_Shooter_064.ogg"/>
        <Volume value="-1.000000,-1.000000"/>
    </CSound>
    <CSound id="UmojanBattlecatHelp" parent="Alert">
        <EditorCategories value="Race:Terran"/>
        <AssetArray File="LocalizedData\Sounds\VO\MechGunner_Shooter_027.ogg"/>
        <Mode value="3DWorld"/>
        <Volume value="-1.000000,-1.000000"/>
    </CSound>
    <CSound id="UmojanBattlecatPissed" parent="TerranAck">
        <AssetArray File="LocalizedData\Sounds\VO\MechGunner_Shooter_028.ogg"/>
        <AssetArray File="LocalizedData\Sounds\VO\MechGunner_Shooter_029.ogg"/>
        <AssetArray File="LocalizedData\Sounds\VO\MechGunner_Shooter_030.ogg"/>
        <AssetArray File="LocalizedData\Sounds\VO\MechGunner_Shooter_031.ogg"/>
        <AssetArray File="LocalizedData\Sounds\VO\MechGunner_Shooter_032.ogg"/>
        <AssetArray File="LocalizedData\Sounds\VO\MechGunner_Shooter_033.ogg"/>
        <AssetArray File="LocalizedData\Sounds\VO\MechGunner_Shooter_034.ogg"/>
        <AssetArray File="LocalizedData\Sounds\VO\MechGunner_Shooter_035.ogg"/>
        <Flags index="Download" value="0"/>
        <Select value="Sequential"/>
        <Volume value="-1.000000,-1.000000"/>
    </CSound>
    <CSound id="UmojanBattlecatReady" parent="Ready">
        <EditorCategories value="Race:Terran"/>
        <AssetArray File="LocalizedData\Sounds\VO\MechGunner_Shooter_041.ogg" FacialGroup=""/>
        <AssetArray File="LocalizedData\Sounds\VO\MechGunner_Shooter_042.ogg" FacialGroup=""/>
        <Volume value="-1.000000,-1.000000"/>
    </CSound>
    <CSound id="UmojanBattlecatWhat" parent="TerranAck">
        <AssetArray File="LocalizedData\Sounds\VO\MechGunner_Shooter_007.ogg" FacialGroup=""/>
        <AssetArray File="LocalizedData\Sounds\VO\MechGunner_Shooter_008.ogg" FacialGroup=""/>
        <AssetArray File="LocalizedData\Sounds\VO\MechGunner_Shooter_009.ogg" FacialGroup=""/>
        <AssetArray File="LocalizedData\Sounds\VO\MechGunner_Shooter_010.ogg" FacialGroup=""/>
        <AssetArray File="LocalizedData\Sounds\VO\MechGunner_Shooter_011.ogg" FacialGroup=""/>
        <AssetArray File="LocalizedData\Sounds\VO\MechGunner_Shooter_012.ogg" FacialGroup=""/>
        <Volume value="-1.000000,-1.000000"/>
    </CSound>
    <CSound id="UmojanBattlecatYes" parent="TerranAck">
        <AssetArray File="LocalizedData\Sounds\VO\MechGunner_Shooter_013.ogg" FacialAnim="Marine_Yes00"/>
        <AssetArray File="LocalizedData\Sounds\VO\MechGunner_Shooter_014.ogg" FacialGroup=""/>
        <AssetArray File="LocalizedData\Sounds\VO\MechGunner_Shooter_015.ogg" FacialGroup=""/>
        <AssetArray File="LocalizedData\Sounds\VO\MechGunner_Shooter_016.ogg" FacialGroup=""/>
        <AssetArray File="LocalizedData\Sounds\VO\MechGunner_Shooter_017.ogg" FacialGroup=""/>
        <Volume value="-1.000000,-1.000000"/>
    </CSound>
    <CSound id="UmojanDisruptionWebLaunch" parent="Spell">
        <EditorCategories value="Race:Terran"/>
        <AssetArray File="Assets\Sounds\CorsairMP_DisruptionWebLaunch01_1ch.wav"/>
        <AssetArray File="Assets\Sounds\CorsairMP_DisruptionWebLaunch02_1ch.wav"/>
        <AssetArray File="Assets\Sounds\CorsairMP_DisruptionWebLaunch03_1ch.wav"/>
        <AssetArray File="Assets\Sounds\CorsairMP_DisruptionWebLaunch04_1ch.wav"/>
        <AssetArray File="Assets\Sounds\CorsairMP_DisruptionWebLaunch05_1ch.wav"/>
        <AssetArray File="Assets\Sounds\CorsairMP_DisruptionWebLaunch06_1ch.wav"/>
        <DupeMaximumMethod value="Replace"/>
        <DupeMuteCount value="3"/>
        <DupeThresholdPoints/>
        <DupeThresholdPoints Count="3" Volume="-3.000000"/>
        <DupePrioritization value="Oldest"/>
        <Pitch value="-1.000000,1.000000"/>
        <Spread value="60.000000"/>
    </CSound>
    <CSound id="UmojanDisruptionWebLoop" parent="Spell">
        <EditorCategories value="Race:Terran"/>
        <AssetArray>
            <File value="Assets\Sounds\CorsairMP_DisruptionWebLoop01_1ch.wav"/>
            <LoopCount value="-1"/>
            <Pitch value="-1.000000,1.000000"/>
            <FacialGroup value=""/>
        </AssetArray>
        <AssetArray>
            <File value="Assets\Sounds\CorsairMP_DisruptionWebLoop02_1ch.wav"/>
            <LoopCount value="-1"/>
            <Pitch value="-1.000000,1.000000"/>
            <FacialGroup value=""/>
        </AssetArray>
        <AssetArray>
            <File value="Assets\Sounds\CorsairMP_DisruptionWebLoop03_1ch.wav"/>
            <LoopCount value="-1"/>
            <Pitch value="-1.000000,1.000000"/>
            <FacialGroup value=""/>
        </AssetArray>
        <DupeMaximumMethod value="Replace"/>
        <DupeMuteCount value="3"/>
        <DupeThresholdPoints/>
        <DupeThresholdPoints Count="3" Volume="-3.000000"/>
        <OffsetFadeIn Volume="-96.000000"/>
        <OffsetFadeIn Time="500" Volume="-0.120000"/>
        <Pitch value="-1.000000,1.000000"/>
        <Spread value="10.000000"/>
        <Volume value="-18.000000,-18.000000"/>
    </CSound>
    <CSound id="UmojanHowlerAirstrikeImpact" parent="Combat">
        <EditorCategories value="Race:Terran"/>
        <AssetArray File="Assets\Sounds\Banshee_BlackOps_Airstrike_Impact_01.wav"/>
        <AssetArray File="Assets\Sounds\Banshee_BlackOps_Airstrike_Impact_02.wav"/>
        <AssetArray File="Assets\Sounds\Banshee_BlackOps_Airstrike_Impact_03.wav"/>
        <AssetArray File="Assets\Sounds\Banshee_BlackOps_Airstrike_Impact_04.wav"/>
        <DupeDestroyCount value="8"/>
        <DupeMaximumMethod value="Replace"/>
        <DupeMuteCount value="8"/>
        <PanLevel value="0.750000"/>
        <PlayDelay value="50,50"/>
        <Volume value="-6.000000,-4.000000"/>
        <VolumeRolloffPoints Distance="10.000000"/>
        <VolumeRolloffPoints Distance="30.000000" Volume="-96.000000"/>
    </CSound>
    <CSound id="UmojanHowlerAirstrikeLaunch" parent="Combat">
        <EditorCategories value="Race:Terran"/>
        <AssetArray File="Assets\Sounds\Banshee_BlackOps_Airstrike_Launch_01.wav"/>
        <AssetArray File="Assets\Sounds\Banshee_BlackOps_Airstrike_Launch_02.wav"/>
        <AssetArray File="Assets\Sounds\Banshee_BlackOps_Airstrike_Launch_03.wav"/>
        <AssetArray File="Assets\Sounds\Banshee_BlackOps_Airstrike_Launch_04.wav"/>
        <DupeDestroyCount value="4"/>
        <DupeMaximumMethod value="Replace"/>
        <DupeMuteCount value="4"/>
        <PanLevel value="0.750000"/>
        <Pitch value="-1.000000,1.000000"/>
        <PlayDelay value="50,50"/>
        <Volume value="-2.000000,-2.000000"/>
        <VolumeRolloffPoints Distance="10.000000"/>
        <VolumeRolloffPoints Distance="30.000000" Volume="-96.000000"/>
    </CSound>
    <CSound id="UmojanHowlerAirstrikeStart" parent="Combat">
        <EditorCategories value="Race:Terran"/>
        <AssetArray File="Assets\Sounds\Banshee_BlackOps_Airstrike_Start_01.wav"/>
        <AssetArray File="Assets\Sounds\Banshee_BlackOps_Airstrike_Start_02.wav"/>
        <AssetArray File="Assets\Sounds\Banshee_BlackOps_Airstrike_Start_03.wav"/>
        <AssetArray File="Assets\Sounds\Banshee_BlackOps_Airstrike_Start_04.wav"/>
        <DupeDestroyCount value="4"/>
        <DupeMaximumMethod value="Replace"/>
        <DupeMuteCount value="4"/>
        <PanLevel value="0.750000"/>
        <Pitch value="3.000000,3.000000"/>
        <VolumeRolloffPoints Distance="10.000000"/>
        <VolumeRolloffPoints Distance="30.000000" Volume="-96.000000"/>
    </CSound>
    <CSound id="UmojanHowlerBlackOpsAirstrikeTail" parent="Combat">
        <EditorCategories value="Race:Terran"/>
        <AssetArray File="Assets\Sounds\Banshee_BlackOps_Airstrike_Impact_Tail_01.wav"/>
        <AssetArray File="Assets\Sounds\Banshee_BlackOps_Airstrike_Impact_Tail_02.wav"/>
        <AssetArray File="Assets\Sounds\Banshee_BlackOps_Airstrike_Impact_Tail_03.wav"/>
        <AssetArray File="Assets\Sounds\Banshee_BlackOps_Airstrike_Impact_Tail_04.wav"/>
        <DupeDestroyCount value="3"/>
        <DupeMaximumMethod value="Replace"/>
        <DupeMuteCount value="3"/>
        <PanLevel value="0.750000"/>
        <Pitch value="-1.000000,1.000000"/>
        <PlayDelay value="700,700"/>
        <Volume value="-6.000000,-4.000000"/>
        <VolumeRolloffPoints Distance="10.000000"/>
        <VolumeRolloffPoints Distance="30.000000" Volume="-96.000000"/>
    </CSound>
    <CSound id="UmojanMistAirAttackLaunch" parent="Banshee_AttackLaunch2"/>
    <CSound id="UmojanMistAirAttackImpact" parent="Terran_ExplosionSmall"/>
    <CSound id="UmojanNornsHelp" parent="Ready">
        <EditorCategories value="Race:Terran"/>
        <AssetArray File="Assets\Sound\Goliath\Goliath_Help00.ogg" FacialAnim="Goliath_Ready00"/>
    </CSound>
    <CSound id="UmojanNornsEvac" parent="Ready">
        <EditorCategories value="Race:Terran"/>
        <AssetArray File="Assets\Sound\Goliath\Goliath_Evac00.ogg" FacialAnim="Goliath_Ready00"/>
    </CSound>
    <CSound id="UmojanNornsAttack" parent="Ready">
        <EditorCategories value="Race:Terran"/>
        <AssetArray File="Assets\Sound\Goliath\Goliath_Attack00.ogg" FacialAnim="Goliath_Ready00"/>
        <AssetArray File="Assets\Sound\Goliath\Goliath_Attack01.ogg" FacialAnim="Goliath_Ready00"/>
        <AssetArray File="Assets\Sound\Goliath\Goliath_Attack02.ogg" FacialAnim="Goliath_Ready00"/>
    </CSound>
    <CSound id="UmojanStrikeMineBurrow" parent="Combat">
        <EditorCategories value="Race:Terran"/>
        <AssetArray File="Assets\Sounds\Terran\Vulture\Vulture_SpiderMineBurrow0.wav"/>
        <AssetArray File="Assets\Sounds\Terran\Vulture\Vulture_SpiderMineBurrow1.wav"/>
        <AssetArray File="Assets\Sounds\Terran\Vulture\Vulture_SpiderMineBurrow2.wav"/>
    </CSound>
    <CSound id="UmojanStrikeMineAttackImpact" parent="Terran_ExplosionSmall"/>
    <CSound id="UmojanStrikeMinePlace" parent="Combat">
        <EditorCategories value="Race:Terran"/>
        <AssetArray File="Assets\Sounds\Terran\Vulture\Vulture_SpiderMinePlace0.wav"/>
        <AssetArray File="Assets\Sounds\Terran\Vulture\Vulture_SpiderMinePlace1.wav"/>
        <AssetArray File="Assets\Sounds\Terran\Vulture\Vulture_SpiderMinePlace2.wav"/>
    </CSound>
    <CSound id="UmojanStrikeMineSeek" parent="Combat">
        <EditorCategories value="Race:Terran"/>
        <AssetArray File="Assets\Sounds\Terran\Vulture\Vulture_SpiderMineSeek0.wav"/>
        <AssetArray File="Assets\Sounds\Terran\Vulture\Vulture_SpiderMineSeek1.wav"/>
        <AssetArray File="Assets\Sounds\Terran\Vulture\Vulture_SpiderMineSeek2.wav"/>
        <Volume value="-3.000000,-3.000000"/>
    </CSound>
    <CSound id="UmojanPlasmabatAttackLaunch" parent="Combat">
        <EditorCategories value="Race:Terran"/>
        <AssetArray File="Assets\Sounds\Terran\Firebat\Firebat_AttackLaunch0.wav"/>
        <AssetArray File="Assets\Sounds\Terran\Firebat\Firebat_AttackLaunch1.wav"/>
        <AssetArray File="Assets\Sounds\Terran\Firebat\Firebat_AttackLaunch2.wav"/>
        <AssetArray File="Assets\Sounds\Terran\Firebat\Firebat_AttackLaunch3.wav"/>
        <AssetArray File="Assets\Sounds\Terran\Firebat\Firebat_AttackLaunch4.wav"/>
        <DupeDestroyCount value="8"/>
        <DupeMuteCount value="4"/>
        <Pitch value="1.640000,3.160000"/>
        <Volume value="-3.000000,-3.000000"/>
    </CSound>
    <CSound id="UmojanPlasmabatBunkerAttackLaunch" parent="UmojanPlasmabatAttackLaunch">
        <DupeMuteCount value="10"/>
    </CSound>
    <CSound id="UmojanPlasmabatReady" parent="Ready">
        <EditorCategories value="Race:Terran"/>
        <AssetArray File="Assets\Sound\Firebat\Firebat_Ready00.ogg" FacialAnim="Firebat_Ready00"/>
        <Volume value="-2.000000,-2.000000"/>
    </CSound>
    <CSound id="UmojanPlasmabatHelp" parent="TerranAck">
        <AssetArray File="Assets\Sound\Firebat\Firebat_Help00.ogg" FacialAnim="Firebat_Help00"/>
        <Category value="Alert"/>
        <Volume value="-2.000000,-2.000000"/>
    </CSound>
    <CSound id="UmojanPlasmabatEnterBunkerVO" parent="TerranAck">
        <AssetArray File="Assets\Sound\Firebat\Firebat_EnterBunker00.ogg" FacialAnim="Firebat_EnterBunker00"/>
        <Volume value="-2.000000,-2.000000"/>
    </CSound>
    <CSound id="UmojanPlasmabatExitBunkerVO" parent="TerranAck">
        <AssetArray>
            <File value="Assets\Sound\Firebat\Firebat_ExitBunker00.ogg"/>
            <FacialAnim value="Firebat_ExitBunker00"/>
            <PortraitModel value="FirebatPortrait"/>
            <Speaker value="ConversationState/Characters/CharFirebat"/>
        </AssetArray>
        <Volume value="-2.000000,-2.000000"/>
    </CSound>
    <CSound id="UmojanPlasmabatEvac" parent="TerranAck">
        <AssetArray>
            <File value="Assets\Sound\Firebat\Firebat_Evac00.ogg"/>
            <FacialAnim value="Firebat_Evac00"/>
            <PortraitModel value="FirebatPortrait"/>
            <Speaker value="ConversationState/Characters/CharFirebat"/>
        </AssetArray>
        <Volume value="-2.000000,-2.000000"/>
    </CSound>
    <CSound id="UmojanPlasmabatWhat" parent="TerranAck">
        <AssetArray File="Assets\Sound\Firebat\Firebat_What00.ogg" FacialAnim="Firebat_What00"/>
        <AssetArray File="Assets\Sound\Firebat\Firebat_What01.ogg" FacialAnim="Firebat_What01"/>
        <AssetArray File="Assets\Sound\Firebat\Firebat_What02.ogg" FacialAnim="Firebat_What02"/>
        <AssetArray File="Assets\Sound\Firebat\Firebat_What03.ogg" FacialAnim="Firebat_What03"/>
        <AssetArray File="Assets\Sound\Firebat\Firebat_What04.ogg" FacialAnim="Firebat_What04"/>
        <AssetArray File="Assets\Sound\Firebat\Firebat_What05.ogg" FacialAnim="Firebat_What05"/>
        <Volume value="-2.000000,-2.000000"/>
    </CSound>
    <CSound id="UmojanPlasmabatAttack" parent="TerranAck">
        <AssetArray File="Assets\Sound\Firebat\Firebat_Attack00.ogg" FacialAnim="Firebat_Attack00"/>
        <AssetArray File="Assets\Sound\Firebat\Firebat_Attack01.ogg" FacialAnim="Firebat_Attack01"/>
        <AssetArray File="Assets\Sound\Firebat\Firebat_Attack02.ogg" FacialAnim="Firebat_Attack02"/>
        <AssetArray File="Assets\Sound\Firebat\Firebat_Attack03.ogg" FacialAnim="Firebat_Attack03"/>
        <AssetArray File="Assets\Sound\Firebat\Firebat_Attack04.ogg" FacialAnim="Firebat_Attack04"/>
        <AssetArray File="Assets\Sound\Firebat\Firebat_Attack05.ogg" FacialAnim="Firebat_Attack05"/>
        <AssetArray File="Assets\Sound\Firebat\Firebat_Attack06.ogg" FacialAnim="Firebat_Attack06"/>
        <Volume value="-2.000000,-2.000000"/>
    </CSound>
    <CSound id="UmojanPlasmabatYes" parent="TerranAck">
        <AssetArray File="Assets\Sound\Firebat\Firebat_Yes00.ogg" FacialAnim="Firebat_Yes00"/>
        <AssetArray File="Assets\Sound\Firebat\Firebat_Yes01.ogg" FacialAnim="Firebat_Yes01"/>
        <AssetArray File="Assets\Sound\Firebat\Firebat_Yes02.ogg" FacialAnim="Firebat_Yes02"/>
        <AssetArray File="Assets\Sound\Firebat\Firebat_Yes03.ogg" FacialAnim="Firebat_Yes03"/>
        <AssetArray File="Assets\Sound\Firebat\Firebat_Yes04.ogg" FacialAnim="Firebat_Yes04"/>
        <AssetArray File="Assets\Sound\Firebat\Firebat_Yes05.ogg" FacialAnim="Firebat_Yes05"/>
        <AssetArray File="Assets\Sound\Firebat\Firebat_Yes06.ogg" FacialAnim="Firebat_Yes06"/>
        <Volume value="-2.000000,-2.000000"/>
    </CSound>
    <CSound id="UmojanPlasmabatPissed" parent="Pissed">
        <EditorCategories value="Race:Terran"/>
        <AssetArray File="Assets\Sound\Firebat\Firebat_Pissed00.ogg" FacialAnim="Firebat_Pissed00"/>
        <AssetArray File="Assets\Sound\Firebat\Firebat_Pissed01.ogg" FacialAnim="Firebat_Pissed01"/>
        <AssetArray File="Assets\Sound\Firebat\Firebat_Pissed02.ogg" FacialAnim="Firebat_Pissed02"/>
        <AssetArray File="Assets\Sound\Firebat\Firebat_Pissed03.ogg" FacialAnim="Firebat_Pissed03"/>
        <AssetArray File="Assets\Sound\Firebat\Firebat_Pissed04.ogg" FacialAnim="Firebat_Pissed04"/>
        <AssetArray File="Assets\Sound\Firebat\Firebat_Pissed05.ogg" FacialAnim="Firebat_Pissed05"/>
        <AssetArray File="Assets\Sound\Firebat\Firebat_Pissed06.ogg" FacialAnim="Firebat_Pissed06"/>
        <AssetArray File="Assets\Sound\Firebat\Firebat_Pissed07.ogg" FacialAnim="Firebat_Pissed07"/>
        <AssetArray File="Assets\Sound\Firebat\Firebat_Pissed08.ogg" FacialAnim="Firebat_Pissed08"/>
        <AssetArray File="Assets\Sound\Firebat\Firebat_Pissed09.ogg" FacialAnim="Firebat_Pissed09"/>
        <AssetArray File="Assets\Sound\Firebat\Firebat_Pissed10.ogg" FacialAnim="Firebat_Pissed10"/>
        <AssetArray File="Assets\Sound\Firebat\Firebat_Pissed11.ogg" FacialAnim="Firebat_Pissed11"/>
        <AssetArray File="Assets\Sound\Firebat\Firebat_Pissed12.ogg" FacialAnim="Firebat_Pissed12"/>
        <Volume value="-2.000000,-2.000000"/>
    </CSound>
    <CSound id="UmojanNornsPissed" parent="Pissed">
        <EditorCategories value="Race:Terran"/>
        <AssetArray File="Assets\Sound\Goliath\Goliath_Pissed00.ogg" FacialAnim="Goliath_Pissed00"/>
        <AssetArray File="Assets\Sound\Goliath\Goliath_Pissed01.ogg" FacialAnim="Goliath_Pissed01"/>
        <AssetArray File="Assets\Sound\Goliath\Goliath_Pissed02.ogg" FacialAnim="Goliath_Pissed02"/>
        <AssetArray File="Assets\Sound\Goliath\Goliath_Pissed03.ogg" FacialAnim="Goliath_Pissed03"/>
        <AssetArray File="Assets\Sound\Goliath\Goliath_Pissed04.ogg" FacialAnim="Goliath_Pissed04"/>
        <AssetArray File="Assets\Sound\Goliath\Goliath_Pissed05.ogg" FacialAnim="Goliath_Pissed05"/>
        <AssetArray File="Assets\Sound\Goliath\Goliath_Pissed06.ogg" FacialAnim="Goliath_Pissed06"/>
        <AssetArray File="Assets\Sound\Goliath\Goliath_Pissed07.ogg" FacialAnim="Goliath_Pissed07"/>
        <AssetArray File="Assets\Sound\Goliath\Goliath_Pissed08.ogg" FacialAnim="Goliath_Pissed08"/>
        <AssetArray File="Assets\Sound\Goliath\Goliath_Pissed09.ogg" Volume="-6.000000,-6.000000"/>
        <AssetArray File="Assets\Sound\Goliath\Goliath_Pissed10.ogg"/>
        <AssetArray File="Assets\Sound\Goliath\Goliath_Pissed11.ogg"/>
    </CSound>
    <CSound id="UmojanNornsReady" parent="Ready">
        <EditorCategories value="Race:Terran"/>
        <AssetArray File="Assets\Sound\Goliath\Goliath_Ready00.ogg" FacialAnim="Goliath_Ready00"/>
    </CSound>
    <CSound id="UmojanNornsWhat" parent="TerranAck">
        <AssetArray File="Assets\Sound\Goliath\Goliath_What00.ogg" FacialAnim="Goliath_What00"/>
        <AssetArray File="Assets\Sound\Goliath\Goliath_What01.ogg" FacialAnim="Goliath_What01"/>
        <AssetArray File="Assets\Sound\Goliath\Goliath_What02.ogg" FacialAnim="Goliath_What02"/>
        <AssetArray File="Assets\Sound\Goliath\Goliath_What03.ogg" FacialAnim="Goliath_What03"/>
    </CSound>
    <CSound id="UmojanNornsYes" parent="TerranAck">
        <AssetArray File="Assets\Sound\Goliath\Goliath_Yes00.ogg" FacialAnim="Goliath_Yes00"/>
        <AssetArray File="Assets\Sound\Goliath\Goliath_Yes01.ogg" FacialAnim="Goliath_Yes01"/>
        <AssetArray File="Assets\Sound\Goliath\Goliath_Yes02.ogg" FacialAnim="Goliath_Yes02"/>
        <AssetArray File="Assets\Sound\Goliath\Goliath_Yes03.ogg" FacialAnim="Goliath_Yes03"/>
        <AssetArray File="Assets\Sound\Goliath\Goliath_Yes04.ogg" FacialAnim="Goliath_Yes04"/>
        <AssetArray File="Assets\Sound\Goliath\Goliath_Yes05.ogg" FacialAnim="Goliath_Yes05"/>
    </CSound>
</Catalog>
