<?xml version="1.0" encoding="utf-8"?>
<Catalog>
    <CTacticalOrder id="UmojanAIAloeRecon">
        <Abil value="UmojanSendRecon"/>
    </CTacticalOrder>
    <CTacticalSet id="UmojanAIAloeSiege">
        <Array value="UmojanAIAloeUndeploy"/>
        <Array value="UmojanAIAloeRecon"/>
    </CTacticalSet>
    <CTacticalOrder id="UmojanAIBattleTank">
        <Abil value="UmojanDeployFlak"/>
        <Validator value="UmojanAIBattleTankTacticalSeige"/>
    </CTacticalOrder>
    <CTacticalOrder id="UmojanAIAloeDeploy">
        <Abil value="UmojanAloeMorphtoAG"/>
        <Validator value="UmojanAIAloeTacticalSeige"/>
    </CTacticalOrder>
    <CTacticalSet id="UmojanAIBattlecat">
        <Array value="UmojanAIBattlecatBlink"/>
        <Array value="UmojanAIMarine"/>
        <Array value="UmojanAIShadowguard"/>
    </CTacticalSet>
    <CTacticalSet id="UmojanAIAloe">
        <Array value="UmojanAIAloeDeploy"/>
        <Array value="UmojanAIAloeRecon"/>
    </CTacticalSet>
    <CTacticalOrder id="UmojanAIBattlecatBlink">
        <Abil value="UmojanBlink"/>
        <TargetFind value="UmojanBlink"/>
    </CTacticalOrder>
    <CTacticalOrder id="UmojanAIBattelship">
        <Abil value="UmojanStasisGun"/>
        <TargetFind value="UmojanBattelshipStasis"/>
    </CTacticalOrder>
    <CTacticalOrder id="UmojanAIMist">
        <Abil value="UmojanMistDecoy"/>
        <Validator value="UmojanCasterinBattle"/>
    </CTacticalOrder>
    <CTacticalOrder id="UmojanBattleTankSieged">
        <Abil value="UmojanRetractFlak"/>
        <Validator value="UmojanAIBattleTankTacticalUnsiege"/>
    </CTacticalOrder>
    <CTacticalOrder id="UmojanAIPathfinderSensor">
        <Abil value="UmojanDeployGroundSensor"/>
        <TargetFind value="UmojanGroundSensorReconSet"/>
    </CTacticalOrder>
    <CTacticalSet id="UmojanAIShadowguard">
        <Array value="UmojanAIShadowguardSnipe"/>
        <Array value="UmojanAIShadowguardLockdown"/>
        <Array value="UmojanAIShadowguardSabotage"/>
    </CTacticalSet>
    <CTacticalOrder id="UmojanAIShadowguardLockdown">
        <Abil value="UmojanLockdown"/>
        <TargetFind value="UmojanShadowguardLockdown"/>
    </CTacticalOrder>
    <CTacticalOrder id="UmojanAIShadowguardSabotage">
        <Abil value="UmojanSabotage"/>
        <TargetFind value="UmojanShadowguardSabotage"/>
    </CTacticalOrder>
    <CTacticalOrder id="UmojanAIWhirlwindSmallAoE">
        <Abil value="UmojanMissileStrikeAI"/>
        <TargetFind value="UmojanWhirlwindStrike"/>
    </CTacticalOrder>
    <CTacticalSet id="UmojanAIWhirlwind">
        <Array value="UmojanAIWhirlwindLargeAoE"/>
        <Array value="UmojanAIWhirlwindSmallAoE"/>
    </CTacticalSet>
    <CTacticalOrder id="UmojanAIHowlerAA">
        <Abil value="UmojanHowlerAirburst"/>
        <TargetFind value="UmojanAirburst"/>
    </CTacticalOrder>
    <CTacticalOrder id="UmojanAIHowlerAG">
        <Abil value="UmojanHowlerAirstrike"/>
        <TargetFind value="UmojanAirstrike"/>
    </CTacticalOrder>
    <CTacticalOrder id="UmojanAIPathfinderMine">
        <Abil value="UmojanDeployStrikeMines"/>
        <TargetFind value="UmojanStrikeMinePANIKSet"/>
    </CTacticalOrder>
    <CTacticalSet id="UmojanAIPathfinder">
        <Array value="UmojanAIPathfinderMine"/>
        <Array value="UmojanAIPathfinderSensor"/>
    </CTacticalSet>
    <CTacticalOrder id="UmojanAIMarine">
        <Abil value="UmojanPowertotheWeapon"/>
        <Validator value="UmojanTacticalStimpack"/>
    </CTacticalOrder>
    <CTacticalSet id="UmojanAIHowler">
        <Array value="UmojanAIHowlerAG"/>
        <Array value="UmojanAIHowlerAA"/>
    </CTacticalSet>
    <CTacticalOrder id="UmojanAIWhirlwindLargeAoE">
        <Abil value="UmojanMissileBarrageAI"/>
        <TargetFind value="UmojanWhirlwindBarrageNormal"/>
    </CTacticalOrder>
    <CTacticalOrder id="UmojanAIShadowguardSnipe">
        <Abil value="UmojanSnipe"/>
        <TargetFind value="UmojanShadowguardSnipe"/>
    </CTacticalOrder>
    <CTacticalOrder id="UmojanAIAloeUndeploy">
        <Abil value="UmojanAloeMorphtoAA"/>
        <Validator value="UmojanAIAloeTacticalUnsiege"/>
    </CTacticalOrder>
</Catalog>
