<?xml version="1.0" encoding="utf-8"?>
<Catalog>
    <CTargetSortVital id="UmojanTSEnergyLargestFirst">
        <Descending value="1"/>
        <Vital value="Energy"/>
    </CTargetSortVital>
    <CTargetSortField id="UmojanGroundTarget">
        <Field value="PlaneArray[Ground]"/>
        <Value value="1"/>
    </CTargetSortField>
    <CTargetSortPriority id="UmojanTSPriorityDesc">
        <Descending value="1"/>
    </CTargetSortPriority>
    <CTargetSortValidator id="UmojanTSThreatenBattleship">
        <Validator value="UmojanThreatensBattleship"/>
    </CTargetSortValidator>
    <CTargetSortValidator id="UmojanTSTrackedByBattleship">
        <Validator value="UmojanAttackTrackedByBattleship"/>
    </CTargetSortValidator>
    <CTargetSortVital id="UmojanTSShieldsLargestFirst">
        <Descending value="1"/>
        <Vital value="Shields"/>
    </CTargetSortVital>
</Catalog>
