<?xml version="1.0" encoding="utf-8"?>
<Catalog>
    <CTargetFindSet id="UmojanBattelshipStasis">
        <Type value="Sequential"/>
        <Array value="UmojanBattelshipStasisEffect"/>
        <Array value="UmojanBattelshipStasisBestPoint"/>
    </CTargetFindSet>
    <CTargetFindEffect id="UmojanBattelshipStasisEffect">
        <TargetValidator value="UmojanAIBattelshipStasisValidTargets"/>
        <Effect value="UmojanStasisFieldSearch"/>
    </CTargetFindEffect>
    <CTargetFindBestPoint id="UmojanBattelshipStasisBestPoint">
        <Flags index="EvaluateCmd" value="1"/>
        <DamageBase value="20"/>
        <Effect value="UmojanStasisFieldSearch"/>
        <MinCount value="4"/>
        <MinScore value="1"/>
    </CTargetFindBestPoint>
    <CTargetFindSet id="UmojanAloeRecon">
        <Type value="Sequential"/>
        <Array value="UmojanAloeReconEffect"/>
        <Array value="UmojanAloeReconBestPoint"/>
    </CTargetFindSet>
    <CTargetFindEffect id="UmojanAloeReconEffect">
        <TargetValidator value="Cloaked"/>
        <Effect value="UmojanAloeSendReconFakeSearch"/>
    </CTargetFindEffect>
    <CTargetFindBestPoint id="UmojanAloeReconBestPoint">
        <Flags index="EvaluateCmd" value="1"/>
        <DamageBase value="20"/>
        <Effect value="UmojanAloeSendReconFakeSearch"/>
        <MinCount value="4"/>
        <MinScore value="1"/>
    </CTargetFindBestPoint>
    <CTargetFindSet id="UmojanBlink">
        <CasterValidator value="CasterVitalityGT70Percent"/>
        <Type value="Sequential"/>
        <Array value="UmojanBlinkTarget"/>
        <Array value="UmojanBlinkOffset"/>
    </CTargetFindSet>
    <CTargetFindOffset id="UmojanBlinkOffset">
        <Flags index="EvaluateCmd" value="1"/>
        <Distance value="-2,-2"/>
    </CTargetFindOffset>
    <CTargetFindOrder id="UmojanBlinkTarget">
        <Abil value="attack"/>
    </CTargetFindOrder>
    <CTargetFindEnumArea id="UmojanShadowguardSabotageLargest">
        <SearchFilters value="Structure;Self,Player,Ally,Neutral,Missile,Stasis,Dead,Hidden,Hallucination,Invulnerable"/>
        <SearchFlags index="ExtendByUnitRadius" value="1"/>
        <AreaArray/>
        <Abil value="UmojanSabotage"/>
        <ExtendRadius value="5"/>
        <TargetSorts>
            <SortArray value="TSLifeLargestFirst"/>
        </TargetSorts>
    </CTargetFindEnumArea>
    <CTargetFindEnumArea id="UmojanShadowguardSabotageDetector">
        <TargetValidator value="UmojanTargetIsDetector"/>
        <SearchFilters value="Structure;Self,Player,Ally,Neutral,Missile,Stasis,Dead,Hidden,Hallucination,Invulnerable"/>
        <SearchFlags index="ExtendByUnitRadius" value="1"/>
        <AreaArray/>
        <Abil value="UmojanSabotage"/>
        <ExtendRadius value="8"/>
        <TargetSorts>
            <SortArray value="TSLifeLargestFirst"/>
        </TargetSorts>
    </CTargetFindEnumArea>
    <CTargetFindEnumArea id="UmojanShadowguardSabotageThreat">
        <TargetValidator value="UmojanAIUnitThreatensShadowguard"/>
        <SearchFilters value="Structure;Self,Player,Ally,Neutral,Missile,Stasis,Dead,Hidden,Hallucination,Invulnerable"/>
        <SearchFlags index="ExtendByUnitRadius" value="1"/>
        <AreaArray/>
        <Abil value="UmojanSabotage"/>
        <ExtendRadius value="8"/>
        <TargetSorts>
            <SortArray value="TSLifeLargestFirst"/>
        </TargetSorts>
    </CTargetFindEnumArea>
    <CTargetFindSet id="UmojanShadowguardSabotage">
        <Type value="Successful"/>
        <Array value="UmojanShadowguardSabotageDetector"/>
        <Array value="UmojanShadowguardSabotageThreat"/>
        <Array value="UmojanShadowguardSabotageLargest"/>
    </CTargetFindSet>
    <CTargetFindEnumArea id="UmojanShadowguardSnipeThreat">
        <TargetValidator value="UmojanTargetIsDetector"/>
        <SearchFilters value="Psionic;Self,Player,Ally,Neutral,Missile,Stasis,Dead,Hidden,Hallucination,Invulnerable"/>
        <SearchFlags index="ExtendByUnitRadius" value="1"/>
        <AreaArray/>
        <Abil value="UmojanSnipe"/>
        <ExtendRadius value="3"/>
        <TargetSorts>
            <SortArray value="TSLifeLargestFirst"/>
        </TargetSorts>
    </CTargetFindEnumArea>
    <CTargetFindSet id="UmojanGroundSensor">
        <Type value="Successful"/>
        <Array value="UmojanGroundSensorReconSet"/>
    </CTargetFindSet>
    <CTargetFindOffset id="UmojanGroundSensorReconNoGS">
        <Flags index="EvaluateCmd" value="1"/>
        <CasterValidator value="UmojanGroundSensorProximityGS"/>
    </CTargetFindOffset>
    <CTargetFindOffset id="UmojanGroundSensorReconNoStru">
        <Flags index="EvaluateCmd" value="1"/>
        <CasterValidator value="UmojanGroundSensorProximityStru"/>
    </CTargetFindOffset>
    <CTargetFindSet id="UmojanGroundSensorReconSet">
        <Type value="Sequential"/>
        <Array value="UmojanGroundSensorReconNoGS"/>
        <Array value="UmojanGroundSensorReconNoStru"/>
    </CTargetFindSet>
    <CTargetFindEnumArea id="UmojanShadowguardLockdown">
        <TargetValidator value="UmojanAIShadowguardValidatorTarget"/>
        <SearchFilters value="Visible;Self,Player,Ally,Neutral,Missile,Stasis,Dead,Hidden,Hallucination,Invulnerable"/>
        <SearchFlags index="ExtendByUnitRadius" value="1"/>
        <AreaArray/>
        <Abil value="UmojanLockdown"/>
        <ExtendRadius value="3"/>
        <TargetSorts>
            <SortArray value="TSLifeLargestFirst"/>
        </TargetSorts>
    </CTargetFindEnumArea>
    <CTargetFindEnumArea id="UmojanShadowguardSnipeEnergy">
        <SearchFilters value="Psionic;Self,Player,Ally,Neutral,Missile,Stasis,Dead,Hidden,Hallucination,Invulnerable"/>
        <SearchFlags index="ExtendByUnitRadius" value="1"/>
        <AreaArray/>
        <Abil value="UmojanSnipe"/>
        <ExtendRadius value="3"/>
        <TargetSorts>
            <SortArray value="UmojanTSEnergyLargestFirst"/>
        </TargetSorts>
    </CTargetFindEnumArea>
    <CTargetFindSet id="UmojanShadowguardSnipe">
        <Type value="Successful"/>
        <Array value="UmojanShadowguardSnipeThreat"/>
        <Array value="UmojanShadowguardSnipeEnergy"/>
    </CTargetFindSet>
    <CTargetFindSet id="UmojanWhirlwindStrike">
        <Type value="Successful"/>
        <Array value="UmojanWhirlwindStrikeNormal"/>
        <Array value="UmojanWhirlwindStrikeLow"/>
    </CTargetFindSet>
    <CTargetFindBestPoint id="UmojanWhirlwindStrikeBestPointLow">
        <Flags index="EvaluateCmd" value="1"/>
        <DamageBase value="30"/>
        <Effect value="UmojanWhirlwindAttackWeaponDamage"/>
        <MinScore value="0.5"/>
    </CTargetFindBestPoint>
    <CTargetFindBestPoint id="UmojanWhirlwindStrikeBestPointNormal">
        <Flags index="EvaluateCmd" value="1"/>
        <DamageBase value="60"/>
        <Effect value="UmojanWhirlwindAttackWeaponDamage"/>
        <MinCount value="3"/>
        <MinScore value="2.5"/>
    </CTargetFindBestPoint>
    <CTargetFindBestPoint id="UmojanWhirlwindBarrageBestPointNormal">
        <Flags index="EvaluateCmd" value="1"/>
        <DamageBase value="60"/>
        <Effect value="UmojanWhirlwindAttackWeaponDummyArea"/>
        <MinCount value="5"/>
        <MinScore value="2.5"/>
    </CTargetFindBestPoint>
    <CTargetFindSet id="UmojanWhirlwindStrikeLow">
        <CasterValidator value="CasterVitalityLE70Percent"/>
        <Type value="Sequential"/>
        <Array value="UmojanWhirlwindStrikeSearch"/>
        <Array value="UmojanWhirlwindStrikeBestPointLow"/>
    </CTargetFindSet>
    <CTargetFindSet id="UmojanWhirlwindStrikeNormal">
        <Type value="Sequential"/>
        <Array value="UmojanWhirlwindStrikeSearch"/>
        <Array value="UmojanWhirlwindStrikeBestPointNormal"/>
    </CTargetFindSet>
    <CTargetFindSet id="UmojanWhirlwindBarrageNormal">
        <Type value="Sequential"/>
        <Array value="UmojanWhirlwindBarrageSearch"/>
        <Array value="UmojanWhirlwindBarrageBestPointNormal"/>
    </CTargetFindSet>
    <CTargetFindEffect id="UmojanWhirlwindStrikeSearch">
        <Effect value="UmojanWhirlwindAttackWeaponDamage"/>
        <TargetFilters value="Ground,Visible;Player,Ally,Neutral"/>
    </CTargetFindEffect>
    <CTargetFindSet id="UmojanStrikeMinePANIKSet">
        <CasterValidator value="UmojanCasterinBattle"/>
        <Array value="UmojanStrikeMinePANIKOffset"/>
    </CTargetFindSet>
    <CTargetFindLastAttacker id="UmojanStrikeMinePANIKAttacker">
        <TargetValidator value="UmojanStrikeMinePANIKTest"/>
    </CTargetFindLastAttacker>
    <CTargetFindSet id="UmojanStrikeMine">
        <Type value="Successful"/>
        <Array value="UmojanStrikeMinePANIKOffset"/>
    </CTargetFindSet>
    <CTargetFindBestPoint id="UmojanAirstrikeBestPointNormal">
        <Flags index="EvaluateCmd" value="1"/>
        <DamageBase value="40"/>
        <Effect value="UmojanHowlerAirstrikeSearch"/>
        <MinCount value="3"/>
        <MinScore value="2.5"/>
        <BonusAttri value="Light"/>
    </CTargetFindBestPoint>
    <CTargetFindSet id="UmojanAirstrike">
        <Type value="Successful"/>
        <Array value="UmojanAirstrikeNormal"/>
        <Array value="UmojanAirstrikeLow"/>
    </CTargetFindSet>
    <CTargetFindBestPoint id="UmojanAirstrikeBestPointLow">
        <Flags index="EvaluateCmd" value="1"/>
        <DamageBase value="30"/>
        <Effect value="UmojanHowlerAirstrikeSearch"/>
        <MinScore value="0.5"/>
        <BonusAttri value="Light"/>
    </CTargetFindBestPoint>
    <CTargetFindBestPoint id="UmojanAirburstBestPointNormal">
        <Flags index="EvaluateCmd" value="1"/>
        <DamageBase value="40"/>
        <Effect value="UmojanHowlerAirburstSearch"/>
        <MinCount value="3"/>
        <MinScore value="2.5"/>
        <BonusAttri value="Light"/>
    </CTargetFindBestPoint>
    <CTargetFindSet id="UmojanAirstrikeLow">
        <CasterValidator value="CasterLifeLT60Percent"/>
        <Type value="Sequential"/>
        <Array value="UmojanAirstrikeSearch"/>
        <Array value="UmojanAirstrikeBestPointLow"/>
    </CTargetFindSet>
    <CTargetFindSet id="UmojanAirburstNormal">
        <Type value="Sequential"/>
        <Array value="UmojanAirburstSearch"/>
        <Array value="UmojanAirburstBestPointNormal"/>
    </CTargetFindSet>
    <CTargetFindSet id="UmojanAirstrikeNormal">
        <Type value="Sequential"/>
        <Array value="UmojanAirstrikeSearch"/>
        <Array value="UmojanAirstrikeBestPointNormal"/>
    </CTargetFindSet>
    <CTargetFindEffect id="UmojanAirburstSearch">
        <Effect value="UmojanHowlerAirburstSearch"/>
    </CTargetFindEffect>
    <CTargetFindSet id="UmojanAirburst">
        <Type value="Successful"/>
        <Array value="UmojanAirburstNormal"/>
        <Array value="UmojanAirburstLow"/>
    </CTargetFindSet>
    <CTargetFindBestPoint id="UmojanAirburstBestPointLow">
        <Flags index="EvaluateCmd" value="1"/>
        <DamageBase value="30"/>
        <Effect value="UmojanHowlerAirburstSearch"/>
        <MinScore value="0.5"/>
        <BonusAttri value="Light"/>
    </CTargetFindBestPoint>
    <CTargetFindSet id="UmojanAirburstLow">
        <CasterValidator value="CasterLifeLT60Percent"/>
        <Type value="Sequential"/>
        <Array value="UmojanAirburstSearch"/>
        <Array value="UmojanAirburstBestPointLow"/>
    </CTargetFindSet>
    <CTargetFindEffect id="UmojanAirstrikeSearch">
        <Effect value="UmojanHowlerAirstrikeSearch"/>
    </CTargetFindEffect>
    <CTargetFindOffset id="UmojanStrikeMinePANIKOffset">
        <Flags index="EvaluateCmd" value="1"/>
    </CTargetFindOffset>
    <CTargetFindEffect id="UmojanWhirlwindBarrageSearch">
        <Effect value="UmojanWhirlwindAttackWeaponDummyArea"/>
        <TargetFilters value="Ground,Visible;Player,Ally,Neutral"/>
    </CTargetFindEffect>
</Catalog>
