<?xml version="1.0" encoding="utf-8"?>
<Catalog>
    <CTurret id="UmojanAloeAG">
        <Idle value="ResetIfMoving"/>
        <YawArc value="360"/>
        <YawRate value="720"/>
        <Fidget DelayMax="30" DelayMin="10">
            <ChanceArray index="Anim" value="0"/>
            <ChanceArray index="Idle" value="100"/>
            <ChanceArray index="Turn" value="0"/>
        </Fidget>
    </CTurret>
    <CTurret id="UmojanAloe">
        <Idle value="ResetIfMoving"/>
        <YawArc value="360"/>
        <YawRate value="720"/>
        <Fidget DelayMax="30" DelayMin="10">
            <ChanceArray index="Anim" value="0"/>
            <ChanceArray index="Idle" value="100"/>
            <ChanceArray index="Turn" value="0"/>
        </Fidget>
    </CTurret>
    <CTurret id="UmojanEngineeringTower">
        <Idle value="Hold"/>
        <YawArc value="360"/>
        <YawRate value="720"/>
        <Fidget DelayMax="30" DelayMin="10"/>
    </CTurret>
    <CTurret id="UmojanNorns">
        <YawArc value="135"/>
        <YawRate value="360"/>
        <YawIdleRate value="360"/>
    </CTurret>
    <CTurret id="UmojanSentryGunTurret" parent="FreeRotate">
        <Idle value="Reset"/>
        <YawIdleRate value="99.8437"/>
    </CTurret>
    <CTurret id="UmojanVigilantTurret" parent="FreeRotate">
        <Idle value="Spin"/>
        <YawIdleRate value="29.8828"/>
    </CTurret>
</Catalog>
