<?xml version="1.0" encoding="utf-8"?>
<Catalog>
    <CValidatorCombine id="ZerojanDisguiseAsMarineWithoutShield">
        <Type value="And"/>
        <CombineArray value="ZerojanDisguiseAsMarine"/>
        <CombineArray value="ZerojanMissingMarineShieldUpgrade"/>
    </CValidatorCombine>
    <CValidatorPlayerRequirement id="ZerojanMissingMarineShieldUpgrade">
        <WhichPlayer Value="Target"/>
        <Value value="UmojanUseShieldWall"/>
    </CValidatorPlayerRequirement>
    <CValidatorUnitCompareField id="ZerojanDisguiseAsMarine">
        <Field value="Race"/>
        <Value value="TerU"/>
    </CValidatorUnitCompareField>
    <CValidatorCombine id="ZerojanDisguiseAsMarineWithShield">
        <Type value="And"/>
        <CombineArray value="ZerojanDisguiseAsMarine"/>
        <CombineArray value="UmojanHasMarineShieldUpgrade"/>
    </CValidatorCombine>
    <CValidatorPlayerRequirement id="UmojanHasMarineShieldUpgrade">
        <WhichPlayer Value="Target"/>
        <Find value="1"/>
        <Value value="UmojanUseShieldWall"/>
    </CValidatorPlayerRequirement>
    <CValidatorPlayerRequirement id="UmojanNoMarineShield">
        <Value value="UmojanUseShieldWall"/>
    </CValidatorPlayerRequirement>
    <CValidatorCombine id="UmojanAIBattelshipStasisValidTargets">
        <Type value="And"/>
        <CombineArray value="noMarkers"/>
        <CombineArray value="NotStasis"/>
    </CValidatorCombine>
    <CValidatorLocationEnumArea id="UmojanAIAloeHostileSearch" parent="HostileSearch">
        <AreaArray Radius="7"/>
        <SearchFlags index="ExtendByUnitRadius" value="1"/>
        <SearchFilters value="Ground,Visible;Player,Ally,Neutral,Missile,Stasis,Dead,Hidden,Invulnerable"/>
    </CValidatorLocationEnumArea>
    <CValidatorUnitType id="UmojanAIAloeNotBullyTest" parent="TacticalBurrowBullyTest">
        <Find value="0"/>
    </CValidatorUnitType>
    <CValidatorLocationEnumArea id="UmojanAIBattleTankGroundHostileSearch" parent="HostileSearch">
        <AreaArray Radius="15"/>
        <SearchFlags index="ExtendByUnitRadius" value="1"/>
        <SearchFilters value="Ground,Visible;Player,Ally,Neutral,Missile,Stasis,Dead,Hidden,Invulnerable"/>
    </CValidatorLocationEnumArea>
    <CValidatorCombine id="UmojanAIBattleTankOnlyGroundEnemies">
        <Type value="And"/>
        <CombineArray value="UmojanAIBattleTankNoAirHostileSearch"/>
        <CombineArray value="UmojanAIBattleTankGroundHostileSearch"/>
    </CValidatorCombine>
    <CValidatorLocationEnumArea id="UmojanAIBattleTankNoAirHostileSearch" parent="HostileSearch">
        <AreaArray Radius="15"/>
        <Compare value="LT"/>
        <SearchFlags index="ExtendByUnitRadius" value="1"/>
        <SearchFilters value="Air,Visible;Player,Ally,Neutral,Missile,Stasis,Dead,Hidden,Invulnerable"/>
    </CValidatorLocationEnumArea>
    <CValidatorCombine id="UmojanAIShadowguardValidatorTargetVita">
        <CombineArray value="TargetLifeGE80"/>
        <CombineArray value="TargetShieldsGE70"/>
    </CValidatorCombine>
    <CValidatorCombine id="UmojanAIAloeTacticalSeige">
        <Type value="And"/>
        <CombineArray value="CasterNotForcedToMove"/>
        <CombineArray value="CasterIdleOrAttacking"/>
        <CombineArray value="UmojanAIAloeNotWantsToMoveOrEnemiesInRange"/>
        <CombineArray value="UmojanAIAloeNotBullyTest"/>
    </CValidatorCombine>
    <CValidatorCombine id="UmojanAIBattleTankTacticalUnsiege">
        <CombineArray value="CasterForcedToMove"/>
        <CombineArray value="UmojanAIBattleTankIdleAndShouldMove"/>
        <CombineArray value="UmojanAIBattleTankOnlyGroundEnemies"/>
    </CValidatorCombine>
    <CValidatorCombine id="UmojanAIAloeTacticalUnsiege">
        <CombineArray value="CasterForcedToMove"/>
        <CombineArray value="UmojanAIAloeIdleAndShouldMove"/>
    </CValidatorCombine>
    <CValidatorCombine id="UmojanAIBattleTankIdleAndShouldMove">
        <Type value="And"/>
        <CombineArray value="CasterHasNoOrders"/>
        <CombineArray value="AICasterWantsToMoveAndNotCombat"/>
    </CValidatorCombine>
    <CValidatorUnitType id="UmojanAIBattleTankNotBullyTest" parent="TacticalBurrowBullyTest">
        <Find value="0"/>
    </CValidatorUnitType>
    <CValidatorCombine id="UmojanAIBattleTankTacticalSeige">
        <Type value="And"/>
        <CombineArray value="CasterNotForcedToMove"/>
        <CombineArray value="CasterIdleOrAttacking"/>
        <CombineArray value="UmojanAIBattleTankAirHostileSearch"/>
        <CombineArray value="UmojanAIBattleTankNotBullyTest"/>
    </CValidatorCombine>
    <CValidatorCombine id="UmojanAIAloeIdleAndShouldMove">
        <Type value="And"/>
        <CombineArray value="CasterHasNoOrders"/>
        <CombineArray value="AICasterWantsToMoveAndNotCombat"/>
    </CValidatorCombine>
    <CValidatorCombine id="UmojanAIAloeNotWantsToMoveOrEnemiesInRange">
        <CombineArray value="CasterNotWantsToMove"/>
        <CombineArray value="UmojanAIAloeHostileSearch"/>
    </CValidatorCombine>
    <CValidatorLocationEnumArea id="UmojanAIBattleTankAirHostileSearch" parent="HostileSearch">
        <AreaArray Radius="15"/>
        <SearchFlags index="ExtendByUnitRadius" value="1"/>
        <SearchFilters value="Air,Visible;Player,Ally,Neutral,Missile,Stasis,Dead,Hidden,Invulnerable"/>
    </CValidatorLocationEnumArea>
    <CValidatorUnitCompareBehaviorCount id="UmojanShadowguardNotLockdowned">
        <Behavior value="UmojanLockdown"/>
    </CValidatorUnitCompareBehaviorCount>
    <CValidatorCombine id="UmojanAIShadowguardValidatorTarget">
        <Type value="And"/>
        <CombineArray value="noMarkers"/>
        <CombineArray value="UmojanShadowguardNotLockdowned"/>
        <CombineArray value="UmojanAIShadowguardValidatorTargetVita"/>
    </CValidatorCombine>
    <CValidatorUnitCompareBehaviorCount id="UmojanAloeHaveActiveRecon">
        <WhichUnit Value="Caster"/>
        <Value value="1"/>
        <Behavior value="UmojanAloeSendReconActiveRecon"/>
    </CValidatorUnitCompareBehaviorCount>
    <CValidatorUnitCompareBehaviorCount id="UmojanAloeNoActiveRecon">
        <WhichUnit Value="Caster"/>
        <Behavior value="UmojanAloeSendReconActiveRecon"/>
    </CValidatorUnitCompareBehaviorCount>
    <CValidatorCombine id="UmojanAloeSendReconCPValidator">
        <Type value="And"/>
        <CombineArray value="CasterAndTargetNotDead"/>
        <CombineArray value="UmojanAloeHaveActiveRecon"/>
        <CombineArray value="UmojanAloeat17units"/>
    </CValidatorCombine>
    <CValidatorLocationCompareRange id="UmojanAloeat17units">
        <WhichLocation Effect="UmojanAloeSendReconDummyCP"/>
        <Compare value="LE"/>
        <Range value="17.2"/>
    </CValidatorLocationCompareRange>
    <CValidatorUnitCompareBehaviorCount id="UmojanBattleshipCanShoot">
        <WhichUnit Value="Caster"/>
        <Behavior value="UmojanHyperjumpInitialDelaySuppressWeapon"/>
    </CValidatorUnitCompareBehaviorCount>
    <CValidatorCombine id="UmojanBattleshipCanShootCombine">
        <Type value="And"/>
        <CombineArray value="UmojanBattleshipIsNotYamatoing"/>
        <CombineArray value="CasterAndTargetNotDead"/>
        <CombineArray value="UmojanBattleshipCanShoot"/>
    </CValidatorCombine>
    <CValidatorUnitCompareOrderCount id="UmojanParasiticBombBattleshipHyperjumping">
        <WhichUnit Effect="ParasiticBombLM" Value="Target"/>
        <AbilLink value="UmojanHyperjump"/>
    </CValidatorUnitCompareOrderCount>
    <CValidatorPlayerRequirement id="UmojanResearchOverchargeGeneratorResearched">
        <Find value="1"/>
        <Value value="UmojanResearchOverchargeGeneratorResearched"/>
    </CValidatorPlayerRequirement>
    <CValidatorUnitState id="UmojanTargetIsDetector">
        <Enabled value="1"/>
        <State value="Detector"/>
    </CValidatorUnitState>
    <CValidatorCombine id="UmojanTargetNotTacticalJumping">
        <ResultFailed value="Error,Error/CantTargetBattlecruiserHyperjump"/>
        <CombineArray value="UmojanTargetTacticalJumping"/>
        <Negate value="1"/>
    </CValidatorCombine>
    <CValidatorUnitOrderQueue id="UmojanTargetTacticalJumping">
        <ResultFailed value="Error,Error/CantTargetBattlecruiserHyperjump"/>
        <WhichUnit Value="Target"/>
        <AbilLink value="UmojanHyperjump"/>
    </CValidatorUnitOrderQueue>
    <CValidatorCombine id="ParasiticBombValidatorSetB">
        <CombineArray index="3" value="UmojanParasiticBombBattleshipHyperjumping"/>
        <CombineArray value="ParasiticBombNotMassRecalling"/>
    </CValidatorCombine>
    <CValidatorUnitType id="UmojanCasterIsSpahi">
        <WhichUnit Value="Caster"/>
        <Value value="UmojanBattlecatSpahi"/>
    </CValidatorUnitType>
    <CValidatorUnitFilters id="UmojanIsMassive">
        <Filters value="Massive;-"/>
    </CValidatorUnitFilters>
    <CValidatorCombine id="UmojanAloeHealAreaNotIsBeeingHealedAndMarker">
        <Type value="And"/>
        <CombineArray value="UmojanAloeHealAreaIsBeeingHealed"/>
        <CombineArray value="UmojanNoMoreThanOneMarkers"/>
    </CValidatorCombine>
    <CValidatorCombine id="UmojanAloeHealSoloInAreaAndMarker">
        <Type value="And"/>
        <CombineArray value="UmojanAloeHealSoloInArea"/>
        <CombineArray value="noMarkers"/>
    </CValidatorCombine>
    <CValidatorUnitOrder id="UmojanAloeHealSoloAutocast">
        <AbilLink value="UmojanAloeHealUnit"/>
        <CmdFlags index="SetAutoCast" value="1"/>
    </CValidatorUnitOrder>
    <CValidatorUnitCompareBehaviorCount id="UmojanAloeHealAreaNotIsBeeingHealed">
        <Behavior value="UmojanAloeIsBeeingHealed"/>
    </CValidatorUnitCompareBehaviorCount>
    <CValidatorUnitCompareBehaviorCount id="UmojanAloeHealAreaIsBeeingHealed">
        <Value value="1"/>
        <Behavior value="UmojanAloeIsBeeingHealed"/>
        <RequireCasterUnit Value="Caster"/>
    </CValidatorUnitCompareBehaviorCount>
    <CValidatorUnitCompareBehaviorCount id="UmojanAloeHealSoloNotInArea">
        <ResultFailed value="AlreadyTargeted"/>
        <Behavior value="UmojanAloeHealSoloUnitInTheArea"/>
    </CValidatorUnitCompareBehaviorCount>
    <CValidatorUnitCompareBehaviorCount id="UmojanAloeHealSoloIsNotHealing">
        <WhichUnit Value="Caster"/>
        <Behavior value="UmojanAloeHealSoloIsHealing"/>
    </CValidatorUnitCompareBehaviorCount>
    <CValidatorUnitCompareBehaviorCount id="UmojanAloeHealSoloInArea">
        <Value value="1"/>
        <Behavior value="UmojanAloeHealSoloUnitInTheArea"/>
    </CValidatorUnitCompareBehaviorCount>
    <CValidatorCombine id="UmojanCasterIsNotStopped">
        <CombineArray value="CasterIsStopped"/>
        <Negate value="1"/>
    </CValidatorCombine>
    <CValidatorLocationCompareRange id="UmojanCasterat6units">
        <WhichLocation Value="TargetUnit"/>
        <Compare value="LE"/>
        <Range value="6.2"/>
    </CValidatorLocationCompareRange>
    <CValidatorUnitFilters id="UmojanIsHeroic">
        <Filters value="Heroic,Resistant,MapBoss,HeroUnit;-"/>
    </CValidatorUnitFilters>
    <CValidatorCombine id="UmojanBattlecatCouldShoot">
        <CombineArray value="UmojanBattlecatStayAtRange"/>
        <CombineArray value="UmojanBattlecatHoldingPosition"/>
    </CValidatorCombine>
    <CValidatorCombine id="UmojanBattlecatHoldingPosition">
        <CombineArray value="CasterNotHoldingPosition"/>
        <Negate value="1"/>
    </CValidatorCombine>
    <CValidatorLocationCompareRange id="UmojanBattlecatNotTooClose">
        <WhichLocation Value="TargetUnit"/>
        <Compare value="GT"/>
        <Range value="0.3"/>
    </CValidatorLocationCompareRange>
    <CValidatorCombine id="UmojanIsMassiveOrStructure">
        <CombineArray value="UmojanIsMassive"/>
        <CombineArray value="IsStructure"/>
    </CValidatorCombine>
    <CValidatorUnitType id="UmojanCasterIsCuirassier">
        <WhichUnit Value="Caster"/>
        <Value value="UmojanBattlecatCuirassier"/>
    </CValidatorUnitType>
    <CValidatorUnitType id="UmojanIsShadowguardCaster">
        <WhichUnit Value="Caster"/>
        <Value value="UmojanShadowguard"/>
    </CValidatorUnitType>
    <CValidatorUnitCompareBehaviorCount id="UmojanNotHoldingFire">
        <Behavior value="GhostHoldFireB"/>
        <WhichUnit Value="Caster"/>
    </CValidatorUnitCompareBehaviorCount>
    <CValidatorUnitCompareBehaviorCount id="UmojanBattlecatStayAtRange">
        <WhichUnit Value="Caster"/>
        <Compare value="GT"/>
        <Behavior value="UmojanBattlecatStayatRange"/>
    </CValidatorUnitCompareBehaviorCount>
    <CValidatorUnitType id="UmojanIsPretorian">
        <Value value="UmojanMarine"/>
    </CValidatorUnitType>
    <CValidatorCombine id="UmojanBattleshipIsNotYamatoing">
        <CombineArray value="UmojanBattleshipIsYamatoing"/>
        <Negate value="1"/>
    </CValidatorCombine>
    <CValidatorUnitOrderQueue id="UmojanBattleshipIsYamatoing">
        <AbilLink value="UmojanStasisGun"/>
    </CValidatorUnitOrderQueue>
    <CValidatorUnitCompareBehaviorCount id="UmojanAttackTrackedByBattleship">
        <Compare value="GT"/>
        <Behavior value="UmojanBattleshipAttackTracker"/>
        <RequireCasterUnit Value="Caster"/>
    </CValidatorUnitCompareBehaviorCount>
    <CValidatorLocationCompareRange id="UmojanBattlecruiserTargetWithinWeaponRange">
        <WhichLocation Value="TargetUnit"/>
        <Compare value="LE"/>
        <Range value="6.5"/>
    </CValidatorLocationCompareRange>
    <CValidatorUnitType id="UmojanIsPlasmabat">
        <Value value="UmojanPlasmabat"/>
    </CValidatorUnitType>
    <CValidatorUnitType id="UmojanIsShadowguard">
        <Value value="UmojanShadowguard"/>
    </CValidatorUnitType>
    <CValidatorUnitCompareBehaviorCount id="UmojanNoDefensiveMatrix">
        <Behavior value="UmojanDefensiveMatrix"/>
    </CValidatorUnitCompareBehaviorCount>
    <CValidatorCombine id="UmojanNotHoldingFireorShadowguard">
        <CombineArray value="UmojanNotHoldingFire"/>
        <CombineArray value="UmojanIsShadowguardCaster"/>
    </CValidatorCombine>
    <CValidatorUnitCompareBehaviorCount id="UmojanAloeHealAreaNotInArea">
        <ResultFailed value="AlreadyTargeted"/>
        <Behavior value="UmojanAloeHealUnitInTheArea"/>
    </CValidatorUnitCompareBehaviorCount>
    <CValidatorPlayerRequirement id="UmojanResearchSecondaryHangarResearched">
        <Find value="1"/>
        <Value value="UmojanResearchSecondaryHangarResearched"/>
    </CValidatorPlayerRequirement>
    <CValidatorPlayerRequirement id="UmojanResearchLockdownResearched">
        <Find value="1"/>
        <Value value="UmojanResearchLockdownResearched"/>
    </CValidatorPlayerRequirement>
    <CValidatorUnitCompareAttackPriority id="UmojanThreatensBattleship" parent="ThreatensUnit" unitLink="Hydralisk">
        <AttackerAlternateType value="UmojanBattleship"/>
    </CValidatorUnitCompareAttackPriority>
    <CValidatorUnitCompareBehaviorCount id="UmojanTransientTrackedByBattleship">
        <Compare value="GT"/>
        <Behavior value="BattlecruiserTransientTracker"/>
        <RequireCasterUnit Value="Caster"/>
    </CValidatorUnitCompareBehaviorCount>
    <CValidatorPlayerCompareType id="UmojanNotAIControlCaster">
        <Compare value="NE"/>
        <Value value="Computer"/>
    </CValidatorPlayerCompareType>
    <CValidatorLocationCompareRange id="UmojanCasterat5units">
        <WhichLocation Value="TargetUnit"/>
        <Compare value="LE"/>
        <Range value="5.2"/>
    </CValidatorLocationCompareRange>
    <CValidatorUnitState id="UmojanCasterIsnotStased">
        <WhichUnit Value="Caster"/>
        <State value="InStasis"/>
    </CValidatorUnitState>
    <CValidatorPlayerRequirement id="UmojanResearchSelfGuidedMissileResearched">
        <Find value="1"/>
        <Value value="UmojanResearchSelfGuidedMissileResearched"/>
    </CValidatorPlayerRequirement>
    <CValidatorPlayerRequirement id="UmojanResearchPersonalCloakingResearched">
        <Find value="1"/>
        <Value value="UmojanResearchPersonalCloakingResearched"/>
    </CValidatorPlayerRequirement>
    <CValidatorPlayerRequirement id="UmojanResearchBlinkResearched">
        <Find value="1"/>
        <Value value="UmojanResearchBlinkResearched"/>
    </CValidatorPlayerRequirement>
    <CValidatorPlayerRequirement id="UmojanResearchStasisGunResearched">
        <Find value="1"/>
        <Value value="UmojanResearchStasisGunResearched"/>
    </CValidatorPlayerRequirement>
    <CValidatorPlayerRequirement id="UmojanResearchBattlelinkSystemResearched">
        <Find value="1"/>
        <Value value="UmojanResearchBattlelinkSystemResearched"/>
    </CValidatorPlayerRequirement>
    <CValidatorPlayerRequirement id="UmojanResearchCloakingFieldResearched">
        <Find value="1"/>
        <Value value="UmojanResearchCloakingFieldResearched"/>
    </CValidatorPlayerRequirement>
    <CValidatorPlayerRequirement id="UmojanResearchEngineeringSuitResearched">
        <Find value="1"/>
        <Value value="UmojanResearchEngineeringSuitResearched"/>
    </CValidatorPlayerRequirement>
    <CValidatorPlayerRequirement id="UmojanResearchMobileTargetingResearched">
        <Find value="1"/>
        <Value value="UmojanResearchMobileTargetingResearched"/>
    </CValidatorPlayerRequirement>
    <CValidatorPlayerRequirement id="UmojanResearchStrikeMineReserveResearched">
        <Find value="1"/>
        <Value value="UmojanResearchStrikeMineReserveResearched"/>
    </CValidatorPlayerRequirement>
    <CValidatorUnitCompareBehaviorCount id="UmojanShieldTransferNoReceive">
        <Behavior value="UmojanShieldTransferGiver"/>
    </CValidatorUnitCompareBehaviorCount>
    <CValidatorUnitCompareDamageDealtTime id="UmojanCasterDealingDamage">
        <WhichUnit Value="Caster"/>
        <Compare value="LT"/>
        <Value value="1.5"/>
    </CValidatorUnitCompareDamageDealtTime>
    <CValidatorUnitCompareDamageDealtTime id="UmojanCasterDealingDamageShort">
        <WhichUnit Value="Caster"/>
        <Compare value="LT"/>
        <Value value="1"/>
    </CValidatorUnitCompareDamageDealtTime>
    <CValidatorUnitCompareDamageDealtTime id="UmojanCasterNotDealingDamageShort">
        <WhichUnit Value="Caster"/>
        <Compare value="GT"/>
        <Value value="1"/>
    </CValidatorUnitCompareDamageDealtTime>
    <CValidatorUnitCompareDamageDealtTime id="UmojanCasterNotDealingDamageLong">
        <WhichUnit Value="Caster"/>
        <Compare value="GT"/>
        <Value value="3"/>
    </CValidatorUnitCompareDamageDealtTime>
    <CValidatorUnitCompareDamageDealtTime id="UmojanCasterNotDealingDamage">
        <WhichUnit Value="Caster"/>
        <Compare value="GT"/>
        <Value value="2"/>
    </CValidatorUnitCompareDamageDealtTime>
    <CValidatorLocationEnumArea id="UmojanDisruptionWebNoAllyNearby" parent="HostileSearch">
        <AreaArray Radius="3" Validator="TargetCanAttack"/>
        <Compare value="Eq"/>
        <Count value="0"/>
        <SearchFilters value="-;Neutral,Enemy,Missile,Stasis,Dead,Hidden,Invulnerable"/>
        <WhichLocation Value="TargetPoint"/>
    </CValidatorLocationEnumArea>
    <CValidatorUnitCompareBehaviorCount id="UmojanDisruptionWebOnTarget">
        <Compare value="GT"/>
        <Behavior value="UmojanDisruptionWeb"/>
    </CValidatorUnitCompareBehaviorCount>
    <CValidatorLocationEnumArea id="UmojanNoEnemyNearTurret" parent="HostileSearch">
        <AreaArray Radius="8"/>
        <Compare value="Eq"/>
        <Count value="0"/>
        <SearchFilters value="Ground;Player,Ally,Neutral,Missile,Stasis,Dead,Hidden,Invulnerable"/>
    </CValidatorLocationEnumArea>
    <CValidatorUnitType id="UmojanEnergyBarricade">
        <Value value="UmojanEnergyBarricade"/>
    </CValidatorUnitType>
    <CValidatorCombine id="UmojanNotEnergyBarricade">
        <CombineArray value="UmojanEnergyBarricade"/>
        <Negate value="1"/>
    </CValidatorCombine>
    <CValidatorUnitCompareField id="UmojanRequiresUmojan">
        <ResultFailed value="MustTargetRace"/>
        <Field value="Race"/>
        <Value value="TerU"/>
    </CValidatorUnitCompareField>
    <CValidatorPlayerCompareType id="UmojanAIControlTarget">
        <WhichPlayer Value="Target"/>
        <Value value="Computer"/>
    </CValidatorPlayerCompareType>
    <CValidatorCombine id="UmojanGroundSensor">
        <CombineArray value="UmojanGroundSensorUnburrowed"/>
        <CombineArray value="UmojanGroundSensorBurrowed"/>
    </CValidatorCombine>
    <CValidatorLocationEnumArea id="UmojanGroundSensorProximityGS">
        <AreaArray Radius="15" Validator="UmojanGroundSensor"/>
        <Compare value="Eq"/>
        <SearchFilters value="-;Neutral,Enemy,Dead,Hidden"/>
    </CValidatorLocationEnumArea>
    <CValidatorLocationEnumArea id="UmojanGroundSensorProximityStru">
        <AreaArray Radius="15"/>
        <Compare value="Eq"/>
        <SearchFilters value="Structure,Visible;Neutral,Enemy,Buried,Dead,Hidden"/>
    </CValidatorLocationEnumArea>
    <CValidatorUnitType id="UmojanGroundSensorUnburrowed">
        <Value value="UmojanGroundSensor"/>
    </CValidatorUnitType>
    <CValidatorUnitType id="UmojanGroundSensorBurrowed">
        <Value value="UmojanGroundSensorBurrowed"/>
    </CValidatorUnitType>
    <CValidatorLocationEnumArea id="UmojanScienceFacilityInfantrySpecialisedRed">
        <WhichLocation Value="OriginUnit"/>
        <AreaArray Radius="8.5" Validator="UmojanScienceFacilityInfantrySpecialisedRedSearchValidator"/>
        <SearchFilters value="Visible;Ally,Neutral,Enemy,Stasis,UnderConstruction,Dead,Hidden,Stunned"/>
    </CValidatorLocationEnumArea>
    <CValidatorUnitType id="UmojanScienceFacilityStarshipSpecialisedGreenSearchValidator">
        <Value value="UmojanScienceFacilityGreen"/>
    </CValidatorUnitType>
    <CValidatorLocationEnumArea id="UmojanScienceFacilityVehicleSpecialisedBlue">
        <WhichLocation Value="OriginUnit"/>
        <AreaArray Radius="8.5" Validator="UmojanScienceFacilityVehicleSpecialisedBlueSearchValidator"/>
        <SearchFilters value="Visible;Ally,Neutral,Enemy,Stasis,UnderConstruction,Dead,Hidden,Stunned"/>
    </CValidatorLocationEnumArea>
    <CValidatorLocationEnumArea id="UmojanScienceFacilityStarshipSpecialisedGreen">
        <WhichLocation Value="OriginUnit"/>
        <AreaArray Radius="8.5" Validator="UmojanScienceFacilityStarshipSpecialisedGreenSearchValidator"/>
        <SearchFilters value="Visible;Ally,Neutral,Enemy,Stasis,UnderConstruction,Dead,Hidden,Stunned"/>
    </CValidatorLocationEnumArea>
    <CValidatorUnitType id="UmojanScienceFacilityVehicleSpecialisedBlueSearchValidator">
        <Value value="UmojanScienceFacilityBlue"/>
    </CValidatorUnitType>
    <CValidatorUnitCompareVital id="UmojanShieldL3Quarter">
        <ResultFailed value="TooMuchLife"/>
        <Compare value="LT"/>
        <Type value="Fraction"/>
        <Value value="0.75"/>
        <Vital value="Shields"/>
    </CValidatorUnitCompareVital>
    <CValidatorCombine id="UmojanShieldTransferCombine">
        <Type value="And"/>
        <CombineArray value="UmojanShieldTransferMaxShield"/>
        <CombineArray value="UmojanShieldTransferNoGiver"/>
    </CValidatorCombine>
    <CValidatorUnitCompareBehaviorCount id="UmojanShieldTransferNoGiver">
        <Behavior value="UmojanShieldTransferGiver"/>
    </CValidatorUnitCompareBehaviorCount>
    <CValidatorUnitType id="UmojanScienceFacilityInfantrySpecialisedRedSearchValidator">
        <Value value="UmojanScienceFacilityRed"/>
    </CValidatorUnitType>
    <CValidatorUnitCompareVital id="UmojanTargetShieldsGE25">
        <Compare value="GE"/>
        <Value value="25"/>
        <Vital value="Shields"/>
    </CValidatorUnitCompareVital>
    <CValidatorPlayerCompareType id="UmojanAIControlCaster">
        <Value value="Computer"/>
    </CValidatorPlayerCompareType>
    <CValidatorUnitCompareBehaviorCount id="UmojanIsStasisProtected">
        <Compare value="LT"/>
        <Value value="1"/>
        <Behavior value="UmojanStasisFieldProtection"/>
    </CValidatorUnitCompareBehaviorCount>
    <CValidatorLocationEnumArea id="UmojanMissileBarrageTargetCount">
        <AreaArray Radius="5"/>
        <Compare value="LT"/>
        <Count value="5"/>
        <SearchFilters value="Visible;Self,Player,Ally,Neutral,Missile,Stasis,Dead,Hidden,Invulnerable"/>
    </CValidatorLocationEnumArea>
    <CValidatorLocationEnumArea id="UmojanMissileStrikeTargetCount">
        <AreaArray Radius="0.8"/>
        <Compare value="LT"/>
        <Count value="1"/>
        <SearchFilters value="Visible;Self,Player,Ally,Neutral,Missile,Stasis,Dead,Hidden,Invulnerable"/>
    </CValidatorLocationEnumArea>
    <CValidatorCombine id="UmojanMissileStrikeTargetCountSet">
        <Type value="And"/>
        <CombineArray value="UmojanMissileStrikeTargetCount"/>
        <CombineArray value="UmojanAIControlCaster"/>
    </CValidatorCombine>
    <CValidatorCombine id="UmojanMissileBarrageTargetCountSet">
        <Type value="And"/>
        <CombineArray value="UmojanMissileBarrageTargetCount"/>
        <CombineArray value="UmojanAIControlCaster"/>
    </CValidatorCombine>
    <CValidatorLocationCompareRange id="UmojanMissileTooClose">
        <ResultFailed value="TargetIsTooClose"/>
        <Compare value="GT"/>
        <Range value="5"/>
    </CValidatorLocationCompareRange>
    <CValidatorUnitCompareDamageDealtTime id="UmojanCasterDealingDamageLong">
        <WhichUnit Value="Caster"/>
        <Compare value="LT"/>
        <Value value="3"/>
    </CValidatorUnitCompareDamageDealtTime>
    <CValidatorCombine id="UmojanCasterinBattle">
        <CombineArray value="CasterInCombatLong"/>
        <CombineArray value="UmojanCasterDealingDamageLong"/>
    </CValidatorCombine>
    <CValidatorLocationCompareRange id="UmojanStrikeMinePANIKTest">
        <WhichLocation Value="TargetUnit"/>
        <Compare value="LE"/>
        <Range value="8"/>
    </CValidatorLocationCompareRange>
    <CValidatorUnitCompareBehaviorCount id="UmojanDisruptionWebNotOnTarget">
        <Behavior value="UmojanDisruptionWeb"/>
    </CValidatorUnitCompareBehaviorCount>
    <CValidatorUnitType id="UmojanNotCrow">
        <Value value="UmojanCrow"/>
        <Find value="0"/>
    </CValidatorUnitType>
    <CValidatorUnitCompareBehaviorCount id="UmojanIsBeeningSabotaged">
        <ResultFailed value="AlreadyTargeted"/>
        <ResultNoUnit value="AlreadyTargeted"/>
        <Compare value="LT"/>
        <Value value="1"/>
        <Behavior value="UmojanSabotageTarget"/>
    </CValidatorUnitCompareBehaviorCount>
    <CValidatorUnitCompareBehaviorCount id="UmojanIsNotPlasmaBlastBurning">
        <Behavior value="UmojanPlasmaBurn"/>
    </CValidatorUnitCompareBehaviorCount>
    <CValidatorUnitCompareVital id="UmojanNotMaxShield">
        <ResultFailed value="TooMuchShields"/>
        <Compare value="LT"/>
        <Type value="Fraction"/>
        <Value value="1"/>
        <Vital value="Shields"/>
    </CValidatorUnitCompareVital>
    <CValidatorUnitFilters id="UmojanTargetIsAllyorPlayerorNeutral">
        <Filters value="-;Enemy"/>
    </CValidatorUnitFilters>
    <CValidatorUnitCompareBehaviorCount id="UmojanIsWarpSignature">
        <Compare value="GE"/>
        <Value value="1"/>
        <Behavior value="UmojanWarpSignatureKillOwner"/>
    </CValidatorUnitCompareBehaviorCount>
    <CValidatorUnitComparePowerUserLevel id="UmojanPowerLevel1">
        <WhichUnit Value="Caster"/>
        <Compare value="GE"/>
        <Value value="1"/>
        <ResultFailed value="Error,Texterror/PowerLevel1"/>
    </CValidatorUnitComparePowerUserLevel>
    <CValidatorUnitComparePowerUserLevel id="UmojanPowerLevel2">
        <WhichUnit Value="Caster"/>
        <Compare value="GE"/>
        <Value value="2"/>
        <ResultFailed value="Error,Texterror/PowerLevel2"/>
    </CValidatorUnitComparePowerUserLevel>
    <CValidatorUnitComparePowerUserLevel id="UmojanPowerLevel3">
        <WhichUnit Value="Caster"/>
        <Compare value="GE"/>
        <Value value="3"/>
        <ResultFailed value="Error,Texterror/PowerLevel3"/>
    </CValidatorUnitComparePowerUserLevel>
    <CValidatorCombine id="UmojanTacticalStimpack">
        <Type value="And"/>
        <CombineArray value="UmojanTacticalStimpackTestBuff"/>
        <CombineArray value="CasterIsAttacking"/>
        <CombineArray value="CasterNotInCombat"/>
        <CombineArray value="TacticalStimpackHostiles"/>
    </CValidatorCombine>
    <CValidatorUnitCompareBehaviorCount id="UmojanTacticalStimpackTestBuff">
        <Behavior value="UmojanPowertotheWeapon"/>
    </CValidatorUnitCompareBehaviorCount>
    <CValidatorUnitCompareVital id="UmojanShieldTransferMaxShield">
        <WhichUnit Effect="UmojanShieldTransferSearchGiver"/>
        <Compare value="LT"/>
        <Type value="Fraction"/>
        <Value value="1"/>
        <Vital value="Shields"/>
    </CValidatorUnitCompareVital>
    <CValidatorUnitFilters id="UmojanTornadoMissileFilters">
        <Filters value="Ground,Light,Visible;Self,Structure,Missile,Stasis,Dead,Hidden,Invulnerable"/>
    </CValidatorUnitFilters>
    <CValidatorUnitComparePowerUserLevel id="UmojanPowerLevel0">
        <WhichUnit Value="Caster"/>
        <Compare value="GE"/>
    </CValidatorUnitComparePowerUserLevel>
    <CValidatorPlayerRequirement id="UmojanResearchVigilantTurretResearched">
        <Find value="1"/>
        <Value value="UmojanResearchVigilantTurretResearched"/>
    </CValidatorPlayerRequirement>
    <CValidatorCombine id="UmojanResearchVigilantTurretNotResearched">
        <CombineArray value="UmojanResearchVigilantTurretResearched"/>
        <Negate value="1"/>
    </CValidatorCombine>
    <CValidatorCombine id="UmojanWhirlwindAIStupidity">
        <CombineArray value="UmojanNotAIControlCaster"/>
        <CombineArray value="UmojanWhirlwindAIStupiditySearch"/>
    </CValidatorCombine>
    <CValidatorLocationEnumArea id="UmojanWhirlwindAIStupiditySearch">
        <AreaArray Radius="6.5"/>
        <Compare value="Eq"/>
        <SearchFilters value="Ground,Visible;Neutral,Enemy,Missile,Stasis,Hidden,Invulnerable"/>
    </CValidatorLocationEnumArea>
    <CValidatorUnitCompareBehaviorCount id="UmojanWhirlwindWeaponLaunchMissileAlternate">
        <WhichUnit Value="Caster"/>
        <Value value="1"/>
        <Behavior value="UmojanWhirlwindWeaponLaunchMissileAlternate"/>
    </CValidatorUnitCompareBehaviorCount>
    <CValidatorUnitOrder id="UmojanAloeHealAreaAutocast">
        <AbilLink value="UmojanAloeHealArea"/>
        <CmdFlags index="SetAutoCast" value="1"/>
    </CValidatorUnitOrder>
    <CValidatorUnitCompareMarkerCount id="UmojanNoMoreThanOneMarkers">
        <ResultFailed value="AlreadyTargeted"/>
        <Compare value="LE"/>
    </CValidatorUnitCompareMarkerCount>
    <CValidatorUnitCompareBehaviorCount id="UmojanCasterIsNotYoinked">
        <WhichUnit Value="Caster"/>
        <Behavior value="YoinkTentacle"/>
    </CValidatorUnitCompareBehaviorCount>
    <CValidatorLocationPlacement id="UmojanBattleshipPlacementCheck">
        <Range value="3"/>
        <Unit value="UmojanBattleship"/>
    </CValidatorLocationPlacement>
    <CValidatorUnitCompareAttackPriority id="UmojanAIUnitThreatensShadowguard" parent="UnitThreatens" unitLink="UmojanShadowguard">
        <WhichUnit Value="Caster"/>
        <Attacker Value="Target"/>
    </CValidatorUnitCompareAttackPriority>
</Catalog>
