<?xml version="1.0" encoding="utf-8"?>
<Catalog>
    <CWeaponLegacy id="UmojanRaptors">
        <EditorCategories value="Race:Terran"/>
        <Icon value="Assets\Textures\btn-unit-terran-valkyrie.dds"/>
        <DisplayEffect value="UmojanRaptorBeamDamage"/>
        <DisplayAttackCount value="2"/>
        <TargetFilters value="Air,Visible;Player,Ally,Neutral,Enemy"/>
        <Range value="8"/>
        <Arc value="360"/>
        <Period value="3"/>
        <Effect value="UmojanAloeRaptor"/>
        <Options index="OnlyFireWhileInAttackOrder" value="0"/>
        <Options index="OnlyFireAtAttackOrderTarget" value="0"/>
        <Options index="LinkedCooldown" value="0"/>
    </CWeaponLegacy>
    <CWeaponLegacy id="UmojanRaptorLaunch">
        <EditorCategories value="Race:Terran"/>
        <Options index="Hidden" value="1"/>
        <Options index="OnlyFireWhileInAttackOrder" value="0"/>
        <Options index="OnlyFireAtAttackOrderTarget" value="0"/>
        <Options index="LinkedCooldown" value="0"/>
        <Icon value="Assets\Textures\btn-unit-terran-griffon.dds"/>
        <DisplayEffect value="UmojanRaptorBeamDamage"/>
        <TargetFilters value="Air,Visible;Missile,Stasis,Dead,Hidden,Invulnerable"/>
        <Range value="8"/>
        <Arc value="360"/>
        <Period value="0.5"/>
        <Effect value="UmojanAloeRaptor"/>
        <AllowedMovement value="Slowing"/>
    </CWeaponLegacy>
    <CWeaponStrafe id="UmojanRaptorBeam">
        <EditorCategories value="Race:Terran"/>
        <Icon value="Assets\Textures\btn-upgrade-terran-shipweaponslevel0.dds"/>
        <DisplayEffect value="UmojanRaptorBeamDamage"/>
        <DisplayAttackCount value="2"/>
        <TargetFilters value="Air,Visible;Missile,Stasis,Dead,Hidden,Invulnerable"/>
        <Range value="2"/>
        <TeleportResetRange value="0"/>
        <Arc value="19.6875"/>
        <Period value="3"/>
        <Effect value="UmojanRaptorBeamPersistent"/>
    </CWeaponStrafe>
    <CWeaponLegacy id="UmojanElysianCannon">
        <EditorCategories value="Race:Terran"/>
        <Icon value="Assets\Textures\btn-upgrade-terran-shipweaponslevel0.dds"/>
        <DisplayEffect value="UmojanAloeAGDamage"/>
        <TargetFilters value="Ground,Visible;Missile,Stasis,Dead,Hidden,Invulnerable"/>
        <Range value="6"/>
        <Arc value="360"/>
        <Period value="1.5"/>
        <Effect value="UmojanAloeAGMissileLMSet"/>
        <Options index="OnlyFireWhileInAttackOrder" value="0"/>
        <Options index="OnlyFireAtAttackOrderTarget" value="0"/>
        <Options index="LinkedCooldown" value="0"/>
        <MinScanRange value="6"/>
        <LegacyOptions index="FaceTargetWhileInCooldown" value="0"/>
    </CWeaponLegacy>
    <CWeaponLegacy id="UmojanLutetiaRockets">
        <EditorCategories value="Race:Terran"/>
        <Icon value="Assets\Textures\btn-upgrade-terran-shipweaponslevel0.dds"/>
        <DisplayEffect value="UmojanAloeMissileDamage"/>
        <DisplayAttackCount value="4"/>
        <TargetFilters value="Air,Visible;Missile,Stasis,Dead,Hidden,Invulnerable"/>
        <Period value="1.8"/>
        <Effect value="UmojanAloeMissileBurstPersistent"/>
        <AllowedMovement value="Slowing"/>
    </CWeaponLegacy>
    <CWeaponLegacy id="UmojanBattlecat">
        <EditorCategories value="Race:Terran"/>
        <Options index="Melee" value="1"/>
        <Options index="LinkedCooldown" value="0"/>
        <Icon value="Assets\Textures\BTN-Upgrade-Terran-VehicleWeaponsLevel0.dds"/>
        <TargetFilters value="Ground,Visible;Missile,Stasis,Dead,Hidden,Invulnerable"/>
        <Range value="0.1"/>
        <Period value="1"/>
        <DamagePoint value="0.15"/>
        <Effect value="UmojanRetributionFieldSet"/>
    </CWeaponLegacy>
    <CWeaponLegacy id="UmojanBattleshipWeaponSet">
        <EditorCategories value="Race:Terran"/>
        <Options index="Hidden" value="1"/>
        <Options index="OnlyFireWhileInAttackOrder" value="0"/>
        <Options index="OnlyFireAtAttackOrderTarget" value="0"/>
        <Options index="LinkedCooldown" value="0"/>
        <Options index="IgnoreThreat" value="1"/>
        <Options index="IgnoreAttackPriority" value="1"/>
        <Icon value="Assets\Textures\btn-upgrade-terran-shipweaponslevel0.dds"/>
        <DisplayEffect value="UmojanATSPlasmaBatteryU"/>
        <TargetFilters value="Visible;Missile,Stasis,Dead,Hidden,Invulnerable"/>
        <AcquireTargetSorts>
            <SortArray value="UmojanTSTrackedByBattleship"/>
            <SortArray value="UmojanTSThreatenBattleship"/>
            <SortArray value="UmojanTSPriorityDesc"/>
            <SortArray value="UmojanGroundTarget"/>
        </AcquireTargetSorts>
        <Range value="6"/>
        <Arc value="360"/>
        <Marker Count="0" Link="Effect/BattlecruiserAttackTrackerCP">
            <MatchFlags index="CasterUnit" value="1"/>
        </Marker>
        <Period value="3"/>
        <AllowedMovement value="Moving"/>
    </CWeaponLegacy>
    <CWeaponLegacy id="UmojanHellfireMissiles">
        <EditorCategories value="Race:Terran"/>
        <Icon value="Assets\Textures\btn-upgrade-terran-vehicleweaponslevel0.dds"/>
        <DisplayEffect value="UmojanHellfireMissilePack"/>
        <DisplayAttackCount value="2"/>
        <TargetFilters value="Air,Visible;Missile,Stasis,Dead,Hidden,Invulnerable"/>
        <MinScanRange value="8"/>
        <Range value="8"/>
        <Arc value="29.9926"/>
        <Period value="1.5"/>
        <Effect value="UmojanHellfireMissilePackCP"/>
    </CWeaponLegacy>
    <CWeaponLegacy id="UmojanK14RailrifleFake">
        <EditorCategories value="Race:Terran"/>
        <Options index="Hidden" value="1"/>
        <TargetFilters value="Air,Visible;Missile,Stasis,Dead,Hidden,Invulnerable"/>
        <Effect value="CycloneFakeWeaponDummyDamage"/>
        <DisplayEffect value="CycloneFakeWeaponDummyDamage"/>
    </CWeaponLegacy>
    <CWeaponLegacy id="UmojanK14RailrifleSpahi">
        <EditorCategories value="Race:Terran"/>
        <Options index="Hidden" value="1"/>
        <Options index="CanInitiateAttackOrder" value="0"/>
        <Options index="OnlyFireWhileInAttackOrder" value="0"/>
        <Options index="OnlyFireAtAttackOrderTarget" value="0"/>
        <Options index="LinkedCooldown" value="0"/>
        <Icon value="Assets\Textures\btn-upgrade-terran-infantryweaponslevel0.dds"/>
        <DisplayEffect value="UmojanK14Railrifle"/>
        <DisplayAttackCount value="3"/>
        <TargetFilters value="Visible;Missile,Stasis,Dead,Hidden,Invulnerable"/>
        <MinScanRange value="5.5"/>
        <Arc value="34.9914"/>
        <Period value="1.4"/>
        <Effect value="UmojanK14RailriflePersistant"/>
        <AllowedMovement value="Moving"/>
    </CWeaponLegacy>
    <CWeaponLegacy id="UmojanK14RailriflePathfinderMove">
        <EditorCategories value="Race:Terran"/>
        <Options index="Disabled" value="1"/>
        <Options index="Hidden" value="1"/>
        <Options index="OnlyFireWhileInAttackOrder" value="0"/>
        <Options index="OnlyFireAtAttackOrderTarget" value="0"/>
        <Icon value="Assets\Textures\btn-upgrade-terran-vehicleweaponslevel0.dds"/>
        <DisplayEffect value="UmojanK24Railgun"/>
        <TargetFilters value="Ground,Visible;Missile,Stasis,Dead,Hidden,Invulnerable"/>
        <MinScanRange value="6.5"/>
        <Range value="6"/>
        <Period value="1.2"/>
        <Effect value="UmojanK24Railgun"/>
        <LegacyOptions index="FaceTargetWhileInCooldown" value="0"/>
        <AllowedMovement value="Moving"/>
    </CWeaponLegacy>
    <CWeaponLegacy id="UmojanK14RailrifleSpahiLookAt">
        <EditorCategories value="Race:Terran"/>
        <Options index="Hidden" value="1"/>
        <Options index="LinkedCooldown" value="0"/>
        <Icon value="Assets\Textures\btn-upgrade-terran-infantryweaponslevel0.dds"/>
        <DisplayEffect value="UmojanBattlecatLookAt"/>
        <TargetFilters value="Visible;Missile,Stasis,Dead,Hidden,Invulnerable"/>
        <MinScanRange value="5.5"/>
        <Period value="1.4"/>
        <Effect value="UmojanBattlecatLookAt"/>
    </CWeaponLegacy>
    <CWeaponLegacy id="UmojanK1XCanisterRifleLancer">
        <EditorCategories value="Race:Terran"/>
        <Options index="Hidden" value="1"/>
        <Options index="CanInitiateAttackOrder" value="0"/>
        <Options index="OnlyFireWhileInAttackOrder" value="0"/>
        <Options index="OnlyFireAtAttackOrderTarget" value="0"/>
        <Options index="LinkedCooldown" value="0"/>
        <Icon value="Assets\Textures\btn-upgrade-terran-infantryweaponslevel0.dds"/>
        <DisplayEffect value="UmojanK1XCanisterRifle"/>
        <TargetFilters value="Visible;Missile,Stasis,Dead,Hidden,Invulnerable"/>
        <Range value="6"/>
        <Arc value="34.9914"/>
        <Period value="1.5"/>
        <DamagePoint value="0.083"/>
        <Backswing value="1.167"/>
        <Effect value="UmojanK1XCanisterRifle"/>
        <AllowedMovement value="Moving"/>
    </CWeaponLegacy>
    <CWeaponLegacy id="UmojanK1XCanisterRifleLancerLookAt">
        <EditorCategories value="Race:Terran"/>
        <Options index="Hidden" value="1"/>
        <Options index="LinkedCooldown" value="0"/>
        <Icon value="Assets\Textures\btn-upgrade-terran-infantryweaponslevel0.dds"/>
        <DisplayEffect value="UmojanBattlecatLookAt"/>
        <TargetFilters value="Visible;Missile,Stasis,Dead,Hidden,Invulnerable"/>
        <Range value="6"/>
        <Period value="1.5"/>
        <DamagePoint value="0.083"/>
        <Backswing value="1.167"/>
        <Effect value="UmojanBattlecatLookAt"/>
    </CWeaponLegacy>
    <CWeaponLegacy id="UmojanK1XCanisterRifleLancerFake">
        <EditorCategories value="Race:Terran"/>
        <Options index="Hidden" value="1"/>
        <TargetFilters value="Air,Visible;Missile,Stasis,Dead,Hidden,Invulnerable"/>
        <Range value="6"/>
        <Effect value="CycloneFakeWeaponDummyDamage"/>
    </CWeaponLegacy>
    <CWeaponLegacy id="UmojanPlasmabatCuirassier">
        <EditorCategories value="Race:Terran"/>
        <Options index="Hidden" value="1"/>
        <Options index="CanInitiateAttackOrder" value="0"/>
        <Options index="OnlyFireWhileInAttackOrder" value="0"/>
        <Options index="OnlyFireAtAttackOrderTarget" value="0"/>
        <Options index="LinkedCooldown" value="0"/>
        <Icon value="Assets\Textures\btn-upgrade-terran-infantryweaponslevel0.dds"/>
        <DisplayEffect value="UmojanPlasmaThrowerDamageShow"/>
        <TargetFilters value="Ground,Visible;Missile,Stasis,Dead,Hidden,Invulnerable"/>
        <Range value="2"/>
        <Arc value="34.9914"/>
        <Marker>
            <MatchFlags index="Id" value="1"/>
        </Marker>
        <Period value="1.4"/>
        <Effect value="UmojanPlasmaThrowerSet"/>
        <AllowedMovement value="Moving"/>
    </CWeaponLegacy>
    <CWeaponLegacy id="UmojanPlasmabatCuirassierLookAt">
        <EditorCategories value="Race:Terran"/>
        <Options index="Hidden" value="1"/>
        <Options index="LinkedCooldown" value="0"/>
        <Icon value="Assets\Textures\btn-upgrade-terran-infantryweaponslevel0.dds"/>
        <DisplayEffect value="UmojanBattlecatLookAt"/>
        <TargetFilters value="Ground,Visible;Missile,Stasis,Dead,Hidden,Invulnerable"/>
        <Range value="2"/>
        <Period value="1.4"/>
        <Effect value="UmojanBattlecatLookAt"/>
    </CWeaponLegacy>
    <CWeaponLegacy id="UmojanSentryGun">
        <EditorCategories value="Race:Terran"/>
        <Icon value="Assets\Textures\btn-upgrade-terran-infantryweaponslevel0.dds"/>
        <TargetFilters value="Ground,Visible;Missile,Stasis,Dead,Hidden,Invulnerable"/>
        <MinScanRange value="7"/>
        <Range value="7"/>
        <Period value="0.9"/>
    </CWeaponLegacy>
    <CWeaponLegacy id="UmojanVigilantTurret">
        <EditorCategories value="Race:Terran"/>
        <Options index="Disabled" value="1"/>
        <Options index="Hidden" value="1"/>
        <Icon value="Assets\Textures\btn-upgrade-terran-vehicleweaponslevel0.dds"/>
        <DisplayEffect value="UmojanBunkerK14RailrifleDamage"/>
        <DisplayAttackCount value="2"/>
        <TargetFilters value="Ground,Visible;Missile,Stasis,Dead,Hidden,Invulnerable"/>
        <MinScanRange value="7"/>
        <Range value="7"/>
        <Period value="1.25"/>
        <Effect value="UmojanBunkerK14RailriflePersistant"/>
    </CWeaponLegacy>
    <CWeaponLegacy id="UmojanD8Charge">
        <EditorCategories value="Race:Terran"/>
        <Icon value="Assets\Textures\btn-upgrade-terran-infantryweaponslevel0.dds"/>
        <DisplayEffect value="UmojanD8ChargeDamage"/>
        <TargetFilters value="Ground,Structure,Visible;Missile,Stasis,Dead,Hidden,Invulnerable"/>
        <Period value="1.8"/>
        <Effect value="UmojanD8ChargeLaunchMissile2"/>
        <RandomDelayMin value="0.1"/>
        <RandomDelayMax value="0.5"/>
    </CWeaponLegacy>
    <CWeaponLegacy id="UmojanCrowPlasmaCannon">
        <EditorCategories value="Race:Terran"/>
        <Icon value="Assets\Textures\btn-upgrade-terran-shipweaponslevel0.dds"/>
        <DisplayEffect value="UmojanCrowWeaponDamage"/>
        <TargetFilters value="Visible;Missile,Stasis,Dead,Hidden,Invulnerable"/>
        <Period value="1.5"/>
        <Effect value="UmojanCrowWeaponLaunch"/>
        <AllowedMovement value="Slowing"/>
    </CWeaponLegacy>
    <CWeaponLegacy id="UmojanFrenrirsBite">
        <EditorCategories value="Race:Terran"/>
        <Icon value="Assets\Textures\btn-upgrade-terran-vehicleweaponslevel0.dds"/>
        <DisplayEffect value="UmojanFrenrirCannonDirected"/>
        <TargetFilters value="Ground,Visible;Missile,Stasis,Dead,Hidden,Invulnerable"/>
        <AcquirePrioritization value="ByAngle"/>
        <Range value="15"/>
        <MinimumRange value="2"/>
        <Arc value="5.625"/>
        <Period value="0.5"/>
        <Effect value="UmojanFrenrirCannonSwitch"/>
    </CWeaponLegacy>
    <CWeaponLegacy id="UmojanDaggerMissileLaunchers">
        <EditorCategories value="Race:Terran"/>
        <Icon value="Assets\Textures\btn-upgrade-terran-vehicleweaponslevel0.dds"/>
        <DisplayEffect value="UmojanFrenrirAntiAirDamage"/>
        <DisplayAttackCount value="4"/>
        <TargetFilters value="Air,Visible;Ground,Missile,Stasis,Dead,Hidden,Invulnerable"/>
        <AcquirePrioritization value="ByAngle"/>
        <Range value="10"/>
        <Arc value="5.625"/>
        <Period value="3"/>
        <Effect value="UmojanFrenrirAntiAirPersistent"/>
        <LegacyOptions index="KeepChanneling" value="1"/>
    </CWeaponLegacy>
    <CWeaponLegacy id="UmojanFrenrirsClaws">
        <EditorCategories value="Race:Terran"/>
        <Icon value="Assets\Textures\btn-upgrade-terran-vehicleweaponslevel0.dds"/>
        <DisplayEffect value="UmojanFrenrirsClawsDamage"/>
        <DisplayAttackCount value="2"/>
        <TargetFilters value="Ground,Visible;Missile,Stasis,Dead,Hidden,Invulnerable"/>
        <AcquirePrioritization value="ByAngle"/>
        <Range value="7"/>
        <Period value="2"/>
        <DamagePoint value="0.831"/>
        <Backswing value="0.25"/>
        <Effect value="UmojanFrenrirsClawsPersistent"/>
        <LegacyOptions index="KeepChanneling" value="1"/>
    </CWeaponLegacy>
    <CWeaponLegacy id="UmojanK14dRailrifle">
        <EditorCategories value="Race:Terran"/>
        <Options index="OnlyFireWhileInAttackOrder" value="0"/>
        <Options index="OnlyFireAtAttackOrderTarget" value="0"/>
        <Icon value="Assets\Textures\btn-upgrade-terran-infantryweaponslevel0.dds"/>
        <DisplayEffect value="UmojanK14Railrifle"/>
        <DisplayAttackCount value="1"/>
        <TargetFilters value="Visible;Missile,Stasis,Dead,Hidden,Invulnerable"/>
        <MinScanRange value="5.5"/>
        <Period value="1"/>
        <Effect value="UmojanK14Railrifle"/>
        <LegacyOptions index="FaceTargetWhileInCooldown" value="0"/>
    </CWeaponLegacy>
    <CWeaponLegacy id="UmojanPhaseDisruptors">
        <EditorCategories value="Race:Terran"/>
        <Icon value="Assets\Textures\btn-ability-mengsk-ghost-staticempblast.dds"/>
        <TargetFilters value="Air,Visible;Missile,Stasis,Dead,Hidden,Invulnerable"/>
        <Range value="7"/>
        <Period value="1.45"/>
    </CWeaponLegacy>
    <CWeaponLegacy id="Umojan60mmRailcannon">
        <EditorCategories value="Race:Terran"/>
        <Icon value="Assets\Textures\btn-upgrade-terran-vehicleweaponslevel0.dds"/>
        <DisplayEffect value="UmojanRailCannonDamage"/>
        <TargetFilters value="Ground,Visible;Missile,Stasis,Dead,Hidden,Invulnerable"/>
        <Range value="8"/>
        <Period value="2"/>
        <Effect value="UmojanRailCannonDamage"/>
        <Options index="DisplayCooldown" value="1"/>
    </CWeaponLegacy>
    <CWeaponLegacy id="UmojanFocalised60mmRailcannon">
        <EditorCategories value="Race:Terran"/>
        <Options index="DisplayCooldown" value="1"/>
        <Icon value="Assets\Textures\btn-upgrade-terran-vehicleweaponslevel0.dds"/>
        <DisplayEffect value="UmojanFocalisedRailCannonDamage"/>
        <TargetFilters value="Air,Visible;Missile,Stasis,Dead,Hidden,Invulnerable"/>
        <Range value="13"/>
        <Period value="2"/>
        <Effect value="UmojanFocalisedRailCannonDamage"/>
    </CWeaponLegacy>
    <CWeaponLegacy id="UmojanATAPlasmaBattery">
        <EditorCategories value="Race:Terran"/>
        <Icon value="Assets\Textures\btn-upgrade-terran-shipweaponslevel0.dds"/>
        <DisplayEffect value="UmojanATAPlasmaBatteryU"/>
        <DisplayAttackCount value="4"/>
        <TargetFilters value="Air,Visible;Missile,Stasis,Dead,Hidden,Invulnerable"/>
        <AcquirePrioritization value="ByAngle"/>
        <Range value="6"/>
        <Period value="2.8"/>
        <Effect value="UmojanATAPlasmaBatteryCP"/>
        <AllowedMovement value="Moving"/>
        <RandomDelayMax value="0.1875"/>
        <Options index="OnlyFireWhileInAttackOrder" value="0"/>
        <Options index="OnlyFireAtAttackOrderTarget" value="0"/>
        <Arc value="360"/>
    </CWeaponLegacy>
    <CWeaponLegacy id="UmojanATSPlasmaBattery">
        <EditorCategories value="Race:Terran"/>
        <Icon value="Assets\Textures\btn-upgrade-terran-shipweaponslevel0.dds"/>
        <DisplayEffect value="UmojanATSPlasmaBatteryU"/>
        <DisplayAttackCount value="6"/>
        <TargetFilters value="Ground,Visible;Missile,Stasis,Dead,Hidden,Invulnerable"/>
        <AcquirePrioritization value="ByAngle"/>
        <Range value="6"/>
        <Arc value="360"/>
        <Period value="2.8"/>
        <Effect value="UmojanATSPlasmaBatteryCP"/>
        <AllowedMovement value="Moving"/>
        <Options index="OnlyFireWhileInAttackOrder" value="0"/>
        <Options index="OnlyFireAtAttackOrderTarget" value="0"/>
    </CWeaponLegacy>
    <CWeaponLegacy id="UmojanK1XCanisterRifle">
        <EditorCategories value="Race:Terran"/>
        <Icon value="Assets\Textures\btn-upgrade-terran-infantryweaponslevel0.dds"/>
        <TargetFilters value="Visible;Missile,Stasis,Dead,Hidden,Invulnerable"/>
        <Range value="6"/>
        <Period value="1.5"/>
        <DamagePoint value="0.083"/>
        <Backswing value="1.167"/>
    </CWeaponLegacy>
    <CWeaponLegacy id="UmojanK14RailriflePathfinder">
        <EditorCategories value="Race:Terran"/>
        <Icon value="Assets\Textures\btn-upgrade-terran-vehicleweaponslevel0.dds"/>
        <DisplayEffect value="UmojanK24Railgun"/>
        <TargetFilters value="Ground,Visible;Missile,Stasis,Dead,Hidden,Invulnerable"/>
        <MinScanRange value="6.5"/>
        <Range value="6"/>
        <Period value="1.2"/>
        <Effect value="UmojanK24Railgun"/>
    </CWeaponLegacy>
    <CWeaponLegacy id="UmojanK38ScytheRailPistol">
        <EditorCategories value="Race:Terran"/>
        <Icon value="Assets\Textures\btn-upgrade-terran-infantryweaponslevel0.dds"/>
        <DisplayAttackCount value="2"/>
        <TargetFilters value="Ground,Visible;Structure,Missile,Stasis,Dead,Hidden,Invulnerable"/>
        <MinScanRange value="6"/>
        <Period value="1.1"/>
        <DamagePoint value="0"/>
        <Backswing value="0.75"/>
        <Effect value="UmojanK38ScytheRailPistolPersistant"/>
    </CWeaponLegacy>
    <CWeaponLegacy id="UmojanK14Railrifle">
        <EditorCategories value="Race:Terran"/>
        <Icon value="Assets\Textures\btn-upgrade-terran-infantryweaponslevel0.dds"/>
        <DisplayAttackCount value="3"/>
        <TargetFilters value="Visible;Missile,Stasis,Dead,Hidden,Invulnerable"/>
        <MinScanRange value="5.5"/>
        <Period value="1.4"/>
        <Effect value="UmojanK14RailriflePersistant"/>
    </CWeaponLegacy>
    <CWeaponLegacy id="UmojanNightScreamRockets">
        <EditorCategories value="Race:Terran"/>
        <Icon value="Assets\Textures\btn-upgrade-terran-shipweaponslevel0.dds"/>
        <DisplayEffect value="UmojanNightScreamRocketsU"/>
        <DisplayAttackCount value="2"/>
        <TargetFilters value="Visible;Missile,Stasis,Dead,Hidden,Invulnerable"/>
        <MinScanRange value="6.5"/>
        <Range value="6"/>
        <Marker>
            <MatchFlags index="Id" value="1"/>
        </Marker>
        <Period value="2"/>
        <LegacyOptions index="KeepChanneling" value="1"/>
        <AllowedMovement value="Slowing"/>
    </CWeaponLegacy>
    <CWeaponLegacy id="AegisFlakCannon">
        <EditorCategories value="Race:Terran"/>
        <Options index="DisplayCooldown" value="1"/>
        <Icon value="Assets\Textures\btn-upgrade-terran-vehicleweaponslevel0.dds"/>
        <DisplayEffect value="AegisFlakCannonDirected"/>
        <TargetFilters value="Air,Visible;Missile,Stasis,Dead,Hidden,Invulnerable"/>
        <MinScanRange value="13.5"/>
        <Range value="13"/>
        <Period value="0.8"/>
        <Effect value="AegisFlakCannonSwitch"/>
    </CWeaponLegacy>
    <CWeaponLegacy id="UmojanPlasmabat">
        <EditorCategories value="Race:Terran"/>
        <Icon value="Assets\Textures\btn-upgrade-terran-infantryweaponslevel0.dds"/>
        <DisplayEffect value="UmojanPlasmaThrowerDamageShow"/>
        <TargetFilters value="Ground,Visible;Missile,Stasis,Dead,Hidden,Invulnerable"/>
        <Range value="2"/>
        <Marker>
            <MatchFlags index="Id" value="1"/>
        </Marker>
        <Period value="1.4"/>
        <Effect value="UmojanPlasmaThrowerSet"/>
    </CWeaponLegacy>
    <CWeaponLegacy id="UmojanStrikeMines">
        <EditorCategories value="Race:Terran"/>
        <Options index="Melee" value="1"/>
        <Icon value="Assets\Textures\btn-upgrade-terran-ui-spidermineex3.dds"/>
        <DisplayEffect value="UmojanStrikeMinesDamage"/>
        <TargetFilters value="Ground,Visible;Player,Ally,Neutral,Structure,Missile,Stasis,Dead,Hidden,Invulnerable"/>
        <Range value="0.1"/>
        <Period value="0.833"/>
        <Effect value="UmojanStrikeMinesSet"/>
        <MinScanRange value="8"/>
    </CWeaponLegacy>
    <CWeaponLegacy id="UmojanHeliosMissilePod">
        <EditorCategories value="Race:Terran"/>
        <Options index="Disabled" value="1"/>
        <Options index="DisplayCooldown" value="1"/>
        <Icon value="Assets\Textures\btn-upgrade-terran-vehicleweaponslevel0.dds"/>
        <DisplayEffect value="UmojanWhirlwindAttackWeaponDamage"/>
        <TargetFilters value="Ground,Visible;Missile,Stasis,Dead,Hidden,Invulnerable"/>
        <AcquirePrioritization value="ByAngle"/>
        <MinScanRange value="30"/>
        <Range value="30"/>
        <MinimumRange value="5"/>
        <Period value="6"/>
        <Effect value="UmojanWhirlwindMissileStrikeOne"/>
    </CWeaponLegacy>
    <CWeaponLegacy id="UmojanNornsTwinGatlingCannonAG">
        <EditorCategories value="Race:Terran"/>
        <Icon value="Assets\Textures\btn-upgrade-terran-vehicleweaponslevel0.dds"/>
        <DisplayEffect value="UmojanTwinGatlingCannonsAG"/>
        <TargetFilters value="Ground,Visible;Missile,Stasis,Dead,Hidden,Invulnerable"/>
        <MinScanRange value="7"/>
        <Range value="7"/>
        <Arc value="5.625"/>
        <Period value="1"/>
        <Effect value="UmojanTwinGatlingCannonsAG"/>
    </CWeaponLegacy>
    <CWeaponLegacy id="UmojanRomaMissiles">
        <EditorCategories value="Race:Terran"/>
        <Icon value="Assets\Textures\btn-upgrade-terran-shipweaponslevel0.dds"/>
        <DisplayAttackCount value="2"/>
        <TargetFilters value="Air,Visible;Missile,Stasis,Dead,Hidden,Invulnerable"/>
        <MinScanRange value="5.5"/>
        <Arc value="9.9975"/>
        <Period value="3"/>
        <DamagePoint value="0.0446"/>
        <Effect value="UmojanRomaMissilesPersistent"/>
        <AllowedMovement value="Slowing"/>
    </CWeaponLegacy>
    <CWeaponLegacy id="UmojanK24LightRailgunMist">
        <EditorCategories value="Race:Terran"/>
        <Icon value="Assets\Textures\btn-upgrade-terran-shipweaponslevel0.dds"/>
        <DisplayEffect value="UmojanK24Railgun"/>
        <TargetFilters value="Ground,Visible;Missile,Stasis,Dead,Hidden,Invulnerable"/>
        <MinScanRange value="5.5"/>
        <Period value="1"/>
        <Effect value="UmojanK24Railgun"/>
        <AllowedMovement value="Slowing"/>
    </CWeaponLegacy>
</Catalog>
