<?xml version="1.0" encoding="utf-8"?>
<Catalog>
    <CAbilResearch id="ArmoryResearch2">
        <EditorCategories value="Race:UED,AbilityorEffectType:Structures"/>
        <InfoArray index="Research3" Time="90" Upgrade="TandemReactiveArmor">
            <Resource index="Minerals" value="150"/>
            <Resource index="Vespene" value="150"/>
            <Button DefaultButtonFace="AuthorizeTandemReactiveArmor" Requirements="LearnTandemReactiveArmor"/>
        </InfoArray>
        <InfoArray index="Research4" Time="102" Upgrade="SalvoFiringPattern">
            <Resource index="Minerals" value="150"/>
            <Resource index="Vespene" value="150"/>
            <Button DefaultButtonFace="AuthorizeSalvoFiringPatterns" Requirements="LearnSalvoFiringPattern"/>
        </InfoArray>
    </CAbilResearch>
    <CAbilResearch id="ArmoryResearch22">
        <EditorCategories value="Race:UED,AbilityorEffectType:Structures"/>
        <InfoArray index="Research3" Time="90" Upgrade="ExtendedMissilePayloads">
            <Resource index="Minerals" value="150"/>
            <Resource index="Vespene" value="150"/>
            <Button DefaultButtonFace="AuthorizeExtendedMissilePayloads" Requirements="LearnExtendedMissilePayloads"/>
        </InfoArray>
        <InfoArray index="Research4" Time="100" Upgrade="AtmosphericOperationsLoadout">
            <Resource index="Minerals" value="150"/>
            <Resource index="Vespene" value="150"/>
            <Button DefaultButtonFace="AtmosphericOperationsLoadout" Requirements="LearnAtmosphericOperationsLoadout"/>
        </InfoArray>
    </CAbilResearch>
    <CAbilEffectTarget id="AbilitiIrradiationBMField">
        <Alignment value="Negative"/>
        <EditorCategories value="Race:UED,AbilityorEffectType:Units"/>
        <Effect index="0" value="SearchAreaBMIrradiation"/>
        <Cost>
            <Vital index="Energy" value="50"/>
            <Cooldown Link="UltraliskBurrowCharge" Location="Unit"/>
        </Cost>
        <Range value="25"/>
        <Arc value="360"/>
        <UninterruptibleArray index="Cast" value="1"/>
        <UninterruptibleArray index="Channel" value="1"/>
        <UninterruptibleArray index="Finish" value="1"/>
        <CursorEffect value="SearchAreaBMIrradiation"/>
        <CmdButtonArray index="Execute" DefaultButtonFace="UnknownButton3"/>
    </CAbilEffectTarget>
    <CAbilEffectInstant id="AbilitiDetection">
        <EditorCategories value="Race:UED,AbilityorEffectType:Units"/>
        <DataCollection value="EngineSurchargeProtocols"/>
        <Effect index="0" value="ArsenalHealAB3"/>
        <Flags index="BestUnit" value="1"/>
        <Flags index="Transient" value="1"/>
        <Cost>
            <Vital index="Energy" value="25"/>
            <Cooldown TimeUse="17"/>
        </Cost>
        <AINotifyEffect value="MedivacSpeedBoost2"/>
        <CmdButtonArray index="Execute" DefaultButtonFace="ButtonRadarCrimsonYea">
            <Flags index="ToSelection" value="1"/>
        </CmdButtonArray>
    </CAbilEffectInstant>
    <CAbilEffectTarget id="LazarusRegenHealf">
        <Alignment value="Positive"/>
        <EditorCategories value="Race:UED,AbilityorEffectType:Units"/>
        <Effect index="0" value="LaunchMissileLazarusRegenHealf"/>
        <Cost>
            <Vital index="Energy" value="50"/>
        </Cost>
        <Range value="4"/>
        <CursorEffect value="SearchAreaLazarusRegenHelf"/>
        <AINotifyEffect value="EMPLaunchMissile"/>
        <CmdButtonArray index="Execute" DefaultButtonFace="MutatorReanimate" Requirements="UseLazarusRegenHealf"/>
    </CAbilEffectTarget>
    <CAbilBehavior id="OtklTowerMining">
        <AbilSetId value="OtklTowerMining"/>
        <EditorCategories value="Race:UED,AbilityorEffectType:Units"/>
        <CmdButtonArray index="On" DefaultButtonFace="ButtonTowerMiningOtkl">
            <Flags index="ToSelection" value="1"/>
        </CmdButtonArray>
        <CmdButtonArray index="Off" DefaultButtonFace="ButtonTowerMiningVkl">
            <Flags index="ToSelection" value="1"/>
        </CmdButtonArray>
        <Flags index="Toggle" value="1"/>
        <Flags index="Transient" value="1"/>
        <BehaviorArray value="AlgoritmOtklTowerMining"/>
    </CAbilBehavior>
    <CAbilRedirectInstant id="GoAttackRedirect">
        <AbilSetId value="GoAttack001"/>
        <EditorCategories value="Race:UED,AbilityorEffectType:Units"/>
        <Abil value="OnwardComrades"/>
        <CmdButtonArray index="Execute" DefaultButtonFace="OnwardComrades">
            <Flags index="ToSelection" value="1"/>
        </CmdButtonArray>
    </CAbilRedirectInstant>
    <CAbilBuild id="UEDCalldownStructure">
        <EditorCategories value="Race:UED,AbilityorEffectType:Structures"/>
        <FlagArray index="PeonMaintained" value="0"/>
        <FlagArray index="RangeIncludesBuilding" value="0"/>
        <InfoArray index="Build1" Unit="OperationHeadquarters" Time="100">
            <Button DefaultButtonFace="OperationHeadquarters"/>
            <ValidatorArray value="HasVision"/>
        </InfoArray>
        <InfoArray index="Build2" Unit="Arsenal" Time="26">
            <Button DefaultButtonFace="BuildArsenal"/>
            <ValidatorArray value="HasVision"/>
        </InfoArray>
        <InfoArray index="Build3" Unit="VespenePurificationPlant" Time="30">
            <Button DefaultButtonFace="VespenePurificationPlant"/>
            <ValidatorArray value="HasVespene"/>
            <ValidatorArray value="HasVision"/>
        </InfoArray>
        <InfoArray index="Build4" Unit="TeleportationNode" Time="66">
            <Button DefaultButtonFace="TeleportationNode" Requirements="HaveArsenal"/>
            <ValidatorArray value="HasVision"/>
        </InfoArray>
        <InfoArray index="Build5" Unit="TachyonRelay" Time="35">
            <Button DefaultButtonFace="TachyonRelay" Requirements="HaveStarshipMaintenancePlant"/>
            <ValidatorArray value="HasVision"/>
        </InfoArray>
        <InfoArray index="Build6" Unit="FieldBureau" Time="40">
            <Button DefaultButtonFace="FieldBureau" Requirements="HaveTacticsAcademy"/>
            <ValidatorArray value="HasVision"/>
        </InfoArray>
        <InfoArray index="Build7" Unit="MilitaryResearchStation" Time="90">
            <Button DefaultButtonFace="MilitaryResearchStation" Requirements="HaveMunitionsFactoryOrStarshipMaintenance"/>
            <ValidatorArray value="HasVision"/>
        </InfoArray>
        <InfoArray index="Build8" Unit="MunitionsFactory" Time="55">
            <Button DefaultButtonFace="MunitionsFactory" Requirements="HaveTacticsAcademy"/>
            <ValidatorArray value="HasVision"/>
        </InfoArray>
        <InfoArray index="Build9" Unit="StarshipMaintenancePlant" Time="50">
            <Button DefaultButtonFace="StarshipMaintenancePlant" Requirements="HaveTacticsAcademy"/>
            <ValidatorArray value="HasVision"/>
        </InfoArray>
        <InfoArray index="Build10" Unit="TacticsAcademy" Time="50">
            <Button DefaultButtonFace="TacticsAcademy" Requirements="HaveTeleportationNode"/>
            <ValidatorArray value="HasVision"/>
        </InfoArray>
        <InfoArray index="Build11" Unit="EnrichmentTower" Time="27">
            <Button DefaultButtonFace="ResourceDoublingFieldBuild" Requirements="HaveTacticsAcademy"/>
            <ValidatorArray value="HasMinerals"/>
            <ValidatorArray value="HasVision"/>
        </InfoArray>
        <InfoArray index="Build13" Time="70"/>
        <Range value="500"/>
    </CAbilBuild>
    <CAbilEffectTarget id="BonesTossGrenade">
        <Alignment value="Negative"/>
        <EditorCategories value="Race:UED,AbilityorEffectType:Units"/>
        <Effect index="0" value="BonesTossGrenadeDelay"/>
        <Cost>
            <Vital index="Energy" value="75"/>
        </Cost>
        <Range value="8"/>
        <CastOutroTime value="0.6875"/>
        <UninterruptibleArray index="Cast" value="1"/>
        <UninterruptibleArray index="Channel" value="1"/>
        <CursorEffect value="SearchAreaStrikeGrenate"/>
        <CmdButtonArray index="Execute" DefaultButtonFace="StrikeGrenade"/>
    </CAbilEffectTarget>
    <CAbilBuild id="DropArsenal">
        <EditorCategories value="Race:UED,AbilityorEffectType:Units"/>
        <FlagArray index="Interruptible" value="1"/>
        <FlagArray index="PeonDisableCollision" value="1"/>
        <InfoArray index="Build2" Unit="ArsenalHelpDrop" Time="3">
            <Cooldown TimeStart="1"/>
            <Button DefaultButtonFace="DropArsenal"/>
        </InfoArray>
        <InfoArray index="Build13" Time="50"/>
        <FidgetDelayMin value="5"/>
        <FidgetDelayMax value="10"/>
        <ConstructionMover value="Construction"/>
    </CAbilBuild>
    <CAbilEffectTarget id="BurrowChargeRevD2">
        <Alignment value="Negative"/>
        <EditorCategories value="Race:UED,AbilityorEffectType:Units"/>
        <Effect index="0" value="BurrowChargeSwitch"/>
        <Flags index="RangeUsePathing" value="1"/>
        <Flags index="RequireTargetVision" value="0"/>
        <Cost>
            <Cooldown Link="UltraliskBurrowCharge" Location="Unit" TimeUse="17"/>
        </Cost>
        <Range value="11"/>
        <Arc value="360"/>
        <SmartValidatorArray value="TargetIsEnemy"/>
        <AutoCastFilters value="Ground,Visible;Player,Ally,Neutral,Missile,Stasis,Dead,Hidden,Invulnerable"/>
        <AutoCastRange value="13"/>
        <AutoCastValidatorArray value="CasterNotHoldingPosition"/>
        <AutoCastValidatorArray value="UltraliskHasntRecentlyAttacked"/>
        <AutoCastValidatorArray value="UltraliskBurrowChargeRangeFinder"/>
        <AutoCastValidatorArray value="BurrowChargeMinimumRange"/>
        <CastIntroTime value="0"/>
        <CastOutroTime value="0"/>
        <FinishTime value="0"/>
        <UninterruptibleArray index="Cast" value="1"/>
        <UninterruptibleArray index="Channel" value="1"/>
        <UninterruptibleArray index="Finish" value="1"/>
        <CursorEffect value="BurrowChargeTargetSearch"/>
        <CmdButtonArray index="Execute" DefaultButtonFace="BurrowChargeGarmr"/>
        <!--This makes it so it will no longer snap to units, also makes it so it wont autocast on units though-->
        <!--IgnoreFilters value="Structure;-"/-->
    </CAbilEffectTarget>
    <CAbilEffectTarget id="CloakingDrone">
        <EditorCategories value="AbilityorEffectType:Units,Race:UED"/>
        <Effect index="0" value="ApplyAlgoritmInvisUED"/>
        <TargetFilters index="0" value="-;Self,Neutral,Enemy,Structure,RawResource,HarvestableResource,Destructible,Dead,Hidden,Invulnerable"/>
    </CAbilEffectTarget>
    <CAbilEffectTarget id="CrimsonEyeRepair">
        <Alignment value="Positive"/>
        <EditorCategories value="Race:UED,AbilityorEffectType:Units"/>
        <Flags index="AllowMovement" value="1"/>
        <Flags index="AutoCast" value="1"/>
        <Flags index="AutoCastOn" value="1"/>
        <Flags index="NoDeceleration" value="1"/>
        <Flags index="ReExecutable" value="1"/>
        <Flags index="Smart" value="1"/>
        <TargetFilters value="Mechanical,Visible;Self,Enemy,Structure,Missile,Dead,Hidden,Invulnerable"/>
        <TargetSorts RequestCount="1">
            <SortArray value="TSAlliancePassive"/>
            <SortArray value="TSLifeFraction"/>
            <SortArray value="TSDistance"/>
        </TargetSorts>
        <Range value="4"/>
        <Arc value="360"/>
        <SmartValidatorArray value="healSmartTargetFilters"/>
        <SmartValidatorArray value="NotWarpingIn"/>
        <AutoCastAcquireLevel value="Defensive"/>
        <AutoCastFilters value="Visible;Neutral,Enemy,Missile,Stasis,Dead,Invulnerable"/>
        <AutoCastRange value="6"/>
        <AutoCastValidatorArray value="healCasterMinEnergy"/>
        <AutoCastValidatorArray value="NotWarpingIn"/>
        <UseMarkerArray index="Approach" value="0"/>
        <UseMarkerArray index="Prep" value="0"/>
        <DefaultError value="RequiresHealTarget"/>
        <CmdButtonArray index="Execute" DefaultButtonFace="CrimsonEyeRepair"/>
        <AcquireAttackers value="1"/>
    </CAbilEffectTarget>
    <CAbilMorph id="DisguiseAsStrikeTrooper" parent="DisguiseChangeling">
        <Name value="Abil/Name/DisguiseAsStrikeTrooper"/>
        <CmdButtonArray index="Execute" DefaultButtonFace="BuildStrikeTrooper"/>
        <InfoArray Unit="ChangelingStrikeTrooper">
            <SectionArray index="Actor">
                <DurationArray index="Delay" value="0.5"/>
            </SectionArray>
        </InfoArray>
        <EditorCategories value="Race:UED,AbilityorEffectType:Units"/>
    </CAbilMorph>
    <CAbilBuild id="DropSuppressionTower">
        <EditorCategories value="Race:UED,AbilityorEffectType:Units"/>
        <DataCollection value="DropArsenal"/>
        <FlagArray index="Interruptible" value="1"/>
        <FlagArray index="PeonDisableCollision" value="1"/>
        <InfoArray index="Build2" Unit="ArsenalHelpDrop" Time="1">
            <Cooldown TimeStart="1"/>
            <Button DefaultButtonFace="DropSuppressionTower"/>
        </InfoArray>
        <InfoArray index="Build13" Time="50"/>
        <FidgetDelayMin value="5"/>
        <FidgetDelayMax value="10"/>
        <ConstructionMover value="Construction"/>
    </CAbilBuild>
    <CAbilBuild id="DropInfusionTower">
        <EditorCategories value="Race:UED,AbilityorEffectType:Units"/>
        <DataCollection value="DropArsenal"/>
        <FlagArray index="Interruptible" value="1"/>
        <FlagArray index="PeonDisableCollision" value="1"/>
        <InfoArray index="Build2" Unit="ArsenalHelpDrop" Time="1">
            <Cooldown TimeStart="1"/>
            <Button DefaultButtonFace="DropInfusionTower"/>
        </InfoArray>
        <InfoArray index="Build13" Time="50"/>
        <FidgetDelayMin value="5"/>
        <FidgetDelayMax value="10"/>
        <ConstructionMover value="Construction"/>
    </CAbilBuild>
    <CAbilBuild id="DropMissleTower">
        <EditorCategories value="Race:UED,AbilityorEffectType:Units"/>
        <DataCollection value="DropArsenal"/>
        <FlagArray index="Interruptible" value="1"/>
        <FlagArray index="PeonDisableCollision" value="1"/>
        <InfoArray index="Build2" Unit="ArsenalHelpDrop" Time="1">
            <Cooldown TimeStart="1"/>
            <Button DefaultButtonFace="DropMissileTower"/>
        </InfoArray>
        <InfoArray index="Build13" Time="50"/>
        <FidgetDelayMin value="5"/>
        <FidgetDelayMax value="10"/>
        <ConstructionMover value="Construction"/>
    </CAbilBuild>
    <CAbilBuild id="DropHeavyTower">
        <EditorCategories value="Race:UED,AbilityorEffectType:Units"/>
        <DataCollection value="DropArsenal"/>
        <FlagArray index="Interruptible" value="1"/>
        <FlagArray index="PeonDisableCollision" value="1"/>
        <InfoArray index="Build2" Unit="ArsenalHelpDrop" Time="1">
            <Cooldown TimeStart="1"/>
            <Button DefaultButtonFace="DropHeavyTower"/>
        </InfoArray>
        <InfoArray index="Build13" Time="50"/>
        <FidgetDelayMin value="5"/>
        <FidgetDelayMax value="10"/>
        <ConstructionMover value="Construction"/>
    </CAbilBuild>
    <CAbilEffectTarget id="PositronicMissileStrike">
        <TechPlayer value="Owner"/>
        <Alignment value="Negative"/>
        <EditorCategories value="Race:UED,AbilityorEffectType:Units"/>
        <Effect index="0" value="GhostMengskNukeCalldown"/>
        <Cost>
            <Vital index="Energy" value="100"/>
            <Cooldown TimeStart="30"/>
        </Cost>
        <Range value="10"/>
        <FinishTime value="0"/>
        <CancelableArray index="Channel" value="1"/>
        <UninterruptibleArray index="Channel" value="1"/>
        <ValidatedArray index="Channel" value="0"/>
        <AlertArray index="Cast" value="CalldownLaunch"/>
        <CursorEffect value="GhostMengskNukeDamage"/>
        <CalldownEffect value="GhostMengskNukeCP"/>
        <AINotifyEffect value="GhostMengskNukeCalldown"/>
        <CmdButtonArray index="Execute" DefaultButtonFace="PositronicMissileStrike" Requirements="UsePrototypePositronicWeaponry"/>
        <CmdButtonArray index="Cancel" DefaultButtonFace="Cancel"/>
    </CAbilEffectTarget>
    <CAbilEffectTarget id="PsionicSuppressionField">
        <Alignment value="Negative"/>
        <EditorCategories value="Race:UED,AbilityorEffectType:Units"/>
        <Effect index="0" value="EMPLaunchMissile2"/>
        <Cost>
            <Vital index="Energy" value="75"/>
        </Cost>
        <Range value="10"/>
        <PrepTime value="0.01"/>
        <FinishTime value="0.0625"/>
        <UninterruptibleArray index="Prep" value="1"/>
        <UninterruptibleArray index="Finish" value="1"/>
        <CursorEffect value="EMPSearch2"/>
        <AINotifyEffect value="EMPLaunchMissile"/>
        <CmdButtonArray index="Execute" DefaultButtonFace="DeployPsionicSuppressionField"/>
    </CAbilEffectTarget>
    <CAbilTransport id="MedivacTransport2">
        <AbilSetId value="ULdM"/>
        <EditorCategories value="Race:UED,AbilityorEffectType:Units"/>
        <CmdButtonArray index="Load" DefaultButtonFace="TransportShuttleLoad"/>
        <CmdButtonArray index="UnloadAll">
            <Flags index="Hidden" value="1"/>
            <Flags index="ToSelection" value="1"/>
        </CmdButtonArray>
        <CmdButtonArray index="UnloadAt" DefaultButtonFace="TransportShuttleUnloadAll">
            <Flags index="ShowInGlossary" value="1"/>
        </CmdButtonArray>
        <CmdButtonArray index="UnloadUnit">
            <Flags index="Hidden" value="1"/>
        </CmdButtonArray>
        <CmdButtonArray index="LoadAll">
            <Flags index="Hidden" value="1"/>
        </CmdButtonArray>
        <Flags index="CargoDeath" value="1"/>
        <MaxCargoCount value="12"/>
        <MaxCargoSize value="8"/>
        <TotalCargoSpace value="12"/>
        <UnloadCargoEffect value="SiegeTankUnloadDelayAB"/>
        <UnloadPeriod value="0.8"/>
        <TargetFilters value="Visible;Self,Ally,Neutral,Enemy,Buried,UnderConstruction,Dead,Hidden"/>
        <LoadValidatorArray value="NotWidowMineTarget"/>
    </CAbilTransport>
    <CAbilTransport id="MedivacTransport3">
        <AbilSetId value="ULdM"/>
        <EditorCategories value="Race:UED,AbilityorEffectType:Units"/>
        <CmdButtonArray index="Load" DefaultButtonFace="DrakkaAPCrLoad"/>
        <CmdButtonArray index="UnloadAll">
            <Flags index="Hidden" value="1"/>
            <Flags index="ToSelection" value="1"/>
        </CmdButtonArray>
        <CmdButtonArray index="UnloadAt" DefaultButtonFace="DrakkarUnloadAll"/>
        <CmdButtonArray index="UnloadUnit">
            <Flags index="Hidden" value="1"/>
        </CmdButtonArray>
        <CmdButtonArray index="LoadAll">
            <Flags index="Hidden" value="1"/>
        </CmdButtonArray>
        <MaxCargoCount value="4"/>
        <MaxCargoSize value="1"/>
        <TotalCargoSpace value="4"/>
        <UnloadCargoEffect value="SiegeTankUnloadDelayAB"/>
        <UnloadPeriod value="0.25"/>
        <TargetFilters value="Visible;Self,Ally,Neutral,Enemy,Buried,UnderConstruction,Dead,Hidden"/>
        <LoadValidatorArray value="NotWidowMineTarget"/>
        <LoadTransportBehavior value="DrakkarAlgoritmSlowing"/>
        <LoadCargoBehavior value="DrakkarAlgoritmUnit"/>
    </CAbilTransport>
    <CAbilResearch id="MilitaryResearchStationResearch">
        <EditorCategories value="Race:UED,AbilityorEffectType:Structures"/>
        <InfoArray index="Research1" Time="100" Upgrade="FieldReloadingProtocols">
            <Resource index="Minerals" value="150"/>
            <Resource index="Vespene" value="150"/>
            <Button DefaultButtonFace="AuthorizeFieldReloadingProtocols" Requirements="LearnFieldReloadingProtocols"/>
        </InfoArray>
        <InfoArray index="Research2" Time="84" Upgrade="UpgradeEnergeCrimsonEye">
            <Resource index="Minerals" value="100"/>
            <Resource index="Vespene" value="100"/>
            <Button DefaultButtonFace="EngineSurchargeProtocols" Requirements="CrimsonEyeStarWind"/>
        </InfoArray>
        <InfoArray index="Research3" Time="84" Upgrade="DroneRepairModule">
            <Resource index="Minerals" value="125"/>
            <Resource index="Vespene" value="125"/>
            <Button DefaultButtonFace="DroneRepairModule" Requirements="LearnRepairCrimsonEye"/>
        </InfoArray>
        <InfoArray index="Research4" Time="110" Upgrade="UEDVehicalsLevel1">
            <Resource index="Minerals" value="100"/>
            <Resource index="Vespene" value="100"/>
            <Button DefaultButtonFace="UEDVehicalsLevel1" Requirements="LearnUEDVehicals1"/>
        </InfoArray>
        <InfoArray index="Research5" Time="190" Upgrade="UEDVehicalsLevel2">
            <Resource index="Minerals" value="175"/>
            <Resource index="Vespene" value="175"/>
            <Button DefaultButtonFace="UEDVehicalsLevel2" Requirements="LearnUEDVehicals2"/>
        </InfoArray>
        <InfoArray index="Research6" Time="220" Upgrade="UEDVehicalsLevel3">
            <Resource index="Minerals" value="250"/>
            <Resource index="Vespene" value="250"/>
            <Button DefaultButtonFace="UEDVehicalsLevel3" Requirements="LearnUEDVehicals3"/>
        </InfoArray>
        <InfoArray index="Research7" Time="100" Upgrade="UpgradeEnergeSupportShutl">
            <Resource index="Minerals" value="150"/>
            <Resource index="Vespene" value="150"/>
            <Button DefaultButtonFace="AuthorizeCloakingDrones" Requirements="LearnCloakingDrone"/>
        </InfoArray>
        <InfoArray index="Research8" Time="90" Upgrade="ProjectedGravityShield">
            <Resource index="Minerals" value="125"/>
            <Resource index="Vespene" value="125"/>
            <Button DefaultButtonFace="AuthorizeProjectedGravityShield" Requirements="LearnProjectedGravityShield"/>
        </InfoArray>
        <InfoArray index="Research9" Time="100" Upgrade="TandemReactiveArmor">
            <Resource index="Minerals" value="150"/>
            <Resource index="Vespene" value="150"/>
            <Button DefaultButtonFace="AuthorizeTandemReactiveArmor" Requirements="LearnTandemReactiveArmor"/>
        </InfoArray>
    </CAbilResearch>
    <CAbilAttack id="BattlecruiserAttack2">
        <EditorCategories value="Race:UED,AbilityorEffectType:Units"/>
        <TargetMessage value="Abil/TargetMessage/attack"/>
        <MinAttackSpeedMultiplier value="0.25"/>
        <MaxAttackSpeedMultiplier value="128"/>
    </CAbilAttack>
    <CAbilMove id="BattlecruiserMove2">
        <AbilSetId value="Move"/>
        <EditorCategories value="Race:UED,AbilityorEffectType:Units"/>
    </CAbilMove>
    <CAbilStop id="BattlecruiserStop2">
        <EditorCategories value="Race:UED,AbilityorEffectType:Units"/>
    </CAbilStop>
    <CAbilResearch id="EngineeringBayResearch2">
        <EditorCategories value="Race:UED,AbilityorEffectType:Structures"/>
        <InfoArray index="Research1" Time="67" Upgrade="StrikeGrenade">
            <Resource index="Minerals" value="100"/>
            <Resource index="Vespene" value="100"/>
            <Button DefaultButtonFace="AuthorizeStrikeGrenades" Requirements="LearnStrikeGrenade">
                <Flags index="ShowInGlossary" value="1"/>
            </Button>
        </InfoArray>
        <InfoArray index="Research2" Time="100" Upgrade="CommandoTraining">
            <Resource index="Minerals" value="125"/>
            <Resource index="Vespene" value="125"/>
            <Button DefaultButtonFace="AuthorizeCommandoTraining" Requirements="LearnCommandoTraining"/>
        </InfoArray>
        <InfoArray index="Research3" Time="90" Upgrade="UpgradeOpticalFlare">
            <Resource index="Minerals" value="125"/>
            <Resource index="Vespene" value="125"/>
            <Button DefaultButtonFace="AuthorizeOpticalFlare" Requirements="LearnOpticalFlare"/>
        </InfoArray>
    </CAbilResearch>
    <CAbilEffectTarget id="CalldownEnrichmentTower">
        <EditorCategories value="Race:UED,AbilityorEffectType:Units"/>
        <Effect index="0" value="CreatUnitTowerMining"/>
        <Flags index="Transient" value="1"/>
        <Cost>
            <Resource index="Minerals" value="50"/>
            <Resource index="Vespene" value="50"/>
            <Cooldown TimeUse="90"/>
        </Cost>
        <Placeholder value="EnrichmentTower"/>
        <TargetFilters value="Visible;Player,Ally,Enemy,Stasis,UnderConstruction"/>
        <Range value="500"/>
        <Arc value="360"/>
        <ProducedUnitArray value="EnrichmentTower"/>
        <CmdButtonArray index="Execute" DefaultButtonFace="CalldownEnrichmentTower" Requirements="UseTowerMining"/>
        <PlaceUnit value="EnrichmentTower"/>
        <CursorEffect value="SearchAreaMineralDruse"/>
    </CAbilEffectTarget>
    <CAbilEffectInstant id="CalldownBeacon">
        <AbilSetId value="CalldownBeacon"/>
        <EditorCategories value="Race:UED,AbilityorEffectType:Units"/>
        <InfoTooltipPriority value="1"/>
        <Effect index="0" value="Stimpack2"/>
        <Flags index="BestUnit" value="1"/>
        <Flags index="Smart" value="1"/>
        <Flags index="Transient" value="1"/>
        <Cost>
            <Resource index="Minerals" value="75"/>
            <Cooldown TimeUse="5"/>
        </Cost>
        <AINotifyEffect value="Stimpack2"/>
        <CmdButtonArray index="Execute" DefaultButtonFace="BuildBeacon"/>
    </CAbilEffectInstant>
    <CAbilEffectInstant id="OnwardComrades">
        <EditorCategories value="Race:UED,AbilityorEffectType:Units"/>
        <InfoTooltipPriority value="1"/>
        <Effect index="0" value="OnwardComradesSearch"/>
        <Flags index="BestUnit" value="1"/>
        <Flags index="Transient" value="1"/>
        <Cost>
            <Vital index="Energy" value="75"/>
            <Cooldown TimeUse="17"/>
        </Cost>
        <CmdButtonArray index="Execute" DefaultButtonFace="OnwardComrades">
            <Flags index="ToSelection" value="1"/>
        </CmdButtonArray>
        <AbilSetId value="GoAttack001"/>
    </CAbilEffectInstant>
    <CAbilEffectTarget id="LazarusDeviceAoE">
        <Alignment value="Negative"/>
        <EditorCategories value="Race:UED,AbilityorEffectType:Units"/>
        <Effect index="0" value="EMPLaunchMissile22"/>
        <Flags index="AutoCast" value="1"/>
        <Flags index="AutoCastOn" value="1"/>
        <Cost>
            <Vital index="Energy" value="25"/>
        </Cost>
        <TargetFilters value="Biological,Visible;Self,Neutral,Enemy,Air,Structure,Missile,Stasis,Dead,Hidden,Hallucination"/>
        <Range value="4"/>
        <AutoCastFilters value="Biological,Visible;Self,Neutral,Enemy,Structure,Stasis,Dead,Hidden"/>
        <AutoCastRange value="6"/>
        <PrepTime value="0.01"/>
        <FinishTime value="1"/>
        <UninterruptibleArray index="Prep" value="1"/>
        <UninterruptibleArray index="Finish" value="1"/>
        <AINotifyEffect value="EMPLaunchMissile"/>
        <CmdButtonArray index="Execute" DefaultButtonFace="MutatorReanimate"/>
    </CAbilEffectTarget>
    <CAbilEffectTarget id="SprayUED" parent="SprayParent">
        <CmdButtonArray index="Execute" Requirements="HaveSprayUED"/>
        <EditorCategories value="AbilityorEffectType:Units,Race:UED"/>
    </CAbilEffectTarget>
    <CAbilResearch id="TacticsAcademyResearch">
        <EditorCategories value="Race:UED,AbilityorEffectType:Structures"/>
        <InfoArray index="Research1" Time="105" Upgrade="UpgradeLazarusRegenHealf">
            <Resource index="Minerals" value="150"/>
            <Resource index="Vespene" value="150"/>
            <Button DefaultButtonFace="AuthorizeLazarusRegenHealf" Requirements="LearnLazarusReganHealf"/>
        </InfoArray>
        <InfoArray index="Research2" Time="48" Upgrade="UpgradeEnergeCrimsonEye">
            <Resource index="Minerals" value="150"/>
            <Resource index="Vespene" value="150"/>
            <Button DefaultButtonFace="EngineSurchargeProtocols" Requirements="EnginSurchargeProtocols">
                <Flags index="ShowInGlossary" value="1"/>
            </Button>
        </InfoArray>
        <InfoArray index="Research3" Time="160" Upgrade="UEDWeaponsLevel1">
            <Resource index="Minerals" value="100"/>
            <Resource index="Vespene" value="100"/>
            <Button DefaultButtonFace="UEDWeaponsLevel1" Requirements="UEDWeaponsLevel1"/>
        </InfoArray>
        <InfoArray index="Research4" Time="190" Upgrade="UEDWeaponsLevel2">
            <Resource index="Minerals" value="150"/>
            <Resource index="Vespene" value="150"/>
            <Button DefaultButtonFace="UEDWeaponsLevel2" Requirements="UEDWeaponsLevel2"/>
        </InfoArray>
        <InfoArray index="Research5" Time="220" Upgrade="UEDWeaponsLevel3">
            <Resource index="Minerals" value="200"/>
            <Resource index="Vespene" value="200"/>
            <Button DefaultButtonFace="UEDWeaponsLevel3" Requirements="UEDWeaponsLevel3"/>
        </InfoArray>
        <InfoArray index="Research6" Time="110" Upgrade="UEDArmorLevel1">
            <Resource index="Minerals" value="200"/>
            <Resource index="Vespene" value="200"/>
            <Button DefaultButtonFace="UnknownButton" Requirements="LearnTUEDArmor1">
                <Flags index="ShowInGlossary" value="1"/>
            </Button>
        </InfoArray>
        <InfoArray index="Research7" Time="120" Upgrade="SpareRifleBatteries">
            <Resource index="Minerals" value="125"/>
            <Resource index="Vespene" value="125"/>
            <Button DefaultButtonFace="SpareRifleBatteries" Requirements="LearnSpareRifleBatteries"/>
        </InfoArray>
        <InfoArray index="Research8" Time="190" Upgrade="UEDArmorLevel2">
            <Resource index="Minerals" value="350"/>
            <Resource index="Vespene" value="350"/>
            <Button DefaultButtonFace="UnknownButton2" Requirements="LearnUEDArmor2"/>
        </InfoArray>
        <InfoArray index="Research9" Time="220" Upgrade="UEDArmorLevel3">
            <Resource index="Minerals" value="500"/>
            <Resource index="Vespene" value="500"/>
            <Button DefaultButtonFace="UnknownButton22" Requirements="LearnUEDArmor3"/>
        </InfoArray>
        <InfoArray index="Research10" Time="90" Upgrade="UpgradeOpticalFlare">
            <Resource index="Minerals" value="125"/>
            <Resource index="Vespene" value="125"/>
            <Button DefaultButtonFace="AuthorizeOpticalFlare" Requirements="LearnOpticalFlare"/>
        </InfoArray>
        <InfoArray index="Research11" Time="70" Upgrade="IcarusCatalyst">
            <Resource index="Minerals" value="50"/>
            <Resource index="Vespene" value="50"/>
            <Button DefaultButtonFace="AuthorizeIcarusCatalyst" Requirements="LearnIcarusCatalyst"/>
        </InfoArray>
        <InfoArray index="Research12" Time="60" Upgrade="StrikeGrenade">
            <Resource index="Minerals" value="100"/>
            <Resource index="Vespene" value="75"/>
            <Button DefaultButtonFace="AuthorizeStrikeGrenades" Requirements="LearnStrikeGrenade"/>
        </InfoArray>
        <InfoArray index="Research13" Time="60" Upgrade="UpgradeTowerMining">
            <Resource index="Minerals" value="75"/>
            <Resource index="Vespene" value="75"/>
            <Button DefaultButtonFace="AuthorizeTowerMining" Requirements="LearnTowerMining"/>
        </InfoArray>
    </CAbilResearch>
    <CAbilResearch id="FusionCoreResearch2">
        <EditorCategories value="Race:UED,AbilityorEffectType:Structures"/>
        <InfoArray index="Research1" Time="140" Upgrade="EnrichedUraniumOrdinance">
            <Resource index="Minerals" value="200"/>
            <Resource index="Vespene" value="200"/>
            <Button DefaultButtonFace="AuthorizeEnrichedUraniumOrdinance" Requirements="LearnEnrichedUraniumOrdinance">
                <Flags index="ShowInGlossary" value="1"/>
            </Button>
        </InfoArray>
        <InfoArray index="Research2" Time="120" Upgrade="PrototypePositronicWeaponry">
            <Resource index="Minerals" value="150"/>
            <Resource index="Vespene" value="150"/>
            <Button DefaultButtonFace="AuthorizePrototypePositronicWeaponry" Requirements="LearnPrototypePositronicWeaponry">
                <Flags index="ShowInGlossary" value="1"/>
            </Button>
        </InfoArray>
    </CAbilResearch>
    <CAbilMorph id="CrimsonEyeMorphtoCrimsonEyeSiege">
        <EditorCategories value="Race:UED,AbilityorEffectType:Units"/>
        <CmdButtonArray index="Execute" DefaultButtonFace="MorphtoObserverSiege2">
            <Flags index="ToSelection" value="1"/>
        </CmdButtonArray>
        <Flags index="DisableAbils" value="1"/>
        <Flags index="IgnoreFacing" value="1"/>
        <Flags index="WaitUntilStopped" value="0"/>
        <InfoArray Unit="CrimsonEye">
            <SectionArray index="Abils">
                <DurationArray index="Duration" value="0.75"/>
            </SectionArray>
            <SectionArray index="Actor">
                <DurationArray index="Duration" value="0.75"/>
            </SectionArray>
            <SectionArray index="Collide">
                <DurationArray index="Duration" value="0.75"/>
            </SectionArray>
            <SectionArray index="Mover">
                <DurationArray index="Duration" value="0.75"/>
            </SectionArray>
            <SectionArray index="Stats">
                <DurationArray index="Duration" value="0.75"/>
            </SectionArray>
        </InfoArray>
    </CAbilMorph>
    <CAbilHarvest id="SalvagerHarvest">
        <EditorCategories value="Race:UED,AbilityorEffectType:Units"/>
        <DataCollection value="ProbeHarvest"/>
    </CAbilHarvest>
    <CAbilRally id="RallyOperationHeadquarters">
        <EditorCategories value="Race:UED,AbilityorEffectType:Structures"/>
        <DataCollection value="RallyHatchery"/>
        <OrderArray index="0">
            <DisplayType value="Rally"/>
            <Color value="255,245,140,70"/>
            <Model value="Assets\UI\Feedback\WayPointRally\WayPointRally.m3"/>
            <LineTexture value="Assets\Textures\WayPointLine.dds"/>
        </OrderArray>
    </CAbilRally>
    <CAbilEffectInstant id="EngineSurchargeProtocols">
        <EditorCategories value="Race:UED,AbilityorEffectType:Units"/>
        <Effect index="0" value="MedivacSpeedBoost2"/>
        <Flags index="Transient" value="1"/>
        <Cost/>
        <AINotifyEffect value="MedivacSpeedBoost2"/>
        <CmdButtonArray index="Execute" DefaultButtonFace="EngineSurcharge" Requirements="TrebovanieDopBattary">
            <Flags index="ToSelection" value="1"/>
        </CmdButtonArray>
    </CAbilEffectInstant>
    <CAbilTrain id="OperationHeadquartersTrain">
        <EditorCategories value="Race:UED,AbilityorEffectType:Structures"/>
        <InfoArray index="Train1" Time="17">
            <Button DefaultButtonFace="Salvager">
                <Flags index="ToSelection" value="1"/>
            </Button>
            <Unit value="Salvager"/>
        </InfoArray>
        <InfoArray index="Train2" Time="7">
            <Button DefaultButtonFace="BuildBeacon"/>
            <Unit value="BeaconUED"/>
        </InfoArray>
        <Alert value="TrainWorkerComplete"/>
        <Activity value="UI/Building"/>
    </CAbilTrain>
    <CAbilBuild id="BeaconBuild">
        <EditorCategories value="Race:UED,AbilityorEffectType:MorphsandBurrows"/>
        <FlagArray index="PeonHide" value="1"/>
        <FlagArray index="PeonKillFinish" value="1"/>
        <FlagArray index="RangeIncludesBuilding" value="0"/>
        <InfoArray index="Build1" Unit="OperationHeadquarters" Time="100">
            <Button DefaultButtonFace="OperationHeadquarters"/>
        </InfoArray>
        <InfoArray index="Build2" Unit="Arsenal" Time="25">
            <Button DefaultButtonFace="BuildArsenal"/>
        </InfoArray>
        <InfoArray index="Build3" Unit="VespenePurificationPlant" Time="30">
            <Button DefaultButtonFace="VespenePurificationPlant"/>
            <ValidatorArray value="HasVespene"/>
        </InfoArray>
        <InfoArray index="Build4" Unit="TeleportationNode" Time="66">
            <Button DefaultButtonFace="TeleportationNode" Requirements="HaveArsenal"/>
        </InfoArray>
        <InfoArray index="Build5" Unit="TachyonRelay" Time="50">
            <Button DefaultButtonFace="TachyonRelay" Requirements="HaveStarshipMaintenancePlant"/>
        </InfoArray>
        <InfoArray index="Build6" Unit="FieldBureau" Time="40">
            <Button DefaultButtonFace="FieldBureau" Requirements="HaveTacticsAcademy"/>
        </InfoArray>
        <InfoArray index="Build7" Unit="MilitaryResearchStation" Time="60">
            <Button DefaultButtonFace="MilitaryResearchStation" Requirements="HaveMunitionsFactoryOrStarshipMaintenance"/>
        </InfoArray>
        <InfoArray index="Build8" Unit="MunitionsFactory" Time="50">
            <Button DefaultButtonFace="MunitionsFactory" Requirements="HaveTacticsAcademy"/>
        </InfoArray>
        <InfoArray index="Build9" Unit="StarshipMaintenancePlant" Time="70">
            <Button DefaultButtonFace="StarshipMaintenancePlant" Requirements="HaveTacticsAcademy"/>
        </InfoArray>
        <InfoArray index="Build10" Unit="TacticsAcademy" Time="42">
            <Button DefaultButtonFace="TacticsAcademy" Requirements="HaveTeleportationNode"/>
        </InfoArray>
        <InfoArray index="Build11" Unit="EnrichmentTower" Time="27">
            <Button DefaultButtonFace="ResourceDoublingFieldBuild" Requirements="HaveTacticsAcademy"/>
            <ValidatorArray value="HasMinerals"/>
        </InfoArray>
        <InfoArray index="Build13" Time="70"/>
    </CAbilBuild>
    <CAbilTrain id="TeleportationNodeTrain">
        <EditorCategories value="Race:UED,AbilityorEffectType:Structures"/>
        <Activity value="UI/Warping"/>
        <InfoArray index="Train1" Time="30">
            <Button DefaultButtonFace="BuildStrikeTrooper"/>
            <Unit value="StrikeTrooper"/>
        </InfoArray>
        <InfoArray index="Train2" Time="50">
            <Button DefaultButtonFace="BuildStrikefighter" Requirements="HaveStarshipMaintenancePlant"/>
            <Unit value="Strikefighter"/>
        </InfoArray>
        <InfoArray index="Train3" Time="56">
            <Button DefaultButtonFace="BuildValkyrie" Requirements="HaveStarshipMaintenancePlant"/>
            <Unit value="Valkyrie"/>
        </InfoArray>
        <InfoArray index="Train4" Time="94">
            <Button DefaultButtonFace="Honorguard" Requirements="HaveTachyonRelay"/>
            <Unit value="HonorguardCruiser"/>
        </InfoArray>
        <InfoArray index="Train5" Time="52">
            <Button DefaultButtonFace="MainBattleTank" Requirements="HaveMunitionsFactory"/>
            <Unit value="Napoleon"/>
        </InfoArray>
        <InfoArray index="Train6" Time="33">
            <Button DefaultButtonFace="CrimsonEye" Requirements="HaveMunitionsFactoryOrStarshipMaintenance"/>
            <Unit value="CrimsonEye"/>
        </InfoArray>
        <InfoArray index="Train7" Time="70">
            <Button DefaultButtonFace="AssaultTank" Requirements="HaveMilitaryResearchStation"/>
            <Unit value="CitadelAAT"/>
        </InfoArray>
        <InfoArray index="Train8" Time="57">
            <Button DefaultButtonFace="DesolatorMissileTank" Requirements="HaveMunitionsFactory"/>
            <Unit value="Typhoon"/>
        </InfoArray>
        <InfoArray index="Train9" Time="42">
            <Button DefaultButtonFace="TransportShuttle" Requirements="HaveStarshipMaintenancePlant"/>
            <Unit value="TransportShuttle"/>
        </InfoArray>
        <InfoArray index="Train10" Time="45">
            <Button DefaultButtonFace="DrakkarAPC" Requirements="HaveTacticsAcademy"/>
            <Unit value="DrakkarAPC"/>
        </InfoArray>
        <InfoArray index="Train11" Time="70">
            <Button DefaultButtonFace="PeenemundeMRLS" Requirements="HaveMilitaryResearchStation"/>
            <Unit value="PeenemundeMRLS"/>
        </InfoArray>
        <InfoArray index="Train12" Time="42">
            <Button DefaultButtonFace="Lazarus" Requirements="HaveTacticsAcademy"/>
            <Unit value="Lazarus"/>
        </InfoArray>
        <InfoArray index="Train13" Time="35">
            <Button DefaultButtonFace="Taranis" Requirements="HaveTacticsAcademy"/>
            <Unit value="Taranis"/>
        </InfoArray>
        <InfoArray index="Train14" Time="45">
            <Button DefaultButtonFace="PoliticalAdvisor" Requirements="HaveFieldBureau"/>
            <Unit value="PoliticalAdvisor"/>
        </InfoArray>
        <InfoArray index="Train15" Time="50">
            <Button DefaultButtonFace="SupporttShuttle" Requirements="HaveStarshipMaintenancePlant"/>
            <Unit value="SupportShuttle"/>
        </InfoArray>
        <InfoArray index="Train16" Time="27">
            <Button DefaultButtonFace="Garmr"/>
            <Unit value="Garmr"/>
        </InfoArray>
        <InfoArray index="Train17" Time="37">
            <Button DefaultButtonFace="Huracan" Requirements="HaveTacticsAcademy"/>
            <Unit value="Huracan"/>
        </InfoArray>
        <InfoArray index="Train18" Time="5">
            <Button DefaultButtonFace="BuildBeacon"/>
            <Unit value="BeaconUED"/>
        </InfoArray>
    </CAbilTrain>
    <CAbilEffectTarget id="ProjectedGravityShield">
        <Alignment value="Positive"/>
        <EditorCategories value="Race:UED,AbilityorEffectType:Units"/>
        <Effect index="0" value="TransfusionImpactSet2"/>
        <Flags index="AllowMovement" value="1"/>
        <Flags index="NoDeceleration" value="1"/>
        <Cost>
            <Vital index="Energy" value="75"/>
            <Cooldown Link="TransfusionTransfusion2TransfusionStrengtheningShieldTransfusionTransfusion2TransfusionProjectedGravityShield"/>
        </Cost>
        <TargetFilters value="Visible;Self,Neutral,Enemy,Structure,Missile,Stasis,UnderConstruction,Dead,Hidden,Invulnerable"/>
        <Range value="10"/>
        <CastIntroTime value="0.2"/>
        <FinishTime value="0"/>
        <UninterruptibleArray index="Finish" value="1"/>
        <AINotifyEffect value="StrengtheningShield"/>
        <CmdButtonArray index="Execute" DefaultButtonFace="ProjectedGravitySheild"/>
    </CAbilEffectTarget>
    <CAbilMorph id="UpgradeToInfusionTower">
        <EditorCategories value="Race:UED,AbilityorEffectType:MorphsandBurrows"/>
        <CmdButtonArray index="Execute" DefaultButtonFace="InfusionTower" Requirements="HaveTacticsAcademy"/>
        <CmdButtonArray index="Cancel" DefaultButtonFace="CancelUEDMorph"/>
        <ActorKey value="LairUpgrade"/>
        <Flags index="BestUnit" value="1"/>
        <Flags index="Birth" value="1"/>
        <Flags index="DisableAbils" value="1"/>
        <Flags index="FastBuild" value="1"/>
        <Flags index="Interruptible" value="1"/>
        <Flags index="Produce" value="1"/>
        <Flags index="ShowProgress" value="1"/>
        <InfoArray Score="1" Unit="InfusionTower">
            <SectionArray index="Abils">
                <DurationArray index="Delay" value="42"/>
            </SectionArray>
            <SectionArray index="Actor">
                <DurationArray index="Duration" value="42"/>
            </SectionArray>
            <SectionArray index="Stats">
                <DurationArray index="Delay" value="42"/>
            </SectionArray>
        </InfoArray>
        <Alert value="MorphComplete_Terr"/>
        <Activity value="UI/Mutating"/>
    </CAbilMorph>
    <CAbilMorph id="UpgradeToMissileTower">
        <EditorCategories value="Race:UED,AbilityorEffectType:MorphsandBurrows"/>
        <CmdButtonArray index="Execute" DefaultButtonFace="MissileTower" Requirements="HaveTacticsAcademy"/>
        <CmdButtonArray index="Cancel" DefaultButtonFace="CancelUEDMorph"/>
        <ActorKey value="LairUpgrade"/>
        <Flags index="BestUnit" value="1"/>
        <Flags index="Birth" value="1"/>
        <Flags index="DisableAbils" value="1"/>
        <Flags index="FastBuild" value="1"/>
        <Flags index="Interruptible" value="1"/>
        <Flags index="Produce" value="1"/>
        <Flags index="ShowProgress" value="1"/>
        <InfoArray Score="1" Unit="MissileTower">
            <SectionArray index="Abils">
                <DurationArray index="Delay" value="25"/>
            </SectionArray>
            <SectionArray index="Actor">
                <DurationArray index="Duration" value="25"/>
            </SectionArray>
            <SectionArray index="Stats">
                <DurationArray index="Delay" value="25"/>
            </SectionArray>
        </InfoArray>
        <Alert value="MorphComplete_Terr"/>
        <Activity value="UI/Mutating"/>
    </CAbilMorph>
    <CAbilMorph id="UpgradeToSuppressionTower">
        <EditorCategories value="Race:UED,AbilityorEffectType:MorphsandBurrows"/>
        <CmdButtonArray index="Execute" DefaultButtonFace="MissileSuppressionTower" Requirements="HaveTacticsAcademy"/>
        <CmdButtonArray index="Cancel" DefaultButtonFace="CancelUEDMorph"/>
        <ActorKey value="LairUpgrade"/>
        <Flags index="BestUnit" value="1"/>
        <Flags index="Birth" value="1"/>
        <Flags index="DisableAbils" value="1"/>
        <Flags index="FastBuild" value="1"/>
        <Flags index="Interruptible" value="1"/>
        <Flags index="Produce" value="1"/>
        <Flags index="ShowProgress" value="1"/>
        <InfoArray Score="1" Unit="SuppressionTower">
            <SectionArray index="Abils">
                <DurationArray index="Delay" value="35"/>
            </SectionArray>
            <SectionArray index="Actor">
                <DurationArray index="Duration" value="35"/>
            </SectionArray>
            <SectionArray index="Stats">
                <DurationArray index="Delay" value="35"/>
            </SectionArray>
        </InfoArray>
        <Alert value="MorphComplete_Terr"/>
        <Activity value="UI/Mutating"/>
    </CAbilMorph>
    <CAbilMorph id="UpgradeToHeavyTower">
        <EditorCategories value="Race:UED,AbilityorEffectType:MorphsandBurrows"/>
        <DataCollection value="UpgradeToSuppressionTower"/>
        <CmdButtonArray index="Execute" DefaultButtonFace="HeavyTower" Requirements="HaveTacticsAcademy"/>
        <CmdButtonArray index="Cancel" DefaultButtonFace="CancelUEDMorph"/>
        <ActorKey value="LairUpgrade"/>
        <Flags index="BestUnit" value="1"/>
        <Flags index="Birth" value="1"/>
        <Flags index="DisableAbils" value="1"/>
        <Flags index="FastBuild" value="1"/>
        <Flags index="Interruptible" value="1"/>
        <Flags index="Produce" value="1"/>
        <Flags index="ShowProgress" value="1"/>
        <InfoArray Score="1" Unit="HeavyTower">
            <SectionArray index="Abils">
                <DurationArray index="Delay" value="42"/>
            </SectionArray>
            <SectionArray index="Actor">
                <DurationArray index="Duration" value="42"/>
            </SectionArray>
            <SectionArray index="Stats">
                <DurationArray index="Delay" value="42"/>
            </SectionArray>
        </InfoArray>
        <Alert value="MorphComplete_Terr"/>
        <Activity value="UI/Mutating"/>
    </CAbilMorph>
    <CAbilEffectTarget id="Yamato3">
        <Alignment value="Negative"/>
        <EditorCategories value="Race:UED,AbilityorEffectType:Units"/>
        <Flags index="AbortOnAllianceChange" value="0"/>
        <Flags index="AllowMovement" value="1"/>
        <Flags index="IgnoreOrderPlayerIdInStageValidate" value="1"/>
        <Flags index="NoDeceleration" value="1"/>
        <Cost>
            <Charge>
                <Flags index="EnableChargeTimeQueuing" value="1"/>
            </Charge>
            <Cooldown TimeUse="63"/>
        </Cost>
        <Range value="11"/>
        <RangeSlop value="10"/>
        <ShowProgressArray index="Prep" value="1"/>
        <UninterruptibleArray index="Prep" value="1"/>
        <UninterruptibleArray index="Cast" value="1"/>
        <UninterruptibleArray index="Channel" value="1"/>
        <UninterruptibleArray index="Finish" value="1"/>
        <ValidatedArray index="Cast" value="0"/>
        <ValidatedArray index="Channel" value="0"/>
        <ProgressButtonArray index="Prep" value="YamatoGun"/>
        <CancelEffect index="Prep" value="BattlecruiserYamatoCD"/>
        <CmdButtonArray index="Execute" DefaultButtonFace="SongoftheDead" Requirements="UseCitadelAbility"/>
    </CAbilEffectTarget>
    <CAbilAttack id="attackUED">
        <OrderArray index="0">
            <DisplayType value="Attack"/>
            <Color value="255,255,0,0"/>
            <Model value="Assets\UI\Cursors\WayPointAttack_Zerg\WayPointAttack_Zerg.m3"/>
            <LineTexture value="Assets\Textures\WayPointLine.dds"/>
        </OrderArray>
        <TargetMessage value="Abil/TargetMessage/attackUED"/>
        <MinAttackSpeedMultiplier value="0.25"/>
        <MaxAttackSpeedMultiplier value="128"/>
        <EditorCategories value="Race:UED,AbilityorEffectType:Units"/>
    </CAbilAttack>
    <CAbilMove id="moveUED">
        <OrderArray index="0">
            <DisplayType value="Move"/>
            <Color value="255,255,128,0"/>
            <Model value="Assets\UI\Cursors\WayPointAttackSwarm\WayPointAttackSwarm.m3"/>
            <LineTexture value="Assets\Textures\WayPointLine.dds"/>
        </OrderArray>
        <OrderArray index="1">
            <DisplayType value="Move"/>
            <Color value="255,35,125,255"/>
            <Model value="Assets\UI\Cursors\WayPointAttackSwarm\WayPointAttackSwarm.m3"/>
            <LineTexture value="Assets\Textures\WayPointLine.dds"/>
        </OrderArray>
        <AbilSetId value="Move"/>
        <FleeRange value="5"/>
        <FleeTime value="5"/>
        <FollowRangeSlop value="1"/>
        <FollowAcquireRange value="6"/>
        <MinPatrolDistance value="1"/>
        <EditorCategories value="Race:UED,AbilityorEffectType:Units"/>
    </CAbilMove>
    <CAbilQueue id="que12">
        <EditorCategories value="Race:UED,AbilityorEffectType:Structures"/>
        <QueueSize value="1"/>
    </CAbilQueue>
    <CAbilQueue id="que52">
        <EditorCategories value="Race:UED,AbilityorEffectType:Structures"/>
        <QueueSize value="6"/>
        <QueueCount value="2"/>
    </CAbilQueue>
    <CAbilStop id="stop2">
        <CmdButtonArray index="HoldFire" DefaultButtonFace="HoldFireSpecial"/>
        <EditorCategories value="Race:UED,AbilityorEffectType:Units"/>
    </CAbilStop>
    <CAbilEffectTarget id="LazarusDevice">
        <OrderArray index="0" Model="Assets\UI\Cursors\WayPointAttackSwarm\WayPointAttackSwarm.m3"/>
        <EditorCategories value="AbilityorEffectType:Units,Race:UED"/>
        <Effect index="0" value="LazarusReanimate"/>
        <TargetFilters value="Biological;Neutral,Enemy,Air,AirUnit"/>
        <Range value="3"/>
        <Arc value="11.25"/>
        <CastIntroTime value="0.2"/>
        <UninterruptibleArray index="Cast" value="1"/>
        <UninterruptibleArray index="Channel" value="1"/>
        <UninterruptibleArray index="Finish" value="1"/>
        <AINotifyEffect value="LazarusReanimate"/>
        <CmdButtonArray index="Execute" DefaultButtonFace="MutatorReanimate"/>
        <Cost>
            <Vital index="Energy" value="40"/>
        </Cost>
        <AutoCastFilters value="Visible;Ally,Neutral,Enemy"/>
        <SmartValidatorArray value="IsDeadUEDInfantry"/>
        <Flags index="AutoCast" value="1"/>
        <Flags index="AutoCastOn" value="1"/>
        <AutoCastAcquireLevel value="Defensive"/>
        <AutoCastRange value="6"/>
        <AutoCastValidatorArray value="IsDeadUEDInfantry"/>
    </CAbilEffectTarget>
    <CAbilEffectTarget id="WarpUEDBeacon">
        <EditorCategories value="AbilityorEffectType:Units,Race:UED"/>
        <Effect index="0" value="CreatUnitBeacon"/>
        <Cost>
            <Resource index="Minerals" value="50"/>
            <Charge>
                <CountMax value="1"/>
                <CountStart value="1"/>
                <CountUse value="1"/>
                <TimeStart value="10"/>
                <TimeUse value="10"/>
            </Charge>
        </Cost>
        <Range value="500"/>
        <Arc value="360"/>
        <Marker Duration="5"/>
        <CmdButtonArray index="Execute" DefaultButtonFace="BuildBeacon"/>
        <PlaceUnit value="BeaconUED"/>
    </CAbilEffectTarget>
    <CAbilEffectTarget id="OpticalFlare">
        <EditorCategories value="Race:UED,AbilityorEffectType:Units"/>
        <Effect index="0" value="OpticalFlareLM"/>
        <Cost>
            <Vital index="Energy" value="75"/>
        </Cost>
        <TargetFilters value="Visible;Self,Structure,RawResource,HarvestableResource,Missile,Stasis,Dead,Hidden,Invulnerable"/>
        <Range value="9"/>
        <CmdButtonArray index="Execute" DefaultButtonFace="OpticalFlare"/>
        <CursorEffect value="SearchAreaBlidingFlash"/>
    </CAbilEffectTarget>
    <CAbilEffectTarget id="PeenemundeMRLSLM">
        <Alignment value="Negative"/>
        <EditorCategories value="Race:UED,AbilityorEffectType:Units"/>
        <Flags index="AutoCast" value="1"/>
        <Flags index="AutoCastOn" value="1"/>
        <Cost>
            <Cooldown TimeUse="12.6"/>
        </Cost>
        <TargetFilters value="-;Self,Air,Missile,Uncommandable,Dead,Hidden,Invulnerable"/>
        <Range value="21"/>
        <AutoCastFilters value="Ground,Visible;Player,Ally,Neutral"/>
        <AutoCastRange value="21"/>
        <PrepTime value="2"/>
        <CastIntroTime value="0"/>
        <CmdButtonArray index="Execute" DefaultButtonFace="PrecisionStrike"/>
        <AcquireAttackers value="1"/>
        <CursorEffect value="SearchAreaDamagePenemunde"/>
        <AutoCastValidatorArray value="noMarkers"/>
        <AutoCastValidatorArray value="NotHiddenSelf"/>
        <TargetSorts>
            <SortArray value="TSPriority2"/>
        </TargetSorts>
    </CAbilEffectTarget>
</Catalog>
