<?xml version="1.0" encoding="utf-8"?>
<Catalog>
    <CAlert id="AddOnComplete_ued">
        <Sound value="Alert_TerranAddOnComplete_Terr"/>
        <Text value="Alert/Text/AddOnComplete"/>
    </CAlert>
    <CAlert id="AmmoComplete_ued">
        <Voice value="Ready"/>
    </CAlert>
    <CAlert id="AttackTownAlly_ued" parent="Attack">
        <Icon value="Assets\Textures\btn-command-attack.dds"/>
        <Sound value="Alert_TerranAllyBaseUnderAttack2"/>
        <Text value="Alert/Text/AttackTownAlly"/>
        <Tooltip value="Alert/Tooltip/AttackTownAlly"/>
        <Peripheral value="AllyBaseUnderAttack"/>
    </CAlert>
    <CAlert id="AttackTown_ued" parent="Attack">
        <Icon value="Assets\Textures\btn-command-attack.dds"/>
        <PingModel value="PingBaseAttack"/>
        <Sound value="Alert_TerranBaseUnderAttack2"/>
        <Text value="Alert/Text/AttackTown"/>
        <Tooltip value="Alert/Tooltip/AttackTown"/>
        <Voice value="Help"/>
        <Peripheral value="SelfBaseUnderAttack"/>
    </CAlert>
    <CAlert id="AttackUnitAlly_ued" parent="Attack">
        <Icon value="Assets\Textures\btn-command-attack.dds"/>
        <Sound value="Alert_TerranAllyUnderAttack2"/>
        <Text value="Alert/Text/AttackUnitAlly"/>
        <Tooltip value="Alert/Tooltip/AttackUnitAlly"/>
        <Peripheral value="AllyUnitUnderAttack"/>
    </CAlert>
    <CAlert id="BuildComplete_ued">
        <Voice value="Ready"/>
        <Peripheral value="BuildingComplete"/>
    </CAlert>
    <CAlert id="CalldownLaunch_ued" parent="Global">
        <Flags index="SoundFromLocalPlayer" value="1"/>
        <Icon value="Assets\Textures\btn-ability-terran-nuclearstrike.dds"/>
        <QueueTime value="10.000000"/>
        <Sound value="Alert_TerranCalldownLaunch2"/>
        <Text value="Alert/Text/CalldownLaunch"/>
        <Tooltip value="Alert/Tooltip/CalldownLaunch"/>
        <Peripheral value="CalldownLaunch"/>
    </CAlert>
    <CAlert id="MergeComplete_ued">
        <Voice value="Ready"/>
    </CAlert>
    <CAlert id="MorphComplete_ued">
        <Voice value="Ready"/>
        <Peripheral value="MorphComplete"/>
    </CAlert>
    <CAlert id="MothershipComplete_ued">
        <Sound value="TrainComplete_Terr"/>
        <Text value="Alert/Text/TrainComplete_Terr"/>
        <Tooltip value="Alert/Tooltip/TrainComplete_Terr"/>
        <Voice value="Ready"/>
        <Peripheral value="MothershipComplete"/>
    </CAlert>
    <CAlert id="ResearchComplete_ued">
        <Sound value="Alert_TerranResearchComplete2"/>
        <Peripheral value="ResearchComplete"/>
    </CAlert>
    <CAlert id="ResourceExhausted_HighYieldMineral_ued">
        <Icon value="Assets\Textures\icon-highyieldmineral-terran.dds"/>
        <Sound value="Alert_TerranMineralsDepleted2"/>
        <Peripheral value="ResourceExhausted"/>
    </CAlert>
    <CAlert id="ResourceExhausted_Mineral_ued">
        <Icon value="Assets\Textures\icon-mineral-terran.dds"/>
        <Sound value="Alert_TerranMineralsDepleted2"/>
        <Text value="Alert/Text/ResourceExhausted_Mineral"/>
        <Tooltip value="Alert/Tooltip/ResourceExhausted_Mineral"/>
        <Peripheral value="ResourceExhausted"/>
    </CAlert>
    <CAlert id="ResourceExhausted_Vespene_ued">
        <Icon value="Assets\Textures\icon-gas-terran.dds"/>
        <Sound value="Alert_TerranVespeneGeyserExhausted2"/>
        <Text value="Alert/Text/ResourceExhausted_Vespene"/>
        <Tooltip value="Alert/Tooltip/ResourceExhausted_Vespene"/>
        <Peripheral value="ResourceExhausted"/>
    </CAlert>
    <CAlert id="ReviveError_ued">
        <Icon value="Assets\Textures\icon-supply-terran.dds"/>
        <QueueTime value="4.000000"/>
        <Sound value="ReviveError"/>
        <Text value="Alert/Text/ReviveError"/>
        <Tooltip value="Alert/Tooltip/ReviveError"/>
    </CAlert>
    <CAlert id="SpecializeComplete_ued">
        <Peripheral value="SpecializationComplete"/>
    </CAlert>
    <CAlert id="TrainComplete_ued">
        <Voice value="Ready"/>
        <Peripheral value="TrainComplete"/>
    </CAlert>
    <CAlert id="TrainError_ued">
        <Display index="Self" value="0"/>
        <Icon value="Assets\Textures\icon-supply-terran.dds"/>
        <QueueTime value="4.000000"/>
        <Sound value="TrainError"/>
        <Text value="Alert/Text/TrainError"/>
        <Tooltip value="Alert/Tooltip/TrainError"/>
    </CAlert>
    <CAlert id="TrainWorkerComplete_ued">
        <Flags index="Hide" value="1"/>
        <Voice value="Ready"/>
    </CAlert>
    <CAlert id="UpgradeComplete_ued">
        <Sound value="Alert_TerranUpgradeComplete2"/>
        <Peripheral value="UpgradeComplete"/>
    </CAlert>
    <CAlert id="WarpTrainComplete_ued">
        <Sound value=""/>
        <Voice value="Ready"/>
        <Peripheral value="WarpInComplete"/>
    </CAlert>
</Catalog>
