<?xml version="1.0" encoding="utf-8"?>
<Catalog>
    <CBehaviorBuff id="AlgoritmOtklTowerMining">
        <InfoFlags index="AlwaysUseGameText" value="1"/>
        <InfoIcon value="Assets\Textures\btn-techupgrade-terran-cloakdistortionfield.dds"/>
        <EditorCategories value="AbilityorEffectType:Units,Race:UED"/>
        <Modification>
            <LifeArmorBonus value="4"/>
            <BehaviorLinkDisableArray value="AlgoritmIrradiationFieldBeatan"/>
        </Modification>
    </CBehaviorBuff>
    <CBehaviorBuff id="AlgoritmVoskreshenie2Times">
        <Alignment value="Positive"/>
        <InfoFlags index="AlwaysUseGameText" value="1"/>
        <InfoIcon value="Assets\Textures\btn-ability-dehaka-healing.dds"/>
        <EditorCategories value="Race:UED,AbilityorEffectType:Units"/>
        <RemoveValidatorArray value="ValidateNoDie"/>
        <Duration value="14"/>
        <Modification>
            <VitalRegenArray index="Life" value="2.1796"/>
        </Modification>
    </CBehaviorBuff>
    <CBehaviorBuff id="BeathaniumInfusionField2">
        <InfoIcon value="Assets\Textures\btn-upgrade-swann-regenerativebiosteel.dds"/>
        <EditorCategories value="Race:UED,AbilityorEffectType:Units"/>
        <BuffFlags index="RefreshStack" value="1"/>
        <Duration value="0.6"/>
        <Period value="0.5"/>
        <Modification>
            <VitalRegenArray index="Life" value="0.1992"/>
        </Modification>
    </CBehaviorBuff>
    <CBehaviorBuff id="BurrowChargeMPKnockback2">
        <InfoFlags index="Hidden" value="1"/>
        <EditorCategories value="Race:UED,AbilityorEffectType:Units"/>
        <Duration value="0.8"/>
    </CBehaviorBuff>
    <CBehaviorBuff id="BurrowChargingRevD2">
        <InfoFlags index="Hidden" value="1"/>
        <EditorCategories value="Race:UED,AbilityorEffectType:Units"/>
        <Modification MoveSpeedBonus="5.0468">
            <ModifyFlags index="DisableAbils" value="1"/>
            <ModifyFlags index="DisableWeapons" value="1"/>
            <ModifyFlags index="OrdersUninterruptible" value="1"/>
            <StateFlags index="Bury" value="1"/>
            <StateFlags index="Cloak" value="1"/>
            <StateFlags index="SuppressCollision" value="1"/>
            <WeaponDisableArray value="KaiserBlades"/>
        </Modification>
    </CBehaviorBuff>
    <CBehaviorBuff id="CarryHarvestableVespeneGeyserGasUED">
        <InfoFlags index="Hidden" value="1"/>
        <EditorCategories value="AbilityorEffectType:Units,Race:UED"/>
    </CBehaviorBuff>
    <CBehaviorBuff id="AlgoritmCloakingDroneUED">
        <InfoFlags index="AlwaysUseGameText" value="1"/>
        <InfoIcon value="Assets\Textures\btn-ability-hornerhan-wraith-permanentcloak.dds"/>
        <EditorCategories value="Race:UED,AbilityorEffectType:Units"/>
        <DisplayDuration index="Self" value="1"/>
        <DisplayDuration index="Ally" value="1"/>
        <RemoveValidatorArray value="ValidateCloackDronAttackBan"/>
        <Duration value="60"/>
        <InitialEffect value="ApplyAlgoritmInvisHelpUED"/>
        <Modification MoveSpeedMultiplier="1.25" AccelerationMultiplier="1.25">
            <StateFlags index="Cloak" value="1"/>
            <StateFlags index="Passive" value="1"/>
            <StateFlags index="SuppressAttack" value="1"/>
        </Modification>
        <DamageResponse Handled="CloakingDroneRB" ModifyFraction="0.75">
            <Chance value="1"/>
        </DamageResponse>
    </CBehaviorBuff>
    <CBehaviorBuff id="AlgoritmCloakingDroneUEDhelp">
        <InfoFlags index="Hidden" value="1"/>
        <InfoIcon value="Assets\Textures\btn-ability-hornerhan-wraith-permanentcloak.dds"/>
        <EditorCategories value="Race:UED,AbilityorEffectType:Units"/>
        <RemoveValidatorArray value="ValidateHaveInvisDronUED"/>
        <DamageResponse Handled="CancelDronCloackedUED" Location="Attacker">
            <Chance value="1"/>
        </DamageResponse>
    </CBehaviorBuff>
    <CBehaviorBuff id="CrimsonEyeRadar">
        <Alignment value="Positive"/>
        <InfoFlags index="Hidden" value="1"/>
        <InfoIcon value="Assets\Textures\btn-status-radar.dds"/>
        <EditorCategories value="Race:UED,AbilityorEffectType:Structures"/>
        <BuffFlags index="DisableWhileUnderConstruction" value="1"/>
        <Modification Radar="16" RadarFilters="-;Neutral,RawResource,HarvestableResource,Missile,Destructible,Buried,Cloaked"/>
    </CBehaviorBuff>
    <CBehaviorBuff id="AlgoritmDetectorCrimsonEye" parent="Detector">
        <Alignment value="Positive"/>
        <InfoFlags index="AlwaysUseGameText" value="1"/>
        <InfoIcon value="Assets\Textures\btn-status-detector.dds"/>
        <EditorCategories value="Race:UED,AbilityorEffectType:Units"/>
        <Duration value="17"/>
        <Modification Detect="11" Radar="21" RadarFilters="-;Neutral,RawResource,HarvestableResource,Missile,Destructible,Buried,Cloaked"/>
    </CBehaviorBuff>
    <CBehaviorBuff id="Detector1122" parent="Detector">
        <Alignment value="Positive"/>
        <InfoFlags index="Hidden" value="1"/>
        <InfoIcon value="Assets\Textures\btn-status-detector.dds"/>
        <EditorCategories value="Race:UED,AbilityorEffectType:Units"/>
        <Requirements value="TrebovanieDopBattary"/>
    </CBehaviorBuff>
    <CBehaviorBuff id="BeaconrAlgoritmBoost">
        <InfoFlags index="AlwaysUseGameText" value="1"/>
        <InfoIcon value="Assets\Textures\btn-upgrade-mengsk-engineeringbay-orbitaldrop.dds"/>
        <EditorCategories value="AbilityorEffectType:Units,Race:UED"/>
        <Duration value="10"/>
        <Modification MoveSpeedMultiplier="1.5" AccelerationMultiplier="4"/>
    </CBehaviorBuff>
    <CBehaviorBuff id="AlgoritmGarmrPeriodAttack">
        <InfoFlags index="AlwaysUseGameText" value="1"/>
        <InfoIcon value="Assets\Textures\btn-ability-kerrigan-wildmutation.dds"/>
        <EditorCategories value="AbilityorEffectType:Units,Race:UED"/>
        <MaxStackCount value="3"/>
        <Duration value="7.1"/>
        <Period value="0.35"/>
        <PeriodCount value="20"/>
        <PeriodicEffect value="ExplodingGarmrSlow"/>
        <Modification MoveSpeedMultiplier="0.8"/>
        <RemoveValidatorArray value="ValidateNotUltralisk"/>
    </CBehaviorBuff>
    <CBehaviorBuff id="DrakkarAlgoritmUnit">
        <InfoIcon value="Assets\Textures\btn-ability-mengsk-battlecruiser-decksights.dds"/>
        <EditorCategories value="AbilityorEffectType:Units,Race:UED"/>
        <Modification>
            <AbilLinkDisableArray value="LazarusDeviceAoE"/>
            <WeaponEnableArray value="DrakkarLSC330GaussCarabine2"/>
            <WeaponEnableArray value="DrakkarType769BattleRifle22"/>
            <WeaponEnableArray value="DrakkarMCHL4GrenadeLauncher2"/>
            <WeaponEnableArray value="DrakkarStrikeTrooperRifle"/>
            <WeaponDisableArray value="LSC330GaussCarabine"/>
            <WeaponDisableArray value="MCHL4GrenadeLauncher"/>
            <WeaponDisableArray value="Type769BattleRifle2"/>
            <WeaponDisableArray value="StrikeTrooperRifle"/>
            <WeaponDisableArray value="HighPoweredShot"/>
            <WeaponDisableArray value="CombustiveGob"/>
        </Modification>
    </CBehaviorBuff>
    <CBehaviorBuff id="DrakkarAlgoritmSlowing">
        <InfoFlags index="Hidden" value="1"/>
        <InfoIcon value="Assets\Textures\btn-ability-mengsk-battlecruiser-decksights.dds"/>
        <EditorCategories value="AbilityorEffectType:Units,Race:UED"/>
        <MaxStackCount value="4"/>
        <Modification MoveSpeedBonus="-0.125" AccelerationBonus="-0.875" DecelerationBonus="-0.875"/>
    </CBehaviorBuff>
    <CBehaviorBuff id="DrakkarAlgoritmOtklLazarus">
        <InfoIcon value="Assets\Textures\btn-ability-mengsk-battlecruiser-decksights.dds"/>
        <EditorCategories value="AbilityorEffectType:Units,Race:UED"/>
        <Duration value="0.1"/>
        <Modification>
            <ModifyFlags index="DisableAbils" value="1"/>
            <ModifyFlags index="EnableAttack" value="1"/>
            <ModifyFlags index="EnableMove" value="1"/>
        </Modification>
    </CBehaviorBuff>
    <CBehaviorBuff id="PenemundeAlgoritmDamage" parent="Detector">
        <Alignment value="Negative"/>
        <InfoFlags index="AlwaysUseGameText" value="1"/>
        <InfoIcon value="Assets\Textures\btn-ability-hornerhan-raven-analyzetarget.dds"/>
        <EditorCategories value="Race:UED,AbilityorEffectType:Units"/>
        <Duration value="0.4"/>
        <Period value="0.35"/>
        <InitialEffect value="PenemundeDamageSmall"/>
        <PeriodicEffect value="PenemundeDamageSmall"/>
    </CBehaviorBuff>
    <CBehaviorBuff id="OpticalFlare22">
        <Alignment value="Negative"/>
        <InfoFlags index="AlwaysUseGameText" value="1"/>
        <InfoIcon value="Assets\Textures\btn-techupgrade-terran-tenstenspikes.dds"/>
        <BehaviorCategories index="Restorable" value="1"/>
        <EditorCategories value="AbilityorEffectType:Units,Race:UED"/>
        <Modification>
            <WeaponDisableArray value="145mmMachineGun"/>
        </Modification>
    </CBehaviorBuff>
    <CBehaviorBuff id="AlgoritmResurrected">
        <InfoIcon value="Assets\Textures\btn-ability-kerrigan_revive.dds"/>
        <EditorCategories value="AbilityorEffectType:Units,Race:UED"/>
        <RemoveValidatorArray value="ValidateLazarusRegenHealf"/>
        <Duration value="7"/>
    </CBehaviorBuff>
    <CBehaviorBuff id="AlgoritmStrikeGrenade">
        <Alignment value="Negative"/>
        <InfoIcon value="Assets\Textures\btn-ability-tychus-tychus-shreddergrenade.dds"/>
        <EditorCategories value="AbilityorEffectType:Units,Race:UED"/>
        <Duration value="7"/>
        <Modification AttackSpeedMultiplier="0.8"/>
        <MaxStackCount value="2"/>
        <RemoveValidatorArray value="ValidateNotUltralisk"/>
    </CBehaviorBuff>
    <CBehaviorBuff id="AlgoritmKolichestvoTowerMining">
        <InfoFlags index="Hidden" value="1"/>
        <InfoIcon value="Assets\Buttons\Structures\btn-structure-UED-SensorTower.dds"/>
        <EditorCategories value="AbilityorEffectType:Units,Race:UED"/>
        <MaxStackCount value="2"/>
    </CBehaviorBuff>
    <CBehaviorBuff id="AlgoritmDruseBeatanField">
        <InfoFlags index="AlwaysUseGameText" value="1"/>
        <InfoIcon value="Assets\Textures\btn-tips-richminerals.dds"/>
        <EditorCategories value="AbilityorEffectType:Units,Race:UED"/>
        <Modification>
            <ResourceHarvestAmountBonus index="Minerals" value="1"/>
        </Modification>
    </CBehaviorBuff>
    <CBehaviorBuff id="AlgoritmIrradiationFieldBeatan">
        <InfoFlags index="Hidden" value="1"/>
        <InfoIcon value="Assets\Buttons\Structures\btn-structure-UED-SensorTower.dds"/>
        <EditorCategories value="AbilityorEffectType:Units,Race:UED"/>
        <DisableValidatorArray value="ValidateForBeginTowerSetInvis"/>
        <Period value="0.2"/>
        <PeriodicEffect value="SearchAreaMineralDruse"/>
    </CBehaviorBuff>
    <CBehaviorBuff id="AlgoritmKolichestvoDruse">
        <InfoFlags index="Hidden" value="1"/>
        <InfoIcon value="Assets\Buttons\Structures\btn-structure-UED-SensorTower.dds"/>
        <EditorCategories value="AbilityorEffectType:Units,Race:UED"/>
        <MaxStackCount value="4"/>
    </CBehaviorBuff>
    <CBehaviorBuff id="AlgoritmIrradiationBMField">
        <Alignment value="Negative"/>
        <InfoIcon value="Assets\Textures\btn-ability-mengsk-blimp-propagandamode.dds"/>
        <EditorCategories value="AbilityorEffectType:Units,Race:UED"/>
        <Duration value="14"/>
        <Modification>
            <StateFlags index="SuppressCloak" value="1"/>
        </Modification>
    </CBehaviorBuff>
    <CBehaviorBuff id="VisionBuffTrooperDown">
        <InfoFlags index="Hidden" value="1"/>
        <EditorCategories value="AbilityorEffectType:Units,Race:UED"/>
        <Modification SightMaximum="3" DetectArc="0" RadarArc="0"/>
    </CBehaviorBuff>
    <CBehaviorBuff id="InstantMorph2">
        <InfoFlags index="Hidden" value="1"/>
        <TimeScaleSource Value="Global"/>
        <Duration value="0.2"/>
        <Modification>
            <StateFlags index="SuppressCloak" value="1"/>
            <StateFlags index="TransientMorph" value="1"/>
        </Modification>
        <EditorCategories value="Race:UED,AbilityorEffectType:Units"/>
    </CBehaviorBuff>
    <CBehaviorBuff id="PrecursorBurrowChargeImpact2">
        <InfoFlags index="Hidden" value="1"/>
        <Duration value="0.5"/>
        <FinalEffect value="SuicideRemove3"/>
        <Modification>
            <ModifyFlags index="DisableAbils" value="1"/>
            <ModifyFlags index="SuppressMoving" value="1"/>
            <ModifyFlags index="SuppressTurning" value="1"/>
            <StateFlags index="Invulnerable" value="1"/>
            <StateFlags index="SuppressCollision" value="1"/>
            <StateFlags index="NoDraw" value="1"/>
            <StateFlags index="Uncommandable" value="1"/>
            <StateFlags index="Unselectable" value="1"/>
            <StateFlags index="Untargetable" value="1"/>
        </Modification>
        <EditorCategories value="Race:UED,AbilityorEffectType:Units"/>
    </CBehaviorBuff>
    <CBehaviorBuff id="PrecursorYoink2">
        <InfoFlags index="Hidden" value="1"/>
        <Duration value="2.5"/>
        <FinalEffect value="SuicideRemove4"/>
        <Modification>
            <ModifyFlags index="DisableAbils" value="1"/>
            <ModifyFlags index="SuppressMoving" value="1"/>
            <ModifyFlags index="SuppressTurning" value="1"/>
            <StateFlags index="Invulnerable" value="1"/>
            <StateFlags index="SuppressCollision" value="1"/>
            <StateFlags index="NoDraw" value="1"/>
            <StateFlags index="Uncommandable" value="1"/>
            <StateFlags index="Unselectable" value="1"/>
            <StateFlags index="Untargetable" value="1"/>
        </Modification>
        <EditorCategories value="Race:UED,AbilityorEffectType:Units"/>
    </CBehaviorBuff>
    <CBehaviorBuff id="PsionicSuppressionField">
        <Alignment value="Negative"/>
        <InfoIcon value="Assets\Textures\btn-ability-stetmann-garystetelliteovercharge-energy.dds"/>
        <EditorCategories value="Race:UED,AbilityorEffectType:Units"/>
        <RemoveValidatorArray value="IsNotBuried"/>
        <Duration value="3.5"/>
        <Modification>
            <ModifyFlags index="DisableAbils" value="1"/>
            <ModifyFlags index="EnableAttack" value="1"/>
            <ModifyFlags index="EnableMove" value="1"/>
            <AbilClassDisableArray index="CAbilAugment" value="1"/>
            <AbilClassDisableArray index="CAbilBehavior" value="1"/>
            <AbilClassDisableArray index="CAbilBuild" value="1"/>
            <AbilClassDisableArray index="CAbilEffectInstant" value="1"/>
            <AbilClassDisableArray index="CAbilEffectTarget" value="1"/>
            <AbilClassDisableArray index="CAbilMerge" value="1"/>
            <AbilClassDisableArray index="CAbilMorph" value="1"/>
        </Modification>
    </CBehaviorBuff>
    <CBehaviorBuff id="EnrichmentField">
        <InfoIcon value="Assets\Textures\btn-tips-richminerals.dds"/>
        <EditorCategories value="AbilityorEffectType:Units,Race:UED"/>
        <Modification>
            <ResourceHarvestAmountBonus index="Minerals" value="2"/>
        </Modification>
    </CBehaviorBuff>
    <CBehaviorBuff id="GhostHoldFire2">
        <InfoIcon value="Assets\Textures\btn-ability-terran-holdfire.dds"/>
        <EditorCategories value="Race:UED,AbilityorEffectType:Units"/>
        <Duration value="0.07"/>
        <ExpireEffect value="GhostHoldFireB2"/>
        <Modification>
            <StateFlags index="Passive" value="1"/>
            <AbilClassDisableArray index="CAbilAttack" value="1"/>
        </Modification>
    </CBehaviorBuff>
    <CBehaviorBuff id="GhostHoldFireB2">
        <InfoIcon value="Assets\Textures\btn-ability-terran-holdfire.dds"/>
        <EditorCategories value="Race:UED,AbilityorEffectType:Units"/>
        <RemoveValidatorArray value="CasterNotAttacking"/>
        <Modification>
            <StateFlags index="Passive" value="1"/>
        </Modification>
    </CBehaviorBuff>
    <CBehaviorBuff id="LazarusDeviceTarget">
        <InfoFlags index="Hidden" value="1"/>
        <Duration value="0.1"/>
        <EditorCategories value="Race:UED,AbilityorEffectType:Units"/>
    </CBehaviorBuff>
    <CBehaviorBuff id="GlazeTrooperDown">
        <InfoFlags index="Hidden" value="1"/>
        <EditorCategories value="Race:UED,AbilityorEffectType:Units"/>
    </CBehaviorBuff>
    <CBehaviorBuff id="GlazeTeleportationEffect">
        <InfoFlags index="Hidden" value="1"/>
        <EditorCategories value="Race:UED,AbilityorEffectType:Units"/>
    </CBehaviorBuff>
    <CBehaviorBuff id="BeaconInbound">
        <Alignment value="Positive"/>
        <InfoIcon value="Assets\Textures\btn-unit-terran-nova-shredder.dds"/>
        <EditorCategories value="Race:UED,AbilityorEffectType:Units"/>
        <Duration value="5"/>
        <DisplayDuration index="Self" value="1"/>
        <DisplayDuration index="Ally" value="1"/>
    </CBehaviorBuff>
    <CBehaviorBuff id="OnwardComrades">
        <Alignment value="Positive"/>
        <InfoIcon value="Assets\Textures\btn-ability-mengsk-commandcenter-drafttroopers.dds"/>
        <EditorCategories value="Race:UED,AbilityorEffectType:Units"/>
        <Duration value="17"/>
        <Modification MoveSpeedMultiplier="1.32" AccelerationMultiplier="2" AttackSpeedMultiplier="1.17">
            <DamageTotalMultiplier index="Melee" value="0.12"/>
            <DamageTotalMultiplier index="Ranged" value="0.12"/>
            <DamageTotalMultiplier index="Splash" value="0.12"/>
            <DamageTotalMultiplier index="NoProc" value="0.12"/>
        </Modification>
        <RemoveValidatorArray value="ValidateNoDronInvis"/>
    </CBehaviorBuff>
    <CBehaviorBuff id="SupplyDrop2">
        <Alignment value="Positive"/>
        <InfoIcon value="Assets\Textures\BTN-Building-Terran-SupplyDepot.dds"/>
        <EditorCategories value="Race:UED,AbilityorEffectType:Structures"/>
        <DisableValidatorArray value="NotBuildingStasis"/>
        <Modification Food="8"/>
    </CBehaviorBuff>
    <CBehaviorBuff id="SupplyDropEnRoute2">
        <InfoFlags index="Hidden" value="1"/>
        <EditorCategories value="Race:UED,AbilityorEffectType:Structures"/>
        <Duration value="4"/>
        <ExpireEffect value="SupplyDropApplyBehavior2"/>
        <Modification>
            <AbilClassDisableArray index="CAbilMorph" value="1"/>
        </Modification>
    </CBehaviorBuff>
    <CBehaviorBuff id="ProjectedGravityShield">
        <InfoFlags index="AlwaysUseGameText" value="1"/>
        <InfoIcon value="Assets\Textures\btn-upgrade-stetmann-zerglinghardenedshield.dds"/>
        <EditorCategories value="Race:UED,AbilityorEffectType:Units"/>
        <Duration value="20"/>
        <Period value="0.0625"/>
        <RemoveValidatorArray value="ShieldGZero"/>
        <Modification>
            <VitalMaxArray index="Shields" value="250"/>
        </Modification>
        <DisplayDuration index="Self" value="1"/>
        <DisplayDuration index="Ally" value="1"/>
        <BuffFlags index="RefreshStack" value="1"/>
    </CBehaviorBuff>
    <CBehaviorBuff id="UnitDeathPrevention">
        <InfoFlags index="Hidden" value="1"/>
        <EditorCategories value="Race:UED,AbilityorEffectType:Units"/>
        <DamageResponse Fatal="1" Handled="ApplyIncapBehavior" ModifyFraction="0">
            <Chance value="1"/>
        </DamageResponse>
    </CBehaviorBuff>
    <CBehaviorBuff id="IncapDie">
        <Alignment value="Negative"/>
        <InfoFlags index="Hidden" value="1"/>
        <InfoIcon value="Assets\Textures\btn-command-cancel.dds"/>
        <EditorCategories value="Race:UED,AbilityorEffectType:Units"/>
        <Duration value="1.5"/>
        <ExpireEffect value="IncapDeath"/>
        <Modification>
            <ModifyFlags index="DisableAbils" value="1"/>
            <ModifyFlags index="SuppressMoving" value="1"/>
            <ModifyFlags index="SuppressTurning" value="1"/>
            <StateFlags index="Invulnerable" value="1"/>
            <StateFlags index="SuppressAttack" value="1"/>
            <StateFlags index="SuppressPassenger" value="1"/>
            <StateFlags index="SuppressLifeRegen" value="1"/>
            <StateFlags index="SuppressEnergyRegen" value="1"/>
            <BehaviorLinkDisableArray value="HailOfLeadDummy"/>
        </Modification>
    </CBehaviorBuff>
    <CBehaviorBuff id="Incapacitated">
        <Alignment value="Negative"/>
        <InfoIcon value="Assets\Textures\btn-command-cancel.dds"/>
        <EditorCategories value="Race:UED,AbilityorEffectType:Units"/>
        <DisplayDuration index="Self" value="1"/>
        <DisplayDuration index="Ally" value="1"/>
        <BuffFlags index="RefreshStack" value="1"/>
        <Duration value="7"/>
        <Period value="7"/>
        <PeriodCount value="1"/>
        <PeriodicEffect value="ApplyIncapStandUpTimer"/>
        <ExpireEffect value="IncapDeath"/>
        <Modification>
            <ModifyFlags index="DisableAbils" value="1"/>
            <ModifyFlags index="SuppressMoving" value="1"/>
            <ModifyFlags index="SuppressTurning" value="1"/>
            <StateFlags index="Invulnerable" value="1"/>
            <StateFlags index="SuppressAttack" value="1"/>
            <StateFlags index="SuppressCollision" value="1"/>
            <StateFlags index="SuppressPassenger" value="1"/>
            <StateFlags index="SuppressLifeRegen" value="1"/>
            <StateFlags index="SuppressEnergyRegen" value="1"/>
            <BehaviorLinkDisableArray value="HailOfLeadDummy"/>
            <BehaviorLinkDisableArray value="RaynorRadarDummy"/>
            <BehaviorLinkDisableArray value="OutOfCombatEnergyRegenDummy"/>
        </Modification>
    </CBehaviorBuff>
    <CBehaviorBuff id="StarWind">
        <Alignment value="Positive"/>
        <InfoIcon value="Assets\Textures\btn-upgrade-terran-jotunboosters.dds"/>
        <EditorCategories value="Race:UED,AbilityorEffectType:Units"/>
        <DisplayDuration index="Self" value="1"/>
        <DisplayDuration index="Ally" value="1"/>
        <RemoveValidatorArray value="NotHaveScramblerMissileBehavior"/>
        <Duration value="999"/>
        <Period value="999"/>
        <PeriodCount value="999999999"/>
        <Modification MoveSpeedMultiplier="1.5" AccelerationBonus="500" DecelerationBonus="500"/>
    </CBehaviorBuff>
    <CBehaviorBuff id="ResourceDoublingField">
        <InfoIcon value="Assets\Textures\btn-tips-richminerals.dds"/>
        <EditorCategories value="Race:UED,AbilityorEffectType:Units"/>
        <BuffFlags index="RefreshStack" value="1"/>
    </CBehaviorBuff>
    <CBehaviorBuff id="CarryHarvestableVespeneGeyserGas2">
        <InfoFlags index="Hidden" value="1"/>
        <EditorCategories value="Race:UED,AbilityorEffectType:Units"/>
    </CBehaviorBuff>
    <!--    <CBehaviorResource id="HarvestableVespeneGeyserGas2">-->
    <!--        <InfoFlags index="Hidden" value="1"/>-->
    <!--        <InfoIcon value="Assets\Textures\icon-gas.dds"/>-->
    <!--        <EditorCategories value="Race:UED,AbilityorEffectType:Units"/>-->
    <!--        <Capacity value="32000"/>-->
    <!--        <HarvestTime value="1.981"/>-->
    <!--        <HarvestAmount value="4"/>-->
    <!--        <Flags index="HideHarvesters" value="1"/>-->
    <!--        <RequiredAlliance value="Control"/>-->
    <!--        <ExhaustedAlert value="ResourceExhausted_Vespene"/>-->
    <!--        <IdealHarvesterCount value="3"/>-->
    <!--    </CBehaviorResource>-->
    <CBehaviorBuff id="MedivacSpeedBoost2">
        <Alignment value="Positive"/>
        <InfoIcon value="Assets\Textures\btn-upgrade-terran-jotunboosters.dds"/>
        <EditorCategories value="Race:UED,AbilityorEffectType:Units"/>
        <DisplayDuration index="Self" value="1"/>
        <DisplayDuration index="Ally" value="1"/>
        <RemoveValidatorArray value="NotHaveScramblerMissileBehavior"/>
        <Duration value="7.5"/>
        <Modification MoveSpeedMultiplier="1.75" AccelerationBonus="500" DecelerationBonus="500"/>
    </CBehaviorBuff>
    <CBehaviorBuff id="UEDheal">
        <InfoFlags index="Hidden" value="1"/>
        <EditorCategories value="Race:UED,AbilityorEffectType:Units"/>
        <BuffFlags index="DisableWhileUnderConstruction" value="1"/>
        <Period value="0.5"/>
        <PeriodicEffect value="ArsenalSearch"/>
    </CBehaviorBuff>
    <CBehaviorBuff id="BeathaniumInfusionField">
        <InfoIcon value="Assets\Textures\BTN-UED-InfusionTowerHeal.dds"/>
        <EditorCategories value="Race:UED,AbilityorEffectType:Units"/>
        <BuffFlags index="RefreshStack" value="1"/>
        <Duration value="0.6"/>
        <Period value="0.5"/>
        <Modification>
            <VitalRegenArray index="Life" value="2.6015"/>
        </Modification>
    </CBehaviorBuff>
    <CBehaviorBuff id="TerranBuildingBurnDown2">
        <InfoFlags index="Hidden" value="1"/>
        <EditorCategories value="Race:UED,AbilityorEffectType:Structures"/>
        <DisableValidatorArray value="BurnDownFire"/>
        <Period value="0.3332"/>
        <PeriodicEffect value="BurndownDamage2"/>
    </CBehaviorBuff>
    <CBehaviorBuff id="UEDResourses">
        <InfoFlags index="Hidden" value="1"/>
        <EditorCategories value="Race:UED,AbilityorEffectType:Units"/>
        <BuffFlags index="DisableWhileUnderConstruction" value="1"/>
        <Period value="0.5"/>
        <PeriodicEffect value="UEDResoursesSearch"/>
    </CBehaviorBuff>
    <CBehaviorBuff id="GlazeLazarusDeviceEffect">
        <InfoFlags index="Hidden" value="1"/>
        <EditorCategories value="Race:UED,AbilityorEffectType:Units"/>
    </CBehaviorBuff>
    <CBehaviorBuff id="GarmrBurrowChargeStun">
        <Alignment value="Negative"/>
        <InfoIcon value="Assets\Textures\BTN-Upgrade-Zerg-BurrowCharge.dds"/>
        <BehaviorCategories index="Stun" value="1"/>
        <EditorCategories value="Race:UED,AbilityorEffectType:Units"/>
        <Duration value="2"/>
        <Modification>
            <ModifyFlags index="SuppressTurning" value="1"/>
            <StateFlags index="Stun" value="1"/>
        </Modification>
    </CBehaviorBuff>
    <CBehaviorBuff id="OpticalFlare">
        <Alignment value="Negative"/>
        <InfoIcon value="Assets\Textures\btn-techupgrade-terran-ocularimplants.dds"/>
        <BehaviorCategories index="Restorable" value="1"/>
        <EditorCategories value="AbilityorEffectType:Units,Race:UED"/>
        <Duration value="17"/>
        <Modification SightMaximum="0" DetectArc="0" DetectFilters="-;Self,Player,Ally,Neutral,Enemy,Air,Ground,Light,Armored,Biological,Robotic,Mechanical,Psionic,Massive,Structure,Hover,Heroic,Worker,RawResource,HarvestableResource,Missile,Destructible,Item,Uncommandable,CanHaveEnergy,CanHaveShields,PreventDefeat,PreventReveal,Buried,Cloaked,Visible,Stasis,UnderConstruction,Dead,Revivable,Hidden,Hallucination,Invulnerable,HasEnergy,HasShields,Benign,Passive,Detector,Radar">
            <StateFlags index="SuppressCloak" value="1"/>
            <StateFlags index="SuppressDetection" value="1"/>
            <BehaviorLinkDisableArray value="Detector10"/>
            <BehaviorLinkDisableArray value="Detector11"/>
            <BehaviorLinkDisableArray value="Detector12"/>
            <BehaviorLinkDisableArray value="Detector11ObserverUpgraded"/>
            <BehaviorLinkDisableArray value="Detector11OverlordUpgraded"/>
            <BehaviorLinkDisableArray value="Detector9"/>
        </Modification>
        <InfoFlags index="AlwaysUseGameText" value="1"/>
    </CBehaviorBuff>
    <CBehaviorBuff id="UEDConstructionVisionDebuff">
        <InfoFlags index="Hidden" value="1"/>
        <EditorCategories value="AbilityorEffectType:Units,Race:UED"/>
        <RemoveValidatorArray value="UEDIsUnderConstruction"/>
        <Modification SightMaximum="1" DetectArc="0" RadarArc="0"/>
    </CBehaviorBuff>
    <CBehaviorBuff id="Yoink2">
        <InfoFlags index="Hidden" value="1"/>
        <EditorCategories value="Race:UED,AbilityorEffectType:Units"/>
        <Duration value="2"/>
        <Modification>
            <StateFlags index="Stun" value="1"/>
            <StateFlags index="SuppressCloak" value="1"/>
            <StateFlags index="SuppressCollision" value="1"/>
            <StateFlags index="SuppressPassenger" value="1"/>
            <AbilLinkDisableArray value="WidowMineAttack"/>
        </Modification>
    </CBehaviorBuff>
    <CBehaviorBuff id="YoinkMarker2">
        <InfoFlags index="Hidden" value="1"/>
        <EditorCategories value="Race:UED,AbilityorEffectType:Units"/>
        <Duration value="2"/>
    </CBehaviorBuff>
    <CBehaviorBuff id="YoinkTentacle2">
        <InfoFlags index="Hidden" value="1"/>
        <EditorCategories value="Race:UED,AbilityorEffectType:Units"/>
        <Duration value="2"/>
        <Modification>
            <AbilClassDisableArray index="CAbilAttack" value="1"/>
        </Modification>
    </CBehaviorBuff>
    <CBehaviorBuff id="ExplodingBarrelLargeExplosion">
        <InfoFlags index="Hidden" value="1"/>
        <Modification>
            <DeathResponse Chance="1" Effect="ExplodingBarrelLargeExplosionPersistent"/>
        </Modification>
        <EditorCategories value="Race:UED,AbilityorEffectType:Units"/>
    </CBehaviorBuff>
    <CBehaviorAttackModifier id="CheckMinerals"/>
</Catalog>
