<?xml version="1.0" encoding="utf-8"?>
<Catalog>
    <CButton id="AuthorizeLazarusRegenHealf">
        <Icon value="Assets\Textures\btn-ability-dehaka-healing.dds"/>
        <AlertIcon value="Assets\Textures\btn-ability-dehaka-healing.dds"/>
        <EditorCategories value="Race:UED"/>
        <HotkeyAlias value="AuthorizeCloakingDrones"/>
        <TintRacially value="1"/>
    </CButton>
    <CButton id="AuthorizeTowerMining">
        <Icon value="Assets\Buttons\Structures\btn-structure-UED-SensorTower.dds"/>
        <AlertIcon value="Assets\Buttons\Structures\btn-structure-UED-SensorTower.dds"/>
        <EditorCategories value="Race:UED"/>
        <HotkeyAlias value="AuthorizeCloakingDrones"/>
    </CButton>
    <CButton id="ButtonRadarCrimsonYea">
        <Icon value="Assets\Textures\btn-upgrade-tychus-detection.dds"/>
        <AlertIcon value="Assets\Textures\btn-upgrade-tychus-detection.dds"/>
        <Hotkey value="077"/>
        <EditorCategories value="Race:UED"/>
        <HotkeySet value="077"/>
        <Universal value="1"/>
    </CButton>
    <CButton id="AuthorizeCloakingDrones">
        <Icon value="Assets\Textures\btn-ability-mengsk-ghost-staticempblast.dds"/>
        <AlertIcon value="Assets\Textures\btn-ability-mengsk-ghost-staticempblast.dds"/>
        <EditorCategories value="Race:UED"/>
    </CButton>
    <CButton id="AuthorizeCommandoTraining">
        <Icon value="Assets\Textures\btn-upgrade-nova-holographicdecoy.dds"/>
        <AlertIcon value="Assets\Textures\btn-upgrade-nova-holographicdecoy.dds"/>
        <EditorCategories value="Race:UED"/>
    </CButton>
    <CButton id="ButtonTowerMiningOtkl">
        <Icon value="Assets\Textures\btn-command-stop.dds"/>
        <EditorCategories value="Race:UED"/>
        <TintRacially value="1"/>
        <HotkeyAlias value="CloakingDrone"/>
    </CButton>
    <CButton id="ButtonTowerMiningVkl">
        <Icon value="Assets\Textures\btn-techupgrade-terran-ripwavemissiles.dds"/>
        <EditorCategories value="Race:UED"/>
        <TintRacially value="1"/>
        <HotkeyAlias value="CloakingDrone"/>
    </CButton>
    <CButton id="LazarsRegenHealfButton">
        <Icon value="Assets\Textures\btn-ability-dehaka-healing.dds"/>
        <EditorCategories value="Race:UED"/>
        <TintRacially value="1"/>
        <HotkeyAlias value="CloakingDrone"/>
    </CButton>
    <CButton id="IcarusCatalyst">
        <Icon value="Assets\Textures\btn-ability-mengsk-ghost-pyrokineticimmolation_orange.dds"/>
        <AlertIcon value="Assets\Textures\btn-ability-mengsk-ghost-pyrokineticimmolation_orange.dds"/>
        <EditorCategories value="Race:UED"/>
    </CButton>
    <CButton id="AuthorizeOpticalFlare">
        <Icon value="Assets\Textures\btn-upgrade-nova-btn-upgrade-nova-flashgrenade.dds"/>
        <AlertIcon value="Assets\Textures\btn-upgrade-nova-btn-upgrade-nova-flashgrenade.dds"/>
        <EditorCategories value="Race:UED"/>
    </CButton>
    <CButton id="AuthorizeProjectedGravityShield">
        <Icon value="Assets\Textures\btn-ability-stetmann-stetzonegenerator-energy.dds"/>
        <AlertIcon value="Assets\Textures\btn-ability-stetmann-stetzonegenerator-energy.dds"/>
        <EditorCategories value="Race:UED"/>
    </CButton>
    <CButton id="AuthorizeEnrichedUraniumOrdinance">
        <Icon value="Assets\Textures\btn-ability-mengsk-topbar-nuclearannihilation.dds"/>
        <AlertIcon value="Assets\Textures\btn-ability-mengsk-topbar-nuclearannihilation.dds"/>
        <EditorCategories value="Race:UED"/>
    </CButton>
    <CButton id="AuthorizePrototypePositronicWeaponry">
        <Icon value="Assets\Textures\btn-ability-mengsk-ghost-tacticalmissilestrike.dds"/>
        <AlertIcon value="Assets\Textures\btn-ability-mengsk-ghost-tacticalmissilestrike.dds"/>
        <EditorCategories value="Race:UED"/>
    </CButton>
    <CButton id="AuthorizeExtendedMissilePayloads">
        <Icon value="Assets\Textures\btn-upgrade-mengsk-trooper-missilelauncher.dds"/>
        <AlertIcon value="Assets\Textures\btn-upgrade-mengsk-trooper-missilelauncher.dds"/>
        <EditorCategories value="Race:UED"/>
    </CButton>
    <CButton id="AuthorizeFieldReloadingProtocols">
        <Icon value="Assets\Textures\btn-upgrade-tychus-warhound-thunderboltmissiles.dds"/>
        <AlertIcon value="Assets\Textures\btn-upgrade-tychus-warhound-thunderboltmissiles.dds"/>
        <EditorCategories value="Race:UED"/>
    </CButton>
    <CButton id="AuthorizeSalvoFiringPatterns">
        <Icon value="Assets\Textures\btn-ability-hornerhan-viking-missileupgrade.dds"/>
        <AlertIcon value="Assets\Textures\btn-ability-hornerhan-viking-missileupgrade.dds"/>
        <EditorCategories value="Race:UED"/>
    </CButton>
    <CButton id="AuthorizeStrikeGrenades">
        <Icon value="Assets\Textures\btn-ability-tychus-tychus-shreddergrenade.dds"/>
        <AlertIcon value="Assets\Textures\btn-ability-tychus-tychus-shreddergrenade.dds"/>
        <EditorCategories value="Race:UED"/>
    </CButton>
    <CButton id="AuthorizeIcarusCatalyst">
        <Icon value="Assets\Textures\btn-ability-mengsk-ghost-pyrokineticimmolation_orange.dds"/>
        <AlertIcon value="Assets\Textures\btn-ability-mengsk-ghost-pyrokineticimmolation_orange.dds"/>
        <EditorCategories value="Race:UED"/>
    </CButton>
    <CButton id="DropArsenal">
        <Tooltip value="Button/Tooltip/Arsenal"/>
        <Icon value="Assets\Textures\btn-building-supplydepotbronze.dds"/>
        <AlertTooltip value="Button/Tooltip/Arsenal"/>
        <AlertIcon value="Assets\Textures\btn-building-supplydepotbronze.dds"/>
        <EditorCategories value="Race:UED"/>
        <HotkeyAlias value="BuildArsenal"/>
    </CButton>
    <CButton id="BurrowChargeGarmr">
        <Icon value="Assets\Textures\btn-upgrade-zerg-burrowcharge.dds"/>
        <AlertIcon value="Assets\Textures\btn-upgrade-zerg-burrowcharge.dds"/>
        <EditorCategories value="Race:UED"/>
    </CButton>
    <CButton id="CloakingDrone">
        <Icon value="Assets\Textures\btn-ability-hornerhan-wraith-permanentcloak.dds"/>
        <EditorCategories value="Race:UED"/>
    </CButton>
    <CButton id="DropHeavyTower">
        <Icon value="Assets\Textures\btn-building-guardianturretbronze.dds"/>
        <AlertIcon value="Assets\Textures\btn-building-guardianturretbronze.dds"/>
        <EditorCategories value="Race:UED"/>
        <HotkeyAlias value="HeavyTower"/>
    </CButton>
    <CButton id="DropInfusionTower">
        <Icon value="Assets\Buttons\Structures\btn-structure-UED-HiveMindEmulator.dds"/>
        <AlertIcon value="Assets\Buttons\Structures\btn-structure-UED-HiveMindEmulator.dds"/>
        <EditorCategories value="Race:UED"/>
        <HotkeyAlias value="InfusionTower"/>
    </CButton>
    <CButton id="DropMissileTower">
        <Icon value="Assets\Textures\btn-building-missileturretbronze.dds"/>
        <AlertIcon value="Assets\Textures\btn-building-missileturretbronze.dds"/>
        <EditorCategories value="Race:UED"/>
        <HotkeyAlias value="MissileTower"/>
    </CButton>
    <CButton id="DropSuppressionTower">
        <Tooltip value="Button/Tooltip/SuppressionTower"/>
        <Icon value="Assets\Textures\btn-building-laserturretbronze.dds"/>
        <AlertTooltip value="Button/Tooltip/SuppressionTower"/>
        <AlertIcon value="Assets\Textures\btn-building-laserturretbronze.dds"/>
        <EditorCategories value="Race:UED"/>
        <HotkeyAlias value="MissileSuppressionTower"/>
    </CButton>
    <CButton id="Huracan">
        <Icon value="Assets\Textures\btn-unit-terran-flametank.dds"/>
        <AlertIcon value="Assets\Textures\btn-unit-terran-flametank.dds"/>
        <EditorCategories value="Race:UED"/>
        <HotkeyAlias value=""/>
        <Universal value="1"/>
    </CButton>
    <CButton id="MedivacLoad2">
        <Icon value="Assets\Textures\btn-ability-terran-load.dds"/>
        <AlertIcon value="Assets\Textures\btn-ability-terran-load.dds"/>
        <EditorCategories value="Race:UED"/>
        <TintRacially value="1"/>
        <HotkeyAlias value="BunkerLoad"/>
        <Universal value="1"/>
    </CButton>
    <CButton id="MedivacUnloadAll2">
        <Icon value="Assets\Textures\btn-ability-terran-unloadall.dds"/>
        <AlertIcon value="Assets\Textures\btn-ability-terran-unloadall.dds"/>
        <EditorCategories value="Race:UED"/>
        <TintRacially value="1"/>
        <HotkeyAlias value="BunkerUnloadAll"/>
        <Universal value="1"/>
    </CButton>
    <CButton id="PrecisionStrike">
        <Icon value="Assets\Textures\btn-ability-hornerhan-raven-analyzetarget.dds"/>
        <AlertIcon value="Assets\Textures\btn-ability-hornerhan-raven-analyzetarget.dds"/>
        <EditorCategories value="Race:UED"/>
        <HotkeyAlias value=""/>
        <Universal value="1"/>
    </CButton>
    <CButton id="PositronicMissileStrike">
        <Icon value="Assets\Textures\btn-ability-mengsk-ghost-tacticalmissilestrike.dds"/>
        <AlertIcon value="Assets\Textures\btn-ability-mengsk-ghost-tacticalmissilestrike.dds"/>
        <EditorCategories value="Race:UED"/>
        <HidesForSimpleText value="0"/>
    </CButton>
    <CButton id="SatelliteTargeting">
        <Icon value="Assets\Textures\btn-ability-hornerhan-raven-analyzetargetmultilock.dds"/>
        <AlertIcon value="Assets\Textures\btn-ability-hornerhan-raven-analyzetargetmultilock.dds"/>
        <Hotkey value="Button/Hotkey/SatteliteTargeting"/>
        <EditorCategories value="Race:UED"/>
    </CButton>
    <CButton id="EnrichmentField">
        <Icon value="Assets\Textures\btn-tips-richminerals.dds"/>
        <AlertTooltip value="Button/Tooltip/RapidRegeneration2"/>
        <EditorCategories value="Race:UED"/>
    </CButton>
    <CButton id="OnwardComrades">
        <Icon value="Assets\Textures\btn-ability-mengsk-commandcenter-drafttroopers.dds"/>
        <AlertIcon value="Assets\Textures\btn-ability-mengsk-commandcenter-drafttroopers.dds"/>
        <EditorCategories value="Race:UED"/>
        <Universal value="1"/>
    </CButton>
    <CButton id="StrikeGrenade">
        <Icon value="Assets\Textures\btn-ability-tychus-tychus-shreddergrenade.dds"/>
        <AlertIcon value="Assets\Textures\btn-ability-tychus-tychus-shreddergrenade.dds"/>
        <EditorCategories value="Race:UED"/>
    </CButton>
    <CButton id="AuthorizeTandemReactiveArmor">
        <Icon value="Assets\Textures\btn-upgrade-stetmann-mechagroundplating-level2.dds"/>
        <AlertIcon value="Assets\Textures\btn-upgrade-stetmann-mechagroundplating-level2.dds"/>
        <EditorCategories value="Race:UED"/>
    </CButton>
    <CButton id="CancelUEDMorph">
        <Icon value="Assets\Textures\btn-command-cancel.dds"/>
        <AlertIcon value="Assets\Textures\btn-command-cancel.dds"/>
        <Hotkey value="Button/Hotkey/Cancel"/>
        <EditorCategories value="Race:UED"/>
        <TintRacially value="1"/>
        <HotkeyAlias value="Cancel"/>
        <Universal value="1"/>
    </CButton>
    <CButton id="CorruptionAbility2">
        <Icon value="Assets\Textures\btn-ability-zerg-corruption-color.dds"/>
        <AlertIcon value="Assets\Textures\btn-ability-zerg-corruption-color.dds"/>
        <EditorCategories value="Race:UED"/>
    </CButton>
    <CButton id="DroneRepairModule">
        <Icon value="Assets\Textures\ui_tipicon_campaign_space01-repair.dds"/>
        <AlertIcon value="Assets\Textures\ui_tipicon_campaign_space01-repair.dds"/>
        <EditorCategories value="Race:UED"/>
    </CButton>
    <CButton id="AtmosphericOperationsLoadout">
        <Icon value="Assets\Textures\btn-upgrade-terran-nova-hellfiremissiles.dds"/>
        <AlertIcon value="Assets\Textures\btn-upgrade-terran-nova-hellfiremissiles.dds"/>
        <EditorCategories value="Race:UED"/>
    </CButton>
    <CButton id="EngineSurcharge">
        <Icon value="Assets\Textures\btn-upgrade-tychus-ghost-persuader.dds"/>
        <AlertIcon value="Assets\Textures\btn-upgrade-tychus-ghost-persuader.dds"/>
        <EditorCategories value="Race:UED"/>
        <Universal value="1"/>
    </CButton>
    <CButton id="CrimsonEyeRepair">
        <Icon value="Assets\Textures\ui_tipicon_campaign_space01-repair.dds"/>
        <AlertIcon value="Assets\Textures\ui_tipicon_campaign_space01-repair.dds"/>
        <EditorCategories value="Race:UED"/>
    </CButton>
    <CButton id="MissileTower">
        <Icon value="Assets\Textures\btn-building-missileturretbronze.dds"/>
        <AlertIcon value="Assets\Textures\btn-building-missileturretbronze.dds"/>
        <EditorCategories value="Race:UED"/>
    </CButton>
    <CButton id="MissileSuppressionTower">
        <Icon value="Assets\Textures\btn-building-laserturretbronze.dds"/>
        <AlertIcon value="Assets\Textures\btn-building-laserturretbronze.dds"/>
        <EditorCategories value="Race:UED"/>
        <Tooltip value="Button/Tooltip/SuppressionTower"/>
        <AlertTooltip value="Button/Tooltip/SuppressionTower"/>
    </CButton>
    <CButton id="HeavyTower">
        <Icon value="Assets\Textures\btn-building-guardianturretbronze.dds"/>
        <AlertIcon value="Assets\Textures\btn-building-guardianturretbronze.dds"/>
        <EditorCategories value="Race:UED"/>
    </CButton>
    <CButton id="CalldownEnrichmentTower">
        <Tooltip value="Button/Tooltip/EnrichmentTower"/>
        <Icon value="Assets\Buttons\Structures\btn-structure-UED-SensorTower.dds"/>
        <AlertTooltip value="Button/Tooltip/EnrichmentTower"/>
        <AlertIcon value="Assets\Buttons\Structures\btn-structure-UED-SensorTower.dds"/>
        <EditorCategories value="Race:UED"/>
    </CButton>
    <CButton id="DeployPsionicSuppressionField">
        <Icon value="Assets\Textures\btn-ability-stetmann-stetzonegenerator-energy.dds"/>
        <AlertIcon value="Assets\Textures\btn-ability-stetmann-stetzonegenerator-energy.dds"/>
        <Hotkey value="Button/Hotkey/StrikeGrenade2"/>
        <EditorCategories value="Race:UED"/>
    </CButton>
    <CButton id="Taranis">
        <Icon value="Assets\Textures\btn-unit-terran-troopermengskrocket.dds"/>
        <AlertIcon value="Assets\Textures\btn-unit-terran-troopermengskrocket.dds"/>
        <EditorCategories value="Race:UED"/>
        <Universal value="1"/>
    </CButton>
    <CButton id="PeenemundeMRLS">
        <Icon value="Assets\Textures\BTN-UED-Peenemudre.dds"/>
        <AlertIcon value="Assets\Textures\BTN-UED-Peenemudre.dds"/>
        <EditorCategories value="Race:UED"/>
    </CButton>
    <CButton id="Lazarus">
        <Icon value="Assets\Buttons\Units\btn-unit-UED-Spectre.dds"/>
        <AlertIcon value="Assets\Buttons\Units\btn-unit-UED-Spectre.dds"/>
        <EditorCategories value="Race:UED"/>
        <Universal value="1"/>
    </CButton>
    <CButton id="PoliticalAdvisor">
        <Icon value="Assets\Textures\btn-unit-terran-dom-femaleghost.dds"/>
        <AlertIcon value="Assets\Textures\btn-unit-terran-dom-femaleghost.dds"/>
        <EditorCategories value="Race:UED"/>
        <Universal value="1"/>
    </CButton>
    <CButton id="ProjectedGravitySheild">
        <Icon value="Assets\Textures\btn-upgrade-stetmann-zerglinghardenedshield.dds"/>
        <AlertIcon value="Assets\Textures\btn-upgrade-stetmann-zerglinghardenedshield.dds"/>
        <EditorCategories value="Race:UED"/>
    </CButton>
    <CButton id="Garmr">
        <Icon value="Assets\Textures\BTN-UED-dog.dds"/>
        <AlertIcon value="Assets\Textures\BTN-UED-dog.dds"/>
        <EditorCategories value="Race:UED"/>
        <Universal value="1"/>
    </CButton>
    <CButton id="TransportShuttle">
        <Icon value="Assets\Textures\BTN-UED-Dropship.dds"/>
        <AlertIcon value="Assets\Textures\BTN-UED-Dropship.dds"/>
        <EditorCategories value="Race:UED"/>
    </CButton>
    <CButton id="InfusionTower">
        <Icon value="Assets\Buttons\Structures\btn-structure-UED-HiveMindEmulator.dds"/>
        <AlertIcon value="Assets\Buttons\Structures\btn-structure-UED-HiveMindEmulator.dds"/>
        <EditorCategories value="Race:UED"/>
    </CButton>
    <CButton id="TransportShuttleLoad">
        <Icon value="Assets\Textures\btn-ability-terran-load.dds"/>
        <AlertIcon value="Assets\Textures\btn-ability-terran-load.dds"/>
        <EditorCategories value="Race:UED"/>
        <TintRacially value="1"/>
        <HotkeyAlias value="BunkerLoad"/>
        <Universal value="1"/>
    </CButton>
    <CButton id="DrakkaAPCrLoad">
        <Icon value="Assets\Textures\btn-ability-terran-load.dds"/>
        <AlertIcon value="Assets\Textures\btn-ability-terran-load.dds"/>
        <EditorCategories value="Race:UED"/>
        <TintRacially value="1"/>
        <HotkeyAlias value="BunkerLoad"/>
        <Universal value="1"/>
    </CButton>
    <CButton id="TransportShuttleUnloadAll">
        <Icon value="Assets\Textures\btn-ability-terran-unloadall.dds"/>
        <AlertIcon value="Assets\Textures\btn-ability-terran-unloadall.dds"/>
        <EditorCategories value="Race:UED"/>
        <TintRacially value="1"/>
        <HotkeyAlias value="BunkerUnloadAll"/>
        <Universal value="1"/>
    </CButton>
    <CButton id="DrakkarUnloadAll">
        <Icon value="Assets\Textures\btn-ability-terran-unloadall.dds"/>
        <AlertIcon value="Assets\Textures\btn-ability-terran-unloadall.dds"/>
        <EditorCategories value="Race:UED"/>
        <TintRacially value="1"/>
        <HotkeyAlias value="BunkerUnloadAll"/>
        <Universal value="1"/>
    </CButton>
    <CButton id="ResourceDoublingFieldBuild">
        <Icon value="Assets\Textures\btn-building-terran-sensordome.dds"/>
        <AlertIcon value="Assets\Textures\btn-building-terran-sensordome.dds"/>
        <EditorCategories value="Race:UED"/>
    </CButton>
    <CButton id="ResourceDoublingField">
        <Icon value="Assets\Textures\btn-tips-richminerals.dds"/>
        <AlertTooltip value="Button/Tooltip/RapidRegeneration2"/>
        <EditorCategories value="Race:UED"/>
    </CButton>
    <CButton id="BuildArsenal">
        <Icon value="Assets\Textures\btn-building-supplydepotbronze.dds"/>
        <AlertIcon value="Assets\Textures\btn-building-supplydepotbronze.dds"/>
        <EditorCategories value="Race:UED"/>
        <Tooltip value="Button/Tooltip/Arsenal"/>
        <AlertTooltip value="Button/Tooltip/Arsenal"/>
    </CButton>
    <CButton id="BuildStrikeTrooper">
        <Icon value="Assets\Textures\BTN-UED_striketrooper.dds"/>
        <AlertIcon value="Assets\Textures\BTN-UED_striketrooper.dds"/>
        <EditorCategories value="Race:UED"/>
        <Tooltip value="Button/Tooltip/Marine2"/>
        <AlertTooltip value="Button/Tooltip/Marine2"/>
    </CButton>
    <CButton id="Honorguard">
        <Icon value="Assets\Textures\BTN-UED-Shieldwall.dds"/>
        <AlertIcon value="Assets\Textures\BTN-UED-Shieldwall.dds"/>
        <EditorCategories value="Race:UED"/>
        <Tooltip value="Button/Tooltip/HonorguardCruiser"/>
        <AlertTooltip value="Button/Tooltip/HonorguardCruiser"/>
    </CButton>
    <CButton id="MainBattleTank">
        <Icon value="Assets\Textures\btn-unit-object188bronze.dds"/>
        <AlertIcon value="Assets\Textures\btn-unit-object188bronze.dds"/>
        <EditorCategories value="Race:UED"/>
        <AlertTooltip value="Button/Tooltip/Napoleon"/>
        <Tooltip value="Button/Tooltip/Napoleon"/>
    </CButton>
    <CButton id="AssaultTank">
        <Icon value="Assets\Textures\btn-unit-predatortankbronze.dds"/>
        <AlertIcon value="Assets\Textures\btn-unit-predatortankbronze.dds"/>
        <EditorCategories value="Race:UED"/>
        <AlertTooltip value="Button/Tooltip/CitadelAAT"/>
        <Tooltip value="Button/Tooltip/CitadelAAT"/>
    </CButton>
    <CButton id="MorphtoObserverSiege2">
        <Icon value="Assets\Textures\btn-unit-protoss-observer-Surveillance.dds"/>
        <AlertIcon value="Assets\Textures\btn-unit-protoss-observer-Surveillance.dds"/>
        <EditorCategories value="Race:UED"/>
    </CButton>
    <CButton id="RequestVehicles">
        <Icon value="Assets\Buttons\Units\btn-unit-UED-MilitarizedTransport.dds"/>
        <AlertIcon value="Assets\Buttons\Units\btn-unit-UED-MilitarizedTransport.dds"/>
        <EditorCategories value="Race:UED"/>
    </CButton>
    <CButton id="RequestStarships">
        <Icon value="Assets\Textures\BTN-UED-pacifier.dds"/>
        <AlertIcon value="Assets\Textures\BTN-UED-pacifier.dds"/>
        <EditorCategories value="Race:UED"/>
    </CButton>
    <CButton id="RequestInfantry">
        <Icon value="Assets\Textures\BTN-UED_striketrooper.dds"/>
        <AlertIcon value="Assets\Textures\BTN-UED_striketrooper.dds"/>
        <EditorCategories value="Race:UED"/>
    </CButton>
    <CButton id="BuildStrikefighter">
        <Icon value="Assets\Textures\BTN-UED-pacifier.dds"/>
        <AlertIcon value="Assets\Textures\BTN-UED-pacifier.dds"/>
        <EditorCategories value="Race:UED"/>
        <Tooltip value="Button/Tooltip/Strikefighter"/>
        <AlertTooltip value="Button/Tooltip/Strikefighter"/>
    </CButton>
    <CButton id="BuildValkyrie">
        <Icon value="Assets\Buttons\Units\btn-unit-UED-Valkyrie.dds"/>
        <AlertIcon value="Assets\Buttons\Units\btn-unit-UED-Valkyrie.dds"/>
        <EditorCategories value="Race:UED"/>
        <Tooltip value="Button/Tooltip/Valkyrie"/>
        <AlertTooltip value="Button/Tooltip/Valkyrie"/>
    </CButton>
    <CButton id="SupporttShuttle">
        <Icon value="Assets\Textures\BTN-UED-supportshuttle.dds"/>
        <AlertIcon value="Assets\Textures\BTN-UED-supportshuttle.dds"/>
        <EditorCategories value="Race:UED"/>
        <AlertTooltip value="Button/Tooltip/SupportShuttle"/>
        <Tooltip value="Button/Tooltip/SupportShuttle"/>
    </CButton>
    <CButton id="SpareRifleBatteries">
        <Icon value="Assets\Textures\btn-upgrade-terran-nova-shotgunaoe.dds"/>
        <AlertIcon value="Assets\Textures\btn-upgrade-terran-nova-shotgunaoe.dds"/>
        <EditorCategories value="Race:UED"/>
    </CButton>
    <CButton id="UEDVehicalsLevel2">
        <Icon value="Assets\weapon-tank-icon-upgrade-2.dds"/>
        <AlertIcon value="Assets\weapon-tank-icon-upgrade-2.dds"/>
        <HotkeyAlias value="UEDVehicalsLevel3"/>
        <EditorCategories value="Race:UED"/>
    </CButton>
    <CButton id="UEDVehicalsLevel3">
        <Icon value="Assets\weapon-tank-icon-upgrade-3.dds"/>
        <AlertIcon value="Assets\weapon-tank-icon-upgrade-3.dds"/>
        <EditorCategories value="Race:UED"/>
    </CButton>
    <CButton id="UEDWeaponsLevel1">
        <Icon value="Assets\weapon-trooper-icon-upgrade-1.dds"/>
        <AlertIcon value="Assets\weapon-trooper-icon-upgrade-1.dds"/>
        <HotkeyAlias value="UEDWeaponsLevel3"/>
        <Hotkey value="Button/Hotkey/UEDWeaponsLevel3"/>
        <EditorCategories value="Race:UED"/>
    </CButton>
    <CButton id="UEDWeaponsLevel2">
        <Icon value="Assets\weapon-trooper-icon-upgrade-2.dds"/>
        <AlertIcon value="Assets\weapon-trooper-icon-upgrade-2.dds"/>
        <HotkeyAlias value="UEDWeaponsLevel3"/>
        <Hotkey value="Button/Hotkey/UEDWeaponsLevel3"/>
        <EditorCategories value="Race:UED"/>
    </CButton>
    <CButton id="UEDWeaponsLevel3">
        <Icon value="Assets\weapon-trooper-icon-upgrade-3.dds"/>
        <AlertIcon value="Assets\weapon-trooper-icon-upgrade-3.dds"/>
        <EditorCategories value="Race:UED"/>
    </CButton>
    <CButton id="FieldBureau">
        <Icon value="Assets\Buttons\Structures\btn-structure-UED-MercCompound.dds"/>
        <AlertIcon value="Assets\Buttons\Structures\btn-structure-UED-MercCompound.dds"/>
        <EditorCategories value="Race:UED"/>
    </CButton>
    <CButton id="OperationHeadquarters">
        <Icon value="Assets\Buttons\Structures\btn-structure-UED-Biodome.dds"/>
        <AlertIcon value="Assets\Buttons\Structures\btn-structure-UED-Biodome.dds"/>
        <EditorCategories value="Race:UED"/>
    </CButton>
    <CButton id="BeathaniumInfusionField">
        <Icon value="Assets\Textures\BTN-UED-InfusionTowerHeal.dds"/>
        <AlertTooltip value="Button/Tooltip/RapidRegeneration2"/>
        <EditorCategories value="Race:UED"/>
    </CButton>
    <CButton id="BuildBeacon">
        <Tooltip value="Button/Tooltip/Beacon"/>
        <Icon value="Assets\Textures\btn-unit-terran-nova-shredder.dds"/>
        <AlertTooltip value="Button/Tooltip/BeaconUED"/>
        <AlertIcon value="Assets\Textures\btn-unit-terran-nova-shredder.dds"/>
        <EditorCategories value="Race:UED"/>
    </CButton>
    <CButton id="RallyUED">
        <Icon value="Assets\Textures\btn-ability-terran-setrallypoint.dds"/>
        <AlertIcon value="Assets\Textures\btn-ability-terran-setrallypoint.dds"/>
        <EditorCategories value="Race:UED"/>
        <TintRacially value="1"/>
        <HotkeyAlias value="Rally"/>
        <Universal value="1"/>
    </CButton>
    <CButton id="MunitionsFactory">
        <Icon value="Assets\Textures\BTN-UED-Munitions-Factory.dds"/>
        <AlertIcon value="Assets\Textures\BTN-UED-Munitions-Factory.dds"/>
        <EditorCategories value="Race:UED"/>
    </CButton>
    <CButton id="MilitaryResearchStation">
        <Icon value="Assets\Textures\BTN-UED-Engineering.dds"/>
        <AlertIcon value="Assets\Textures\BTN-UED-Engineering.dds"/>
        <EditorCategories value="Race:UED"/>
    </CButton>
    <CButton id="CrimsonEye">
        <Icon value="Assets\Textures\BTN-UED-CrimsonEye.dds"/>
        <AlertIcon value="Assets\Textures\BTN-UED-CrimsonEye.dds"/>
        <EditorCategories value="Race:UED"/>
        <Universal value="1"/>
    </CButton>
    <CButton id="EngineSurchargeProtocols">
        <Icon value="Assets\Textures\btn-upgrade-tychus-ghost-persuader.dds"/>
        <AlertIcon value="Assets\Textures\btn-upgrade-tychus-ghost-persuader.dds"/>
        <EditorCategories value="Race:UED"/>
        <Universal value="1"/>
    </CButton>
    <CButton id="TachyonRelay">
        <Icon value="Assets\Textures\BTN-UED-Tychon_Relay.dds"/>
        <AlertIcon value="Assets\Textures\BTN-UED-Tychon_Relay.dds"/>
        <EditorCategories value="Race:UED"/>
    </CButton>
    <CButton id="TacticsAcademy">
        <Icon value="Assets\Buttons\Structures\btn-structure-UED-ScienceFacility.dds"/>
        <AlertIcon value="Assets\Buttons\Structures\btn-structure-UED-ScienceFacility.dds"/>
        <EditorCategories value="Race:UED"/>
    </CButton>
    <CButton id="StarshipMaintenancePlant">
        <Icon value="Assets\Textures\BTN-UED-Starship-Plant.dds"/>
        <AlertIcon value="Assets\Textures\BTN-UED-Starship-Plant.dds"/>
        <EditorCategories value="Race:UED"/>
    </CButton>
    <CButton id="DrakkarAPC">
        <Icon value="Assets\Buttons\Units\btn-unit-UED-MilitarizedTransport.dds"/>
        <AlertIcon value="Assets\Buttons\Units\btn-unit-UED-MilitarizedTransport.dds"/>
        <EditorCategories value="Race:UED"/>
    </CButton>
    <CButton id="DesolatorMissileTank">
        <Icon value="Assets\Textures\BTN-UED-Desolator.dds"/>
        <AlertIcon value="Assets\Textures\BTN-UED-Desolator.dds"/>
        <EditorCategories value="Race:UED"/>
        <AlertTooltip value="Button/Tooltip/Typhoon"/>
        <Tooltip value="Button/Tooltip/Typhoon"/>
    </CButton>
    <CButton id="UnknownButton">
        <Icon value="Assets\btn-upgrade-ued-armor-level1.dds"/>
        <AlertIcon value="Assets\btn-upgrade-ued-armor-level1.dds"/>
        <EditorCategories value="Race:UED"/>
    </CButton>
    <CButton id="UnknownButton2">
        <Icon value="Assets\btn-upgrade-ued-armor-level2.dds"/>
        <AlertIcon value="Assets\btn-upgrade-ued-armor-level2.dds"/>
        <HotkeyAlias value="UnknownButton"/>
        <EditorCategories value="Race:UED"/>
    </CButton>
    <CButton id="UnknownButton22">
        <Icon value="Assets\btn-upgrade-ued-armor-level3.dds"/>
        <AlertIcon value="Assets\btn-upgrade-ued-armor-level3.dds"/>
        <HotkeyAlias value="UnknownButton"/>
        <EditorCategories value="Race:UED"/>
    </CButton>
    <CButton id="UEDVehicalsLevel1">
        <Icon value="Assets\weapon-tank-icon-upgrade-1.dds"/>
        <AlertIcon value="Assets\weapon-tank-icon-upgrade-1.dds"/>
        <HotkeyAlias value="UEDVehicalsLevel3"/>
        <EditorCategories value="Race:UED"/>
    </CButton>
    <CButton id="UnknownButton3">
        <Icon value="Assets\Textures\btn-ability-mengsk-blimp-propagandamode.dds"/>
        <AlertIcon value="Assets\Textures\btn-ability-mengsk-blimp-propagandamode.dds"/>
        <EditorCategories value="Race:UED"/>
    </CButton>
    <CButton id="UnknownButton32">
        <Icon value="Assets\Textures\btn-ability-mengsk-topbar-contaminatedstrike.dds"/>
        <AlertIcon value="Assets\Textures\btn-ability-mengsk-topbar-contaminatedstrike.dds"/>
        <EditorCategories value="Race:UED"/>
        <HotkeyAlias value="UnknownButton3"/>
    </CButton>
    <CButton id="UnknownButton4">
        <Icon value="Assets\Textures\btn-tips-richminerals.dds"/>
        <AlertIcon value="Assets\Textures\btn-tips-richminerals.dds"/>
        <EditorCategories value="Race:UED"/>
    </CButton>
    <CButton id="VespenePurificationPlant">
        <Icon value="Assets\Buttons\Structures\btn-structure-UED-RefineryAutomated.dds"/>
        <AlertIcon value="Assets\Buttons\Structures\btn-structure-UED-RefineryAutomated.dds"/>
        <EditorCategories value="Race:UED"/>
    </CButton>
    <CButton id="TeleportationNode">
        <Icon value="Assets\Textures\BTN-UED-Teleportation-Node.dds"/>
        <AlertIcon value="Assets\Textures\BTN-UED-Teleportation-Node.dds"/>
        <EditorCategories value="Race:UED"/>
    </CButton>
    <CButton id="Salvager">
        <Icon value="Assets\Textures\btn-unit-terran-watcher.dds"/>
        <AlertIcon value="Assets\Textures\btn-unit-terran-watcher.dds"/>
        <EditorCategories value="Race:UED"/>
        <Universal value="1"/>
    </CButton>
    <CButton id="UEDBuildEazy">
        <Icon value="Assets\Textures\ued_construction_basic.dds"/>
        <AlertIcon value="Assets\Textures\ued_construction_basic.dds"/>
        <EditorCategories value="Race:UED"/>
        <TintRacially value="1"/>
    </CButton>
    <CButton id="UEDBuildAdvanced">
        <Icon value="Assets\Textures\ued_construction_adv.dds"/>
        <AlertIcon value="Assets\Textures\ued_construction_adv.dds"/>
        <EditorCategories value="Race:UED"/>
        <TintRacially value="1"/>
    </CButton>
    <CButton id="SongoftheDead">
        <Icon value="Assets\Textures\btn-upgrade-raynor-ripwavemissiles.dds"/>
        <AlertIcon value="Assets\Textures\btn-upgrade-raynor-ripwavemissiles.dds"/>
        <EditorCategories value="Race:UED"/>
        <Universal value="1"/>
    </CButton>
    <CButton id="MutatorReanimate">
        <Icon value="Assets\Textures\btn-ability-kerrigan_revive.dds"/>
        <AlertIcon value="Assets\Textures\btn-ability-kerrigan_revive.dds"/>
        <Hotkey value="Button/Hotkey/Lazarus"/>
        <EditorCategories value="Race:UED"/>
    </CButton>
    <CButton id="OpticalFlare">
        <Icon value="Assets\Textures\btn-upgrade-nova-btn-upgrade-nova-flashgrenade.dds"/>
        <AlertIcon value="Assets\Textures\btn-upgrade-nova-btn-upgrade-nova-flashgrenade.dds"/>
        <EditorCategories value="Race:UED"/>
    </CButton>
</Catalog>
