<?xml version="1.0" encoding="utf-8"?>
<Catalog>
    <CConsoleSkin id="ConsoleUED" parent="ConsoleBase" assetname="ConsoleTerran_Construction" race="UED">
        <Default value="1"/>
        <ProductId value="999999999"/>
        <RequiredReward value="ConsoleSkinTerranDefault"/>
        <ReleaseDate value="10/31/2021"/>
        <MinimapPanelModel Model="Assets/UI/Console/ConsoleTerran_UED_00.m3"/>
        <InfoPanelModel Model="Assets/UI/Console/ConsoleTerran_UED_01.m3"/>
        <CommandPanelModel Model="Assets/UI/Console/ConsoleTerran_UED_02.m3"/>
        <Light value="ConsoleTerran_Construction"/>
        <ThumbnailImage value="assets/textures/sc2_ui_collection_huds_thumb_consoleterran_machined.dds"/>
        <FeaturedImage value="assets/textures/sc2_ui_collection_huds_large_consoleterran_machined.dds"/>
        <Description value="ConsoleSkin/Description/ConsoleUED"/>
        <SkinId value="Evolved"/>
    </CConsoleSkin>
</Catalog>
