<?xml version="1.0" encoding="utf-8"?>
<Catalog>
    <CFootprint id="Footprint2x22">
        <Layers index="Check">
            <Rows value="xx"/>
            <Rows value="xx"/>
        </Layers>
        <Layers index="Place">
            <Rows value="xx"/>
            <Rows value="xx"/>
        </Layers>
        <Shape>
            <Radius value="1.4143"/>
            <Offsets value="-1,-1;-1,1;1,1;1,-1"/>
            <Borders value="3,0,2;0,1,2;1,2,2;2,3,2"/>
        </Shape>
    </CFootprint>
    <CFootprint id="Footprint2x2Contour3">
        <Layers index="Check">
            <Rows value="xx"/>
            <Rows value="xx"/>
        </Layers>
        <Layers index="Place">
            <Rows value="xx"/>
            <Rows value="xx"/>
        </Layers>
        <Shape>
            <Radius value="1.1181"/>
            <Offsets value="-1,0.5;-0.5,1;0.5,1;1,0.5;1,-0.5;0.5,-1;-0.5,-1;-1,-0.5"/>
            <Borders value="7,0,2;0,1,2;1,2,2;2,3,2;3,4,2;4,5,2;5,6,2;6,7,2"/>
        </Shape>
    </CFootprint>
    <CFootprint id="Footprint3x3CappedGeyser2">
        <Layers index="Check" Area="-1,-1,2,2">
            <Sets index="0">
                <Negative index="Creep" value="0"/>
            </Sets>
            <Rows value="xxx"/>
            <Rows value="xxx"/>
            <Rows value="xxx"/>
        </Layers>
        <Layers index="Place" Area="-1,-1,2,2">
            <Rows value="xxx"/>
            <Rows value="xxx"/>
            <Rows value="xxx"/>
        </Layers>
        <Shape>
            <Radius value="2.1213"/>
            <Offsets value="-1.5,-1.5;-1.5,1.5;1.5,1.5;1.5,-1.5"/>
            <Borders value="3,0,2;0,1,2;1,2,2;2,3,2"/>
        </Shape>
    </CFootprint>
    <CFootprint id="Footprint4x4UED">
        <Layers index="Check" Area="-2,-2,2,2">
            <Rows value="xxxx"/>
            <Rows value="xxxx"/>
            <Rows value="xxxx"/>
            <Rows value="xxxx"/>
        </Layers>
        <Layers index="Place" Area="-2,-2,2,2">
            <Rows value="xxxx"/>
            <Rows value="xxxx"/>
            <Rows value="xxxx"/>
            <Rows value="xxxx"/>
        </Layers>
        <Shape>
            <Radius value="2.5"/>
            <Offsets value="-1.5,-2;1.5,-2;-1.5,2;1.5,2;-2,-1.5;-2,1.5;2,-1.5;2,1.5"/>
            <Borders value="0,4,2;1,0,2;2,3,2;3,7,2;4,5,2;5,2,2;6,1,2;7,6,2"/>
        </Shape>
    </CFootprint>
    <CFootprint id="FootprintGeyserRoundedBuilt2">
        <Layers index="Check" Area="-4,-4,5,5">
            <Sets index="0">
                <Negative index="DropOff" value="1"/>
                <Negative index="Creep" value="0"/>
            </Sets>
            <Sets Character="o">
                <Negative index="DropOff" value="1"/>
            </Sets>
            <Rows value=".ooooooo."/>
            <Rows value="ooooooooo"/>
            <Rows value="ooooooooo"/>
            <Rows value="oooxxxooo"/>
            <Rows value="oooxxxooo"/>
            <Rows value="oooxxxooo"/>
            <Rows value="ooooooooo"/>
            <Rows value="ooooooooo"/>
            <Rows value=".ooooooo."/>
        </Layers>
        <Layers index="Place" Area="-4,-4,5,5">
            <Sets index="0">
                <Positive index="NearResources" value="1"/>
            </Sets>
            <Sets Character="o">
                <Positive index="NearResources" value="1"/>
            </Sets>
            <Rows value=".ooooooo."/>
            <Rows value="ooooooooo"/>
            <Rows value="ooooooooo"/>
            <Rows value="oooxxxooo"/>
            <Rows value="oooxxxooo"/>
            <Rows value="oooxxxooo"/>
            <Rows value="ooooooooo"/>
            <Rows value="ooooooooo"/>
            <Rows value=".ooooooo."/>
        </Layers>
        <Shape>
            <Radius value="1.6772"/>
            <Offsets value="-0.75,-1.5;0.75,-1.5;-0.75,1.5;0.75,1.5;-1.5,-0.75;-1.5,0.75;1.5,-0.75;1.5,0.75"/>
            <Borders value="0,4,2;1,0,2;2,3,2;3,7,2;4,5,2;5,2,2;6,1,2;7,6,2"/>
        </Shape>
    </CFootprint>
</Catalog>
