<?xml version="1.0" encoding="utf-8"?>
<Catalog>
    <CMoverMissile id="GarmrWeapon">
        <MotionPhases>
            <Driver value="Guidance"/>
            <Acceleration value="3200"/>
            <MaxSpeed value="18.75"/>
            <Outro value="-1"/>
            <ThrowVector value="1,0,0"/>
            <ThrowBandYaw value="-360,-360,-360,-360"/>
            <ThrowBandPitch value="-360,-360,-360,-360"/>
            <YawPitchRoll value="719.2968"/>
        </MotionPhases>
        <MotionPhases YawPitchRoll="MAX"/>
    </CMoverMissile>
    <CMoverMissile id="DesolatorWeaponMover">
        <MotionPhases>
            <Driver value="Ballistic"/>
            <Acceleration value="-1"/>
            <Speed value="10"/>
            <MaxSpeed value="20"/>
            <Gravity value="30"/>
            <ClearanceLookahead value="3"/>
            <ThrowVector value="-1,0,0"/>
            <ThrowBandYaw value="-360,-360,-360,-360"/>
            <ThrowBandPitch value="-360,-360,-360,-360"/>
            <YawPitchRoll value="5759.6484"/>
        </MotionPhases>
    </CMoverMissile>
    <CMoverMissile id="PeenemundeMover">
        <MotionPhases>
            <Driver value="Ballistic"/>
            <Acceleration value="-1"/>
            <Speed value="10"/>
            <MaxSpeed value="20"/>
            <Gravity value="55"/>
            <ClearanceLookahead value="3"/>
            <Outro value="1.5,2.5"/>
            <ThrowBandYaw value="-360,-360,-360,-360"/>
            <ThrowBandPitch value="-360,-360,-360,-360"/>
            <YawPitchRoll value="5759.6484"/>
        </MotionPhases>
        <MotionPhases>
            <Driver value="Guidance"/>
            <Acceleration value="3200"/>
            <MaxSpeed value="20"/>
            <Outro value="-1"/>
            <YawPitchRoll value="719.2968"/>
        </MotionPhases>
        <MotionPhases YawPitchRoll="MAX"/>
    </CMoverMissile>
    <CMoverMissile id="TachyonLaser">
        <MotionPhases>
            <Driver value="Throw"/>
            <Acceleration value="3200"/>
            <Speed value="1"/>
            <MaxSpeed value="8"/>
            <Outro value="2.5,3.5"/>
            <ThrowRotationType value="ThrowForward"/>
            <ThrowVector value="0,-1,0"/>
            <ThrowBandYaw value="74.9926,-74.9926,64.995,-64.995"/>
            <ThrowBandPitch value="45,-45,4.9987,-4.9987"/>
        </MotionPhases>
        <MotionPhases>
            <Driver value="Guidance"/>
            <Acceleration value="3200"/>
            <AccelerationRange value="7"/>
            <MaxSpeed value="16"/>
            <ActorTracking value="Actual"/>
            <Outro value="-2.5,-1.5"/>
            <YawPitchRoll value="359.2968"/>
            <Overlays Scale="1,1"/>
        </MotionPhases>
        <MotionPhases>
            <Driver value="Guidance"/>
            <ThrowBandYaw value="-360,-360,-360,-360"/>
            <ThrowBandPitch value="-360,-360,-360,-360"/>
            <YawPitchRoll value="5759.6484"/>
            <Overlays Scale="0.5,0.5"/>
        </MotionPhases>
        <MotionOverlays>
            <Type value="Revolver"/>
            <RevolverSpeed value="119.5312"/>
            <RevolverSpeedRange value="119.5312"/>
            <RevolverMaxSpeed value="719.2968"/>
            <RevolverMaxSpeedRange value="719.2968"/>
            <RevolverAccel value="45"/>
            <RevolverAccelRange value="337.5"/>
        </MotionOverlays>
    </CMoverMissile>
    <CMoverMissile id="BacklashRocketsLMWeapon">
        <MotionPhases>
            <Driver value="Guidance"/>
            <Acceleration value="20"/>
            <Speed value="10"/>
            <MaxSpeed value="50"/>
            <Outro value="2.5"/>
            <YawPitchRoll value="719.2968"/>
            <Overlays Scale="0"/>
        </MotionPhases>
        <MotionPhases Outro="-1">
            <Overlays Scale="0.2,0.2"/>
        </MotionPhases>
        <MotionOverlays>
            <Type value="Revolver"/>
            <RevolverSpeed value="179.2968"/>
            <RevolverSpeedRange value="179.2968"/>
            <RevolverMaxSpeed value="719.2968"/>
            <RevolverMaxSpeedRange value="0"/>
            <RevolverAccel value="337.5"/>
            <RevolverAccelRange value="337.5"/>
        </MotionOverlays>
    </CMoverMissile>
    <CMoverMissile id="TossGrenade">
        <MotionPhases Driver="Ballistic" Gravity="12" FlightTime="0.5"/>
    </CMoverMissile>
    <CMoverMissile id="OpticalFlareLMWeapon" parent="MissileDefault">
        <MotionPhases index="0">
            <Driver value="Guidance"/>
            <Acceleration value="3200"/>
            <MaxSpeed value="25"/>
            <ClearanceAcceleration value="75"/>
            <Outro value="-1"/>
            <ThrowBandYaw value="-360,-360,-360,-360"/>
            <ThrowBandPitch value="-360,-360,-360,-360"/>
            <YawPitchRoll value="506.25"/>
            <PowerslideAngle value="358.9892"/>
        </MotionPhases>
    </CMoverMissile>
    <CMoverMissile id="VikingFighterMissileWithTracking">
        <PathMode value="Flying"/>
        <MotionPhases>
            <Driver value="Throw"/>
            <Speed value="2"/>
            <MaxSpeed value="2"/>
            <Outro value="0.125,0.25"/>
            <Timeout value="10"/>
            <ThrowVector value="0,-1,0"/>
            <YawPitchRoll value="506.25"/>
        </MotionPhases>
        <MotionPhases>
            <Driver value="Throw"/>
            <Speed value="2"/>
            <MaxSpeed value="2"/>
            <Gravity value="30"/>
            <Outro value="0.625,0.75"/>
            <Timeout value="10"/>
            <ThrowVector value="0,-1,0"/>
            <YawPitchRoll value="506.25"/>
        </MotionPhases>
        <MotionPhases>
            <Driver value="Guidance"/>
            <Acceleration value="56"/>
            <Speed value="2"/>
            <MaxSpeed value="28"/>
            <ActorTracking value="Actual"/>
            <Outro value="2,2.5"/>
            <RotationActorType value="LookAtTarget"/>
            <Timeout value="10"/>
            <ThrowRotationType value="LookAtTarget"/>
            <ThrowBandYaw value="-360,-360,-360,-360"/>
            <ThrowBandPitch value="-360,-360,-360,-360"/>
            <YawPitchRoll value="5759.6484"/>
        </MotionPhases>
        <MotionPhases>
            <Driver value="Guidance"/>
            <MaxSpeed value="28"/>
            <ActorTracking value="Actual"/>
            <RotationActorType value="LookAtTarget"/>
            <Timeout value="10"/>
            <ThrowRotationType value="LookAtTarget"/>
            <ThrowBandYaw value="-360,-360,-360,-360"/>
            <ThrowBandPitch value="-360,-360,-360,-360"/>
            <YawPitchRoll value="5568.75"/>
        </MotionPhases>
    </CMoverMissile>
    <CMoverMissile id="YoinkMissile2">
        <MotionPhases>
            <Driver value="Guidance"/>
            <Acceleration value="3200"/>
            <MaxSpeed value="18.75"/>
            <ClearanceAcceleration value="75"/>
            <Outro value="-1"/>
            <RotationLaunchActorType value="LaunchToTarget"/>
            <YawPitchRoll value="719.2968"/>
        </MotionPhases>
        <MotionPhases YawPitchRoll="MAX"/>
    </CMoverMissile>
    <CMoverMissile id="YoinkVikingAirMissile2">
        <MotionPhases>
            <Driver value="Guidance"/>
            <Acceleration value="3200"/>
            <MaxSpeed value="18.75"/>
            <ClearanceAcceleration value="75"/>
            <Outro value="-1"/>
            <RotationLaunchActorType value="LaunchToTarget"/>
            <YawPitchRoll value="719.2968"/>
        </MotionPhases>
        <MotionPhases YawPitchRoll="MAX"/>
    </CMoverMissile>
    <CMoverMissile id="YoinkVikingGroundMissile2">
        <MotionPhases>
            <Driver value="Guidance"/>
            <Acceleration value="3200"/>
            <MaxSpeed value="18.75"/>
            <ClearanceAcceleration value="75"/>
            <Outro value="-1"/>
            <RotationLaunchActorType value="LaunchToTarget"/>
            <YawPitchRoll value="719.2968"/>
        </MotionPhases>
        <MotionPhases YawPitchRoll="MAX"/>
    </CMoverMissile>
</Catalog>
