<?xml version="1.0" encoding="utf-8"?>
<Catalog>
    <CRace id="UED">
        <AttributeId value="UED"/>
        <GameMusic value="Music_TerrLow_SCI"/>
        <Flags index="Selectable" value="1"/>
        <Flags index="TrialAllowed" value="1"/>
        <StartingUnitArray Unit="OperationHeadquarters">
            <Flags index="ResourceSetRally" value="1"/>
        </StartingUnitArray>
        <StartingUnitArray Count="12" Unit="Salvager">
            <Flags index="ResourceRally" value="1"/>
            <Offset value="0,-3"/>
            <Offset value="1,-3"/>
            <Offset value="2,-3"/>
            <Offset value="3,-3"/>
            <Offset value="3,-2"/>
            <Offset value="3,-1"/>
            <Offset value="3,0"/>
            <Offset value="3,1"/>
            <Offset value="3,2"/>
            <Offset value="3,3"/>
            <Offset value="2,3"/>
            <Offset value="1,3"/>
            <Offset value="0,3"/>
            <Offset value="-1,3"/>
            <Offset value="-2,3"/>
            <Offset value="-3,3"/>
            <Offset value="-3,2"/>
            <Offset value="-3,1"/>
            <Offset value="-3,0"/>
            <Offset value="-3,-1"/>
            <Offset value="-3,-2"/>
            <Offset value="-3,-3"/>
            <Offset value="-2,-3"/>
            <Offset value="-1,-3"/>
        </StartingUnitArray>
        <StartingResource index="Minerals" value="50"/>
        <GlossaryTeamColorIndex value="1"/>
        <MiniMapBorderColor value="100,255,255,0"/>
        <PlacementGridColorBlindColor value="255,90,255,133"/>
        <VictorySound value="UI_MissionComplete2"/>
        <DefeatSound value="UI_MissionFailed2"/>
        <ExpansionOrder value="1"/>
        <LevelAchievementId value="91475320767753"/>
        <DefaultConsoleSkin value="ConsoleUED"/>
    </CRace>
</Catalog>
