<?xml version="1.0" encoding="utf-8"?>
<Catalog>
    <CRewardRaceBanner id="ued" parent="RACEBANNERTERRAN">
        <Category File="RaceBannerUED" Tag="UEDn"/>
        <Flags index="Allowed" value="1"/>
        <IconSlot value="100"/>
        <IgnorePlayerRace value="1"/>
        <Race value="UED"/>
        <RaceBannerPack value="ued"/>
        <Image1v1 value="Assets/Textures/RaceBanner_Terran_IEMKatowice2019_1v1.dds"/>
        <Image2v2 value="Assets/Textures/RaceBanner_Terran_IEMKatowice2019_2v2.dds"/>
        <Image3v3 value="Assets/Textures/RaceBanner_Terran_IEMKatowice2019_3v3.dds"/>
        <Image4v4 value="Assets/Textures/RaceBanner_Terran_IEMKatowice2019_4v4.dds"/>
    </CRewardRaceBanner>
</Catalog>
