<?xml version="1.0" encoding="utf-8"?>
<Catalog>
    <CTurret id="CitadelAAT">
        <Idle value="ResetIfMoving"/>
        <YawArc value="360"/>
        <YawRate value="299.8828"/>
        <Fidget DelayMax="30" DelayMin="10"/>
    </CTurret>
    <CTurret id="NapoleonMBT">
        <Idle value="ResetIfMoving"/>
        <YawArc value="360"/>
        <YawRate value="499.9218"/>
        <Fidget DelayMax="30" DelayMin="10"/>
    </CTurret>
    <CTurret id="HeavyTower">
        <Idle value="Hold"/>
        <YawArc value="360"/>
        <YawRate value="299.8828"/>
        <Fidget DelayMax="30" DelayMin="10"/>
    </CTurret>
    <CTurret id="DrakkarAPC">
        <YawArc value="360"/>
        <YawRate value="720.879"/>
        <Fidget DelayMax="30" DelayMin="10"/>
    </CTurret>
    <CTurret id="MissileTower">
        <Idle value="Hold"/>
        <YawArc value="360"/>
        <YawRate value="499.9218"/>
        <YawIdleRate value="45"/>
        <Fidget DelayMax="30" DelayMin="10"/>
    </CTurret>
    <CTurret id="TurretStrikefighter" parent="FreeRotate">
        <Idle value="ResetIfMoving"/>
        <YawRate value="539.2968"/>
        <Fidget TurnAngle="0">
            <ChanceArray index="Anim" value="50"/>
            <ChanceArray index="Idle" value="50"/>
            <ChanceArray index="Turn" value="0"/>
        </Fidget>
    </CTurret>
    <CTurret id="SuppressionTower">
        <Idle value="Hold"/>
        <YawArc value="360"/>
        <YawRate value="499.746"/>
        <Fidget DelayMax="30" DelayMin="10"/>
    </CTurret>
</Catalog>
