<?xml version="1.0" encoding="utf-8"?>
<Catalog>
    <CUpgrade id="UEDOrbitalConstruction">
        <EditorCategories value="Race:UED,UpgradeType:Talents"/>
    </CUpgrade>
    <CUpgrade id="UpgradeEnergeSupportShutl" parent="Research">
        <Icon value="Assets\Textures\btn-ability-mengsk-ghost-staticempblast.dds"/>
        <Race value="UED"/>
        <ScoreAmount value="200"/>
        <ScoreResult value="BuildOrder"/>
        <EffectArray Reference="Unit,SupportShuttle,EnergyStart" Value="50"/>
        <EditorCategories value="Race:UED,UpgradeType:SpellResearch"/>
        <AffectedUnitArray value="SupportShuttle"/>
    </CUpgrade>
    <CUpgrade id="UpgradeTowerMining" parent="Research">
        <Icon value="Assets\Buttons\Structures\btn-structure-UED-SensorTower.dds"/>
        <Race value="UED"/>
        <ScoreAmount value="200"/>
        <ScoreResult value="BuildOrder"/>
        <EditorCategories value="Race:UED,UpgradeType:SpellResearch"/>
        <AffectedUnitArray value="OperationHeadquarters"/>
        <LeaderAlias value="UpgradeEnergeSupportShutl"/>
    </CUpgrade>
    <CUpgrade id="UpgradeLazarusRegenHealf" parent="Research">
        <Icon value="Assets\Textures\btn-ability-dehaka-healing.dds"/>
        <Race value="UED"/>
        <ScoreAmount value="200"/>
        <ScoreResult value="BuildOrder"/>
        <EditorCategories value="Race:UED,UpgradeType:SpellResearch"/>
        <AffectedUnitArray value="Lazarus"/>
        <LeaderAlias value="UpgradeEnergeSupportShutl"/>
    </CUpgrade>
    <CUpgrade id="UpgradeOpticalFlare" parent="Research">
        <Icon value="Assets\Textures\btn-upgrade-nova-btn-upgrade-nova-flashgrenade.dds"/>
        <Race value="UED"/>
        <ScoreAmount value="200"/>
        <ScoreResult value="BuildOrder"/>
        <EditorCategories value="Race:UED,UpgradeType:SpellResearch"/>
        <AffectedUnitArray value="Lazarus"/>
    </CUpgrade>
    <CUpgrade id="PrototypePositronicWeaponry" parent="Research">
        <Icon value="Assets\Textures\btn-ability-mengsk-ghost-tacticalmissilestrike.dds"/>
        <Race value="UED"/>
        <ScoreAmount value="200"/>
        <ScoreResult value="BuildOrder"/>
        <EditorCategories value="Race:UED,UpgradeType:SpellResearch"/>
        <AffectedUnitArray value="HonorguardCruiser"/>
    </CUpgrade>
    <CUpgrade id="ProjectedGravityShield" parent="Research">
        <Icon value="Assets\Textures\btn-ability-stetmann-stetzonegenerator-energy.dds"/>
        <Race value="UED"/>
        <ScoreAmount value="200"/>
        <ScoreResult value="BuildOrder"/>
        <EditorCategories value="Race:UED,UpgradeType:SpellResearch"/>
        <AffectedUnitArray value="SupportShuttle"/>
    </CUpgrade>
    <CUpgrade id="SprayUED">
        <Flags index="UpgradeCheat" value="0"/>
        <AffectedUnitArray value="Salvager"/>
        <LeaderAlias value=""/>
        <EditorCategories value="Race:UED,UpgradeType:Talents"/>
    </CUpgrade>
    <CUpgrade id="StrikeGrenade" parent="Research">
        <Icon value="Assets\Textures\btn-ability-tychus-tychus-shreddergrenade.dds"/>
        <Race value="UED"/>
        <ScoreAmount value="200"/>
        <ScoreResult value="BuildOrder"/>
        <EditorCategories value="Race:UED,UpgradeType:SpellResearch"/>
        <AffectedUnitArray value="PoliticalAdvisor"/>
    </CUpgrade>
    <CUpgrade id="UpgradeEnergeCrimsonEye">
        <Icon value="Assets\Textures\btn-upgrade-tychus-ghost-persuader.dds"/>
        <ScoreAmount value="200"/>
        <ScoreResult value="BuildOrder"/>
        <EffectArray Reference="Unit,CrimsonEye,EnergyStart" Value="25"/>
        <EffectArray Reference="Unit,CrimsonEye,EnergyMax" Value="25"/>
        <EditorCategories value="Race:UED,UpgradeType:SpellResearch"/>
        <AffectedUnitArray value="CrimsonEye"/>
    </CUpgrade>
    <CUpgrade id="DroneRepairModule" parent="Research">
        <Icon value="Assets\Textures\ui_tipicon_campaign_space01-repair.dds"/>
        <Race value="UED"/>
        <ScoreAmount value="200"/>
        <ScoreResult value="BuildOrder"/>
        <EditorCategories value="Race:UED,UpgradeType:SpellResearch"/>
        <AffectedUnitArray value="CrimsonEye"/>
        <EffectArray Reference="Effect,CrimsonEyeRepair,RechargeVitalRate" Value="6"/>
        <EffectArray Operation="Subtract" Reference="Effect,CrimsonEyeRepair,DrainVitalCostFactor" Value="0.25"/>
    </CUpgrade>
    <CUpgrade id="AtmosphericOperationsLoadout" parent="Research">
        <Icon value="Assets\Textures\btn-upgrade-terran-nova-hellfiremissiles.dds"/>
        <Race value="UED"/>
        <ScoreAmount value="200"/>
        <ScoreResult value="BuildOrder"/>
        <EffectArray Operation="Set" Reference="Weapon,BacklashRockets2,AllowedMovement" Value="Moving"/>
        <EffectArray Reference="Weapon,BacklashRockets2,Range" Value="1"/>
        <EffectArray Reference="Weapon,BacklashRockets2,MinScanRange" Value="1"/>
        <EditorCategories value="Race:UED,UpgradeType:SpellResearch"/>
        <AffectedUnitArray value="Strikefighter"/>
    </CUpgrade>
    <CUpgrade id="FieldReloadingProtocols" parent="Research">
        <Icon value="Assets\Textures\btn-upgrade-tychus-warhound-thunderboltmissiles.dds"/>
        <Race value="UED"/>
        <ScoreAmount value="200"/>
        <ScoreResult value="BuildOrder"/>
        <EditorCategories value="Race:UED,UpgradeType:SpellResearch"/>
        <AffectedUnitArray value="CitadelAAT"/>
    </CUpgrade>
    <CUpgrade id="SalvoFiringPattern" parent="Research">
        <Icon value="Assets\Textures\btn-ability-hornerhan-viking-missileupgrade.dds"/>
        <Race value="UED"/>
        <ScoreAmount value="200"/>
        <ScoreResult value="BuildOrder"/>
        <EffectArray Operation="Set" Reference="Effect,TyphoonRockets,PeriodCount" Value="6"/>
        <EffectArray Operation="Set" Reference="Weapon,WarHound3,DisplayAttackCount" Value="6"/>
        <EditorCategories value="Race:UED,UpgradeType:SpellResearch"/>
        <AffectedUnitArray value="Typhoon"/>
    </CUpgrade>
    <CUpgrade id="EnrichedUraniumOrdinance" parent="Research">
        <Icon value="Assets\Textures\btn-ability-mengsk-topbar-nuclearannihilation.dds"/>
        <Race value="UED"/>
        <ScoreAmount value="200"/>
        <ScoreResult value="BuildOrder"/>
        <EffectArray Operation="Set" Reference="Effect,LiberatorMissileDamage3,AreaArray[0].Radius" Value="2"/>
        <EditorCategories value="Race:UED,UpgradeType:SpellResearch"/>
        <AffectedUnitArray value="HonorguardCruiser"/>
    </CUpgrade>
    <CUpgrade id="TandemReactiveArmor" parent="Research">
        <Icon value="Assets\Textures\btn-upgrade-stetmann-mechagroundplating-level2.dds"/>
        <Race value="UED"/>
        <ScoreAmount value="200"/>
        <ScoreResult value="BuildOrder"/>
        <EffectArray Reference="Unit,Napoleon,LifeMax" Value="40"/>
        <EffectArray Reference="Unit,Napoleon,LifeStart" Value="40"/>
        <EditorCategories value="Race:UED,UpgradeType:SpellResearch"/>
        <AffectedUnitArray value="Napoleon"/>
    </CUpgrade>
    <CUpgrade id="SpareRifleBatteries" parent="Research">
        <Icon value="Assets\Textures\btn-upgrade-terran-nova-shotgunaoe.dds"/>
        <Race value="UED"/>
        <ScoreAmount value="200"/>
        <ScoreResult value="BuildOrder"/>
        <EffectArray Operation="Set" Reference="Weapon,HighPoweredShot,Options[Hidden]" Value="0"/>
        <EffectArray Operation="Set" Reference="Weapon,HighPoweredShot,Options[Disabled]" Value="0"/>
        <EditorCategories value="Race:UED,UpgradeType:SpellResearch"/>
        <AffectedUnitArray value="StrikeTrooper"/>
    </CUpgrade>
    <CUpgrade id="ExtendedMissilePayloads" parent="Research">
        <Icon value="Assets\Textures\btn-upgrade-mengsk-trooper-missilelauncher.dds"/>
        <Race value="UED"/>
        <ScoreAmount value="200"/>
        <ScoreResult value="BuildOrder"/>
        <EffectArray Reference="Effect,ValkyrieMissileDamage,AreaArray[0].Fraction" Value="0.25"/>
        <EffectArray Reference="Effect,ValkyrieMissileDamage,AreaArray[0].Radius" Value="0.75"/>
        <EditorCategories value="Race:UED,UpgradeType:SpellResearch"/>
        <AffectedUnitArray value="Valkyrie"/>
    </CUpgrade>
    <CUpgrade id="IcarusCatalyst" parent="Research">
        <Icon value="Assets\Textures\btn-ability-mengsk-ghost-pyrokineticimmolation_orange.dds"/>
        <Race value="UED"/>
        <ScoreAmount value="200"/>
        <ScoreResult value="BuildOrder"/>
        <EditorCategories value="Race:UED,UpgradeType:SpellResearch"/>
        <AffectedUnitArray value="Garmr"/>
    </CUpgrade>
    <CUpgrade id="CommandoTraining" parent="Research">
        <Icon value="Assets\Textures\btn-upgrade-nova-holographicdecoy.dds"/>
        <Race value="UED"/>
        <ScoreAmount value="200"/>
        <ScoreResult value="BuildOrder"/>
        <EffectArray Operation="Multiply" Reference="Unit,PoliticalAdvisor,EnergyRegenRate" Value="1.250000"/>
        <EditorCategories value="Race:UED,UpgradeType:SpellResearch"/>
        <AffectedUnitArray value="PoliticalAdvisor"/>
    </CUpgrade>
    <CUpgrade id="UEDArmorLevel1" parent="TerranInfantryArmors">
        <Name value="Upgrade/Name/UEDArmorLevel1"/>
        <InfoTooltipPriority value="0"/>
        <Icon value="Assets\btn-upgrade-ued-armor-level1.dds"/>
        <Race value="UED"/>
        <ScoreAmount value="200"/>
        <EffectArray index="0" Reference="Unit,Strikefighter,LifeArmorLevel" Value="1"/>
        <EffectArray index="1" Reference="Unit,Strikefighter,LifeArmor" Value="1"/>
        <EffectArray index="2" Reference="Unit,PeenemundeMRLS,LifeArmorLevel" Value="1"/>
        <EffectArray index="3" Reference="Unit,PeenemundeMRLS,LifeArmor" Value="1"/>
        <EffectArray index="4" Reference="Unit,StrikeTrooper,LifeArmorLevel" Value="1"/>
        <EffectArray index="5" Reference="Unit,StrikeTrooper,LifeArmor" Value="1"/>
        <EffectArray index="6" Reference="Unit,Napoleon,LifeArmorLevel" Value="1"/>
        <EffectArray index="7" Reference="Unit,Napoleon,LifeArmor" Value="1"/>
        <EffectArray index="8" Reference="Unit,HonorguardCruiser,LifeArmorLevel" Value="1"/>
        <EffectArray index="9" Reference="Unit,HonorguardCruiser,LifeArmor" Value="1"/>
        <EffectArray index="10" Reference="Unit,Salvager,LifeArmor" Value="1"/>
        <EffectArray index="11" Reference="Unit,Salvager,LifeArmorLevel" Value="1"/>
        <EffectArray Operation="Set" Reference="Actor,Salvager,LifeArmorIcon" Value="Assets\btn-upgrade-ued-armor-level1.dds"/>
        <EffectArray Reference="Unit,Lazarus,LifeArmor" Value="1"/>
        <EffectArray Reference="Unit,Lazarus,LifeArmorLevel" Value="1"/>
        <EffectArray Reference="Unit,Typhoon,LifeArmorLevel" Value="1"/>
        <EffectArray Reference="Unit,DrakkarAPC,LifeArmor" Value="1"/>
        <EffectArray Reference="Unit,CitadelAAT,LifeArmorLevel" Value="1"/>
        <EffectArray Reference="Unit,CrimsonEye,LifeArmor" Value="1"/>
        <EffectArray Operation="Set" Reference="Actor,Taranis,LifeArmorIcon" Value="Assets\btn-upgrade-ued-armor-level1.dds"/>
        <EffectArray Operation="Set" Reference="Actor,Lazarus,LifeArmorIcon" Value="Assets\btn-upgrade-ued-armor-level1.dds"/>
        <EffectArray Operation="Set" Reference="Actor,StrikeTrooper,LifeArmorIcon" Value="Assets\btn-upgrade-ued-armor-level1.dds"/>
        <EffectArray Operation="Set" Reference="Actor,CitadelAAT,LifeArmorIcon" Value="Assets\btn-upgrade-ued-armor-level1.dds"/>
        <EffectArray Operation="Set" Reference="Actor,CrimsonEye,LifeArmorIcon" Value="Assets\btn-upgrade-ued-armor-level1.dds"/>
        <EffectArray Operation="Set" Reference="Actor,Typhoon,LifeArmorIcon" Value="Assets\btn-upgrade-ued-armor-level1.dds"/>
        <EffectArray Operation="Set" Reference="Actor,DrakkarAPC,LifeArmorIcon" Value="Assets\btn-upgrade-ued-armor-level1.dds"/>
        <EffectArray Operation="Set" Reference="Actor,HonorguardCruiser,LifeArmorIcon" Value="Assets\btn-upgrade-ued-armor-level1.dds"/>
        <EffectArray Operation="Set" Reference="Actor,Napoleon,LifeArmorIcon" Value="Assets\btn-upgrade-ued-armor-level1.dds"/>
        <EffectArray Operation="Set" Reference="Actor,PeenemundeMRLS,LifeArmorIcon" Value="Assets\btn-upgrade-ued-armor-level1.dds"/>
        <EffectArray Operation="Set" Reference="Actor,Strikefighter,LifeArmorIcon" Value="Assets\btn-upgrade-ued-armor-level1.dds"/>
        <EffectArray Operation="Set" Reference="Actor,Valkyrie,LifeArmorIcon" Value="Assets\btn-upgrade-ued-armor-level1.dds"/>
        <EffectArray Operation="Set" Reference="Actor,Medivac3,LifeArmorIcon" Value="Assets\btn-upgrade-ued-armor-level1.dds"/>
        <EffectArray Operation="Set" Reference="Actor,Medivac2,LifeArmorIcon" Value="Assets\btn-upgrade-ued-armor-level1.dds"/>
        <EffectArray Operation="Set" Reference="Actor,Garmr,LifeArmorIcon" Value="Assets\btn-upgrade-ued-armor-level1.dds"/>
        <EffectArray Reference="Unit,CitadelAAT,LifeArmor" Value="1"/>
        <EffectArray Reference="Unit,CrimsonEye,LifeArmorLevel" Value="1"/>
        <EffectArray Reference="Unit,Typhoon,LifeArmor" Value="1"/>
        <EffectArray Reference="Unit,DrakkarAPC,LifeArmorLevel" Value="1"/>
        <EffectArray Reference="Unit,SupportShuttle,LifeArmorLevel" Value="1"/>
        <EffectArray Reference="Unit,SupportShuttle,LifeArmor" Value="1"/>
        <EffectArray Reference="Unit,Taranis,LifeArmor" Value="1"/>
        <EffectArray Reference="Unit,Taranis,LifeArmorLevel" Value="1"/>
        <EffectArray Reference="Unit,TransportShuttle,LifeArmor" Value="1"/>
        <EffectArray Reference="Unit,TransportShuttle,LifeArmorLevel" Value="1"/>
        <EffectArray Reference="Unit,Valkyrie,LifeArmor" Value="1"/>
        <EffectArray Reference="Unit,Valkyrie,LifeArmorLevel" Value="1"/>
        <EffectArray Operation="Set" Reference="Actor,PoliticalAdvisor,LifeArmorIcon" Value="Assets\btn-upgrade-ued-armor-level1.dds"/>
        <EffectArray Reference="Unit,PoliticalAdvisor,LifeArmorLevel" Value="1"/>
        <EffectArray Reference="Unit,PoliticalAdvisor,LifeArmor" Value="1"/>
        <EffectArray Reference="Unit,Garmr,LifeArmor" Value="1"/>
        <EffectArray Reference="Unit,Garmr,LifeArmorLevel" Value="1"/>
        <EffectArray Operation="Set" Reference="Actor,Huracan,LifeArmorIcon" Value="Assets\btn-upgrade-ued-armor-level1.dds"/>
        <EffectArray Reference="Unit,Huracan,LifeArmor" Value="1"/>
        <EffectArray Reference="Unit,Huracan,LifeArmorLevel" Value="1"/>
        <AffectedUnitArray index="0" value="CitadelAAT"/>
        <AffectedUnitArray index="1" value="BeaconUED"/>
        <AffectedUnitArray index="2" value="Typhoon"/>
        <AffectedUnitArray index="3" value="CrimsonEye"/>
        <AffectedUnitArray index="4" value="HonorguardCruiser"/>
        <AffectedUnitArray value="Lazarus"/>
        <AffectedUnitArray value="Napoleon"/>
        <AffectedUnitArray value="PoliticalAdvisor"/>
        <AffectedUnitArray value="DrakkarAPC"/>
        <AffectedUnitArray value="StrikeTrooper"/>
        <AffectedUnitArray value="Salvager"/>
        <AffectedUnitArray value="Valkyrie"/>
        <AffectedUnitArray value="Strikefighter"/>
        <AffectedUnitArray value="Strikefighter"/>
        <AffectedUnitArray value="Taranis"/>
        <AffectedUnitArray value="TransportShuttle"/>
        <AffectedUnitArray value="Garmr"/>
        <AffectedUnitArray value="Huracan"/>
        <LeaderLevel value="1"/>
        <EditorCategories value="Race:UED,UpgradeType:ArmorBonus"/>
    </CUpgrade>
    <CUpgrade id="UEDArmorLevel2" parent="TerranInfantryArmors">
        <Name value="Upgrade/Name/UEDArmorLevel2"/>
        <InfoTooltipPriority value="0"/>
        <Icon value="Assets\btn-upgrade-ued-armor-level2.dds"/>
        <Race value="UED"/>
        <ScoreAmount value="200"/>
        <EffectArray index="0" Reference="Unit,Strikefighter,LifeArmorLevel" Value="1"/>
        <EffectArray index="1" Reference="Unit,Strikefighter,LifeArmor" Value="1"/>
        <EffectArray index="2" Reference="Unit,PeenemundeMRLS,LifeArmorLevel" Value="1"/>
        <EffectArray index="3" Reference="Unit,PeenemundeMRLS,LifeArmor" Value="1"/>
        <EffectArray index="4" Reference="Unit,StrikeTrooper,LifeArmorLevel" Value="1"/>
        <EffectArray index="5" Reference="Unit,StrikeTrooper,LifeArmor" Value="1"/>
        <EffectArray index="6" Reference="Unit,Napoleon,LifeArmorLevel" Value="1"/>
        <EffectArray index="7" Reference="Unit,Napoleon,LifeArmor" Value="1"/>
        <EffectArray index="8" Reference="Unit,HonorguardCruiser,LifeArmorLevel" Value="1"/>
        <EffectArray index="9" Reference="Unit,HonorguardCruiser,LifeArmor" Value="1"/>
        <EffectArray index="10" Reference="Unit,Salvager,LifeArmor" Value="1"/>
        <EffectArray index="11" Reference="Unit,Salvager,LifeArmorLevel" Value="1"/>
        <EffectArray Operation="Set" Reference="Actor,Salvager,LifeArmorIcon" Value="Assets\btn-upgrade-ued-armor-level2.dds"/>
        <EffectArray Reference="Unit,Lazarus,LifeArmor" Value="1"/>
        <EffectArray Reference="Unit,Lazarus,LifeArmorLevel" Value="1"/>
        <EffectArray Reference="Unit,Typhoon,LifeArmorLevel" Value="1"/>
        <EffectArray Reference="Unit,DrakkarAPC,LifeArmor" Value="1"/>
        <EffectArray Reference="Unit,CitadelAAT,LifeArmorLevel" Value="1"/>
        <EffectArray Reference="Unit,CrimsonEye,LifeArmor" Value="1"/>
        <EffectArray Operation="Set" Reference="Actor,Taranis,LifeArmorIcon" Value="Assets\btn-upgrade-ued-armor-level2.dds"/>
        <EffectArray Operation="Set" Reference="Actor,Lazarus,LifeArmorIcon" Value="Assets\btn-upgrade-ued-armor-level2.dds"/>
        <EffectArray Operation="Set" Reference="Actor,StrikeTrooper,LifeArmorIcon" Value="Assets\btn-upgrade-ued-armor-level2.dds"/>
        <EffectArray Operation="Set" Reference="Actor,CitadelAAT,LifeArmorIcon" Value="Assets\btn-upgrade-ued-armor-level2.dds"/>
        <EffectArray Operation="Set" Reference="Actor,CrimsonEye,LifeArmorIcon" Value="Assets\btn-upgrade-ued-armor-level2.dds"/>
        <EffectArray Operation="Set" Reference="Actor,Typhoon,LifeArmorIcon" Value="Assets\btn-upgrade-ued-armor-level2.dds"/>
        <EffectArray Operation="Set" Reference="Actor,DrakkarAPC,LifeArmorIcon" Value="Assets\btn-upgrade-ued-armor-level2.dds"/>
        <EffectArray Operation="Set" Reference="Actor,HonorguardCruiser,LifeArmorIcon" Value="Assets\btn-upgrade-ued-armor-level2.dds"/>
        <EffectArray Operation="Set" Reference="Actor,Napoleon,LifeArmorIcon" Value="Assets\btn-upgrade-ued-armor-level2.dds"/>
        <EffectArray Operation="Set" Reference="Actor,PeenemundeMRLS,LifeArmorIcon" Value="Assets\btn-upgrade-ued-armor-level2.dds"/>
        <EffectArray Operation="Set" Reference="Actor,Strikefighter,LifeArmorIcon" Value="Assets\btn-upgrade-ued-armor-level2.dds"/>
        <EffectArray Operation="Set" Reference="Actor,Valkyrie,LifeArmorIcon" Value="Assets\btn-upgrade-ued-armor-level2.dds"/>
        <EffectArray Operation="Set" Reference="Actor,Medivac3,LifeArmorIcon" Value="Assets\btn-upgrade-ued-armor-level2.dds"/>
        <EffectArray Operation="Set" Reference="Actor,Medivac2,LifeArmorIcon" Value="Assets\btn-upgrade-ued-armor-level2.dds"/>
        <EffectArray Operation="Set" Reference="Actor,Garmr,LifeArmorIcon" Value="Assets\btn-upgrade-ued-armor-level2.dds"/>
        <EffectArray Reference="Unit,CitadelAAT,LifeArmor" Value="1"/>
        <EffectArray Reference="Unit,CrimsonEye,LifeArmorLevel" Value="1"/>
        <EffectArray Reference="Unit,Typhoon,LifeArmor" Value="1"/>
        <EffectArray Reference="Unit,DrakkarAPC,LifeArmorLevel" Value="1"/>
        <EffectArray Reference="Unit,SupportShuttle,LifeArmorLevel" Value="1"/>
        <EffectArray Reference="Unit,SupportShuttle,LifeArmor" Value="1"/>
        <EffectArray Reference="Unit,Taranis,LifeArmor" Value="1"/>
        <EffectArray Reference="Unit,Taranis,LifeArmorLevel" Value="1"/>
        <EffectArray Reference="Unit,TransportShuttle,LifeArmor" Value="1"/>
        <EffectArray Reference="Unit,TransportShuttle,LifeArmorLevel" Value="1"/>
        <EffectArray Reference="Unit,Valkyrie,LifeArmor" Value="1"/>
        <EffectArray Reference="Unit,Valkyrie,LifeArmorLevel" Value="1"/>
        <EffectArray Operation="Set" Reference="Actor,PoliticalAdvisor,LifeArmorIcon" Value="Assets\btn-upgrade-ued-armor-level2.dds"/>
        <EffectArray Reference="Unit,PoliticalAdvisor,LifeArmorLevel" Value="1"/>
        <EffectArray Reference="Unit,PoliticalAdvisor,LifeArmor" Value="1"/>
        <EffectArray Reference="Unit,Garmr,LifeArmor" Value="1"/>
        <EffectArray Reference="Unit,Garmr,LifeArmorLevel" Value="1"/>
        <EffectArray Operation="Set" Reference="Actor,Huracan,LifeArmorIcon" Value="Assets\btn-upgrade-ued-armor-level2.dds"/>
        <EffectArray Reference="Unit,Huracan,LifeArmor" Value="1"/>
        <EffectArray Reference="Unit,Huracan,LifeArmorLevel" Value="1"/>
        <AffectedUnitArray index="0" value="CitadelAAT"/>
        <AffectedUnitArray index="1" value="BeaconUED"/>
        <AffectedUnitArray index="2" value="Typhoon"/>
        <AffectedUnitArray index="3" value="CrimsonEye"/>
        <AffectedUnitArray index="4" value="HonorguardCruiser"/>
        <AffectedUnitArray value="Lazarus"/>
        <AffectedUnitArray value="Napoleon"/>
        <AffectedUnitArray value="PoliticalAdvisor"/>
        <AffectedUnitArray value="DrakkarAPC"/>
        <AffectedUnitArray value="StrikeTrooper"/>
        <AffectedUnitArray value="Salvager"/>
        <AffectedUnitArray value="Valkyrie"/>
        <AffectedUnitArray value="Strikefighter"/>
        <AffectedUnitArray value="Strikefighter"/>
        <AffectedUnitArray value="Taranis"/>
        <AffectedUnitArray value="TransportShuttle"/>
        <AffectedUnitArray value="Garmr"/>
        <AffectedUnitArray value="Huracan"/>
        <LeaderLevel value="2"/>
        <EditorCategories value="Race:UED,UpgradeType:ArmorBonus"/>
    </CUpgrade>
    <CUpgrade id="UEDArmorLevel3" parent="TerranInfantryArmors">
        <Name value="Upgrade/Name/UEDArmorLevel3"/>
        <InfoTooltipPriority value="0"/>
        <Icon value="Assets\btn-upgrade-ued-armor-level3.dds"/>
        <Race value="UED"/>
        <ScoreAmount value="200"/>
        <EffectArray index="0" Reference="Unit,Strikefighter,LifeArmorLevel" Value="1"/>
        <EffectArray index="1" Reference="Unit,Strikefighter,LifeArmor" Value="1"/>
        <EffectArray index="2" Reference="Unit,PeenemundeMRLS,LifeArmorLevel" Value="1"/>
        <EffectArray index="3" Reference="Unit,PeenemundeMRLS,LifeArmor" Value="1"/>
        <EffectArray index="4" Reference="Unit,StrikeTrooper,LifeArmorLevel" Value="1"/>
        <EffectArray index="5" Reference="Unit,StrikeTrooper,LifeArmor" Value="1"/>
        <EffectArray index="6" Reference="Unit,Napoleon,LifeArmorLevel" Value="1"/>
        <EffectArray index="7" Reference="Unit,Napoleon,LifeArmor" Value="1"/>
        <EffectArray index="8" Reference="Unit,HonorguardCruiser,LifeArmorLevel" Value="1"/>
        <EffectArray index="9" Reference="Unit,HonorguardCruiser,LifeArmor" Value="1"/>
        <EffectArray index="10" Reference="Unit,Salvager,LifeArmor" Value="1"/>
        <EffectArray index="11" Reference="Unit,Salvager,LifeArmorLevel" Value="1"/>
        <EffectArray Operation="Set" Reference="Actor,Salvager,LifeArmorIcon" Value="Assets\btn-upgrade-ued-armor-level3.dds"/>
        <EffectArray Reference="Unit,Lazarus,LifeArmor" Value="1"/>
        <EffectArray Reference="Unit,Lazarus,LifeArmorLevel" Value="1"/>
        <EffectArray Reference="Unit,Typhoon,LifeArmorLevel" Value="1"/>
        <EffectArray Reference="Unit,DrakkarAPC,LifeArmor" Value="1"/>
        <EffectArray Reference="Unit,CitadelAAT,LifeArmorLevel" Value="1"/>
        <EffectArray Reference="Unit,CrimsonEye,LifeArmor" Value="1"/>
        <EffectArray Operation="Set" Reference="Actor,Taranis,LifeArmorIcon" Value="Assets\btn-upgrade-ued-armor-level3.dds"/>
        <EffectArray Operation="Set" Reference="Actor,Lazarus,LifeArmorIcon" Value="Assets\btn-upgrade-ued-armor-level3.dds"/>
        <EffectArray Operation="Set" Reference="Actor,StrikeTrooper,LifeArmorIcon" Value="Assets\btn-upgrade-ued-armor-level3.dds"/>
        <EffectArray Operation="Set" Reference="Actor,CitadelAAT,LifeArmorIcon" Value="Assets\btn-upgrade-ued-armor-level3.dds"/>
        <EffectArray Operation="Set" Reference="Actor,CrimsonEye,LifeArmorIcon" Value="Assets\btn-upgrade-ued-armor-level3.dds"/>
        <EffectArray Operation="Set" Reference="Actor,Typhoon,LifeArmorIcon" Value="Assets\btn-upgrade-ued-armor-level3.dds"/>
        <EffectArray Operation="Set" Reference="Actor,DrakkarAPC,LifeArmorIcon" Value="Assets\btn-upgrade-ued-armor-level3.dds"/>
        <EffectArray Operation="Set" Reference="Actor,HonorguardCruiser,LifeArmorIcon" Value="Assets\btn-upgrade-ued-armor-level3.dds"/>
        <EffectArray Operation="Set" Reference="Actor,Napoleon,LifeArmorIcon" Value="Assets\btn-upgrade-ued-armor-level3.dds"/>
        <EffectArray Operation="Set" Reference="Actor,PeenemundeMRLS,LifeArmorIcon" Value="Assets\btn-upgrade-ued-armor-level3.dds"/>
        <EffectArray Operation="Set" Reference="Actor,Strikefighter,LifeArmorIcon" Value="Assets\btn-upgrade-ued-armor-level3.dds"/>
        <EffectArray Operation="Set" Reference="Actor,Valkyrie,LifeArmorIcon" Value="Assets\btn-upgrade-ued-armor-level3.dds"/>
        <EffectArray Operation="Set" Reference="Actor,Medivac3,LifeArmorIcon" Value="Assets\btn-upgrade-ued-armor-level3.dds"/>
        <EffectArray Operation="Set" Reference="Actor,Medivac2,LifeArmorIcon" Value="Assets\btn-upgrade-ued-armor-level3.dds"/>
        <EffectArray Operation="Set" Reference="Actor,Garmr,LifeArmorIcon" Value="Assets\btn-upgrade-ued-armor-level3.dds"/>
        <EffectArray Reference="Unit,CitadelAAT,LifeArmor" Value="1"/>
        <EffectArray Reference="Unit,CrimsonEye,LifeArmorLevel" Value="1"/>
        <EffectArray Reference="Unit,Typhoon,LifeArmor" Value="1"/>
        <EffectArray Reference="Unit,DrakkarAPC,LifeArmorLevel" Value="1"/>
        <EffectArray Reference="Unit,SupportShuttle,LifeArmorLevel" Value="1"/>
        <EffectArray Reference="Unit,SupportShuttle,LifeArmor" Value="1"/>
        <EffectArray Reference="Unit,Taranis,LifeArmor" Value="1"/>
        <EffectArray Reference="Unit,Taranis,LifeArmorLevel" Value="1"/>
        <EffectArray Reference="Unit,TransportShuttle,LifeArmor" Value="1"/>
        <EffectArray Reference="Unit,TransportShuttle,LifeArmorLevel" Value="1"/>
        <EffectArray Reference="Unit,Valkyrie,LifeArmor" Value="1"/>
        <EffectArray Reference="Unit,Valkyrie,LifeArmorLevel" Value="1"/>
        <EffectArray Operation="Set" Reference="Actor,PoliticalAdvisor,LifeArmorIcon" Value="Assets\btn-upgrade-ued-armor-level3.dds"/>
        <EffectArray Reference="Unit,PoliticalAdvisor,LifeArmorLevel" Value="1"/>
        <EffectArray Reference="Unit,PoliticalAdvisor,LifeArmor" Value="1"/>
        <EffectArray Reference="Unit,Garmr,LifeArmor" Value="1"/>
        <EffectArray Reference="Unit,Garmr,LifeArmorLevel" Value="1"/>
        <EffectArray Operation="Set" Reference="Actor,Huracan,LifeArmorIcon" Value="Assets\btn-upgrade-ued-armor-level3.dds"/>
        <EffectArray Reference="Unit,Huracan,LifeArmor" Value="1"/>
        <EffectArray Reference="Unit,Huracan,LifeArmorLevel" Value="1"/>
        <AffectedUnitArray index="0" value="CitadelAAT"/>
        <AffectedUnitArray index="1" value="BeaconUED"/>
        <AffectedUnitArray index="2" value="Typhoon"/>
        <AffectedUnitArray index="3" value="CrimsonEye"/>
        <AffectedUnitArray index="4" value="HonorguardCruiser"/>
        <AffectedUnitArray value="Lazarus"/>
        <AffectedUnitArray value="Napoleon"/>
        <AffectedUnitArray value="PoliticalAdvisor"/>
        <AffectedUnitArray value="DrakkarAPC"/>
        <AffectedUnitArray value="StrikeTrooper"/>
        <AffectedUnitArray value="Salvager"/>
        <AffectedUnitArray value="Valkyrie"/>
        <AffectedUnitArray value="Strikefighter"/>
        <AffectedUnitArray value="Strikefighter"/>
        <AffectedUnitArray value="Taranis"/>
        <AffectedUnitArray value="TransportShuttle"/>
        <AffectedUnitArray value="Garmr"/>
        <AffectedUnitArray value="Huracan"/>
        <LeaderLevel value="3"/>
        <EditorCategories value="Race:UED,UpgradeType:ArmorBonus"/>
    </CUpgrade>
    <CUpgrade id="UEDCommander">
        <EditorCategories value="Race:UED,UpgradeType:Talents"/>
        <Icon value="Assets\Textures\Viper_Decal.dds"/>
    </CUpgrade>
    <CUpgrade id="UEDVehicalsLevel2" parent="TerranInfantryWeapons">
        <Name value="Upgrade/Name/UEDVehicalsLevel2"/>
        <InfoTooltipPriority value="0"/>
        <Icon value="Assets\weapon-tank-icon-upgrade-2.dds"/>
        <Race value="UED"/>
        <ScoreAmount value="200"/>
        <EffectArray index="0" Operation="Set" Reference="Weapon,NapoleonCannon,Icon" Value="Assets\weapon-tank-icon-upgrade-2.dds"/>
        <EffectArray index="1" Reference="Weapon,NapoleonCannon,Level" Value="1"/>
        <EffectArray index="2" Reference="Effect,90mmCannons22,Amount" Value="4"/>
        <EffectArray index="3" Operation="Set" Reference="Weapon,CitadelCannon,Icon" Value="Assets\weapon-tank-icon-upgrade-2.dds"/>
        <EffectArray index="4" Reference="Weapon,CitadelCannon,Level" Value="1"/>
        <EffectArray index="5" Reference="Weapon,BacklashRockets2,Level" Value="1"/>
        <EffectArray index="6" Operation="Set" Reference="Weapon,BacklashRockets2,Icon" Value="Assets\weapon-tank-icon-upgrade-2.dds"/>
        <EffectArray index="7" Reference="Effect,BacklashRocketsU2,Amount" Value="1"/>
        <EffectArray index="8" Reference="Weapon,TachyonLaserCannons,Level" Value="1"/>
        <EffectArray index="9" Operation="Set" Reference="Weapon,TachyonLaserCannons,Icon" Value="Assets\weapon-tank-icon-upgrade-2.dds"/>
        <EffectArray index="10" Reference="Weapon,BoomerangMissileLaunchers,Level" Value="1"/>
        <EffectArray index="11" Operation="Set" Reference="Weapon,BoomerangMissileLaunchers,Icon" Value="Assets\weapon-tank-icon-upgrade-2.dds"/>
        <EffectArray Reference="Effect,LiberatorMissileDamage3,Amount" Value="1"/>
        <EffectArray Reference="Weapon,HALOMissiles,Level" Value="1"/>
        <EffectArray Operation="Set" Reference="Weapon,HALOMissiles,Icon" Value="Assets\weapon-tank-icon-upgrade-2.dds"/>
        <EffectArray Reference="Effect,ValkyrieMissileDamage,Amount" Value="1"/>
        <EffectArray Reference="Weapon,DrakkarMachineGun,Level" Value="1"/>
        <EffectArray Operation="Set" Reference="Weapon,DrakkarMachineGun,Icon" Value="Assets\weapon-tank-icon-upgrade-2.dds"/>
        <EffectArray Reference="Effect,TwinGatlingCannons2,Amount" Value="1"/>
        <EffectArray Reference="Weapon,LanzerTorpedoes2,Level" Value="1"/>
        <EffectArray Operation="Set" Reference="Weapon,LanzerTorpedoes2,Icon" Value="Assets\weapon-tank-icon-upgrade-2.dds"/>
        <EffectArray Reference="Effect,LanzerTorpedoesDamage2,Amount" Value="1"/>
        <EffectArray Reference="Weapon,WarHound3,Level" Value="1"/>
        <EffectArray Operation="Set" Reference="Weapon,WarHound3,Icon" Value="Assets\weapon-tank-icon-upgrade-2.dds"/>
        <EffectArray Reference="Effect,TyphoonDamageGround,Amount" Value="1"/>
        <EffectArray Reference="Weapon,WarHound32,Level" Value="1"/>
        <EffectArray Operation="Set" Reference="Weapon,WarHound32,Icon" Value="Assets\weapon-tank-icon-upgrade-2.dds"/>
        <EffectArray Reference="Effect,HonorguardLazer,Amount" Value="3"/>
        <EffectArray Operation="Set" Reference="Weapon,Huracan2,Icon" Value="Assets\weapon-tank-icon-upgrade-2.dds"/>
        <EffectArray Reference="Weapon,Huracan2,Level" Value="1"/>
        <EffectArray Reference="Effect,FirebatUFull2,Amount" Value="1"/>
        <EffectArray Operation="Set" Reference="Weapon,Huracan,Icon" Value="Assets\weapon-tank-icon-upgrade-2.dds"/>
        <EffectArray Reference="Weapon,Huracan,Level" Value="1"/>
        <EffectArray Reference="Effect,FirebatUFull,Amount" Value="1"/>
        <EffectArray Operation="Set" Reference="Weapon,NapoleonMachineGun,Icon" Value="Assets\weapon-tank-icon-upgrade-2.dds"/>
        <EffectArray Reference="Weapon,NapoleonMachineGun,Level" Value="1"/>
        <EffectArray Reference="Effect,Coaxial145mmMachineGun,Amount" Value="1"/>
        <EffectArray Reference="Effect,157mmGaussCannon,Amount" Value="3"/>
        <EffectArray Reference="Effect,90mmCannons22,AttributeBonus[Armored]" Value="1"/>
        <EffectArray Reference="Effect,TyphoonDamageAir,Amount" Value="1"/>
        <EffectArray Reference="Effect,FirebatUFull,AttributeBonus[Structure]" Value="1"/>
        <EffectArray Reference="Effect,TwinGatlingCannons2,AttributeBonus[Light]" Value="1"/>
        <AffectedUnitArray index="0" value="CitadelAAT"/>
        <AffectedUnitArray index="1" value="CrimsonEye"/>
        <AffectedUnitArray index="2" value="Typhoon"/>
        <AffectedUnitArray index="3" value="HonorguardCruiser"/>
        <AffectedUnitArray value="Valkyrie"/>
        <AffectedUnitArray value="DrakkarAPC"/>
        <AffectedUnitArray value="Napoleon"/>
        <AffectedUnitArray value="PeenemundeMRLS"/>
        <AffectedUnitArray value="Strikefighter"/>
        <AffectedUnitArray value="SupportShuttle"/>
        <AffectedUnitArray value="TransportShuttle"/>
        <AffectedUnitArray value="Huracan"/>
        <LeaderLevel value="2"/>
        <EditorCategories value="Race:UED,UpgradeType:AttackBonus"/>
    </CUpgrade>
    <CUpgrade id="UEDVehicalsLevel3" parent="TerranInfantryWeapons">
        <Name value="Upgrade/Name/UEDVehicalsLevel3"/>
        <InfoTooltipPriority value="0"/>
        <Icon value="Assets\weapon-tank-icon-upgrade-3.dds"/>
        <Race value="UED"/>
        <ScoreAmount value="200"/>
        <EffectArray index="0" Operation="Set" Reference="Weapon,NapoleonCannon,Icon" Value="Assets\weapon-tank-icon-upgrade-3.dds"/>
        <EffectArray index="1" Reference="Weapon,NapoleonCannon,Level" Value="1"/>
        <EffectArray index="2" Reference="Effect,90mmCannons22,Amount" Value="4"/>
        <EffectArray index="3" Operation="Set" Reference="Weapon,CitadelCannon,Icon" Value="Assets\weapon-tank-icon-upgrade-3.dds"/>
        <EffectArray index="4" Reference="Weapon,CitadelCannon,Level" Value="1"/>
        <EffectArray index="5" Reference="Weapon,BacklashRockets2,Level" Value="1"/>
        <EffectArray index="6" Operation="Set" Reference="Weapon,BacklashRockets2,Icon" Value="Assets\weapon-tank-icon-upgrade-3.dds"/>
        <EffectArray index="7" Reference="Effect,BacklashRocketsU2,Amount" Value="1"/>
        <EffectArray index="8" Reference="Weapon,TachyonLaserCannons,Level" Value="1"/>
        <EffectArray index="9" Operation="Set" Reference="Weapon,TachyonLaserCannons,Icon" Value="Assets\weapon-tank-icon-upgrade-3.dds"/>
        <EffectArray index="10" Reference="Weapon,BoomerangMissileLaunchers,Level" Value="1"/>
        <EffectArray index="11" Operation="Set" Reference="Weapon,BoomerangMissileLaunchers,Icon" Value="Assets\weapon-tank-icon-upgrade-3.dds"/>
        <EffectArray Reference="Effect,LiberatorMissileDamage3,Amount" Value="1"/>
        <EffectArray Reference="Weapon,HALOMissiles,Level" Value="1"/>
        <EffectArray Operation="Set" Reference="Weapon,HALOMissiles,Icon" Value="Assets\weapon-tank-icon-upgrade-3.dds"/>
        <EffectArray Reference="Effect,ValkyrieMissileDamage,Amount" Value="1"/>
        <EffectArray Reference="Weapon,DrakkarMachineGun,Level" Value="1"/>
        <EffectArray Operation="Set" Reference="Weapon,DrakkarMachineGun,Icon" Value="Assets\weapon-tank-icon-upgrade-3.dds"/>
        <EffectArray Reference="Effect,TwinGatlingCannons2,Amount" Value="1"/>
        <EffectArray Reference="Weapon,LanzerTorpedoes2,Level" Value="1"/>
        <EffectArray Operation="Set" Reference="Weapon,LanzerTorpedoes2,Icon" Value="Assets\weapon-tank-icon-upgrade-3.dds"/>
        <EffectArray Reference="Effect,LanzerTorpedoesDamage2,Amount" Value="1"/>
        <EffectArray Reference="Weapon,WarHound3,Level" Value="1"/>
        <EffectArray Operation="Set" Reference="Weapon,WarHound3,Icon" Value="Assets\weapon-tank-icon-upgrade-3.dds"/>
        <EffectArray Reference="Effect,TyphoonDamageGround,Amount" Value="1"/>
        <EffectArray Reference="Weapon,WarHound32,Level" Value="1"/>
        <EffectArray Operation="Set" Reference="Weapon,WarHound32,Icon" Value="Assets\weapon-tank-icon-upgrade-3.dds"/>
        <EffectArray Reference="Effect,HonorguardLazer,Amount" Value="3"/>
        <EffectArray Operation="Set" Reference="Weapon,Huracan2,Icon" Value="Assets\weapon-tank-icon-upgrade-3.dds"/>
        <EffectArray Reference="Weapon,Huracan2,Level" Value="1"/>
        <EffectArray Reference="Effect,FirebatUFull2,Amount" Value="1"/>
        <EffectArray Operation="Set" Reference="Weapon,Huracan,Icon" Value="Assets\weapon-tank-icon-upgrade-3.dds"/>
        <EffectArray Reference="Weapon,Huracan,Level" Value="1"/>
        <EffectArray Reference="Effect,FirebatUFull,Amount" Value="1"/>
        <EffectArray Operation="Set" Reference="Weapon,NapoleonMachineGun,Icon" Value="Assets\weapon-tank-icon-upgrade-3.dds"/>
        <EffectArray Reference="Weapon,NapoleonMachineGun,Level" Value="1"/>
        <EffectArray Reference="Effect,Coaxial145mmMachineGun,Amount" Value="1"/>
        <EffectArray Reference="Effect,157mmGaussCannon,Amount" Value="3"/>
        <EffectArray Reference="Effect,90mmCannons22,AttributeBonus[Armored]" Value="1"/>
        <EffectArray Reference="Effect,TyphoonDamageAir,Amount" Value="1"/>
        <EffectArray Reference="Effect,FirebatUFull,AttributeBonus[Structure]" Value="1"/>
        <EffectArray Reference="Effect,TwinGatlingCannons2,AttributeBonus[Light]" Value="1"/>
        <EditorCategories value="Race:UED,UpgradeType:AttackBonus"/>
        <AffectedUnitArray index="0" value="CitadelAAT"/>
        <AffectedUnitArray index="1" value="CrimsonEye"/>
        <AffectedUnitArray index="2" value="Typhoon"/>
        <AffectedUnitArray index="3" value="HonorguardCruiser"/>
        <AffectedUnitArray value="Valkyrie"/>
        <AffectedUnitArray value="DrakkarAPC"/>
        <AffectedUnitArray value="Napoleon"/>
        <AffectedUnitArray value="PeenemundeMRLS"/>
        <AffectedUnitArray value="Strikefighter"/>
        <AffectedUnitArray value="SupportShuttle"/>
        <AffectedUnitArray value="TransportShuttle"/>
        <AffectedUnitArray value="Huracan"/>
        <LeaderLevel value="3"/>
    </CUpgrade>
    <CUpgrade id="UEDWeaponsLevel1" parent="TerranInfantryWeapons">
        <Name value="Upgrade/Name/UEDWeaponsLevel1"/>
        <InfoTooltipPriority value="0"/>
        <Icon value="Assets\weapon-trooper-icon-upgrade-1.dds"/>
        <Race value="UED"/>
        <ScoreAmount value="200"/>
        <EffectArray index="0" Reference="Effect,TaranisDamage,Amount" Value="1"/>
        <EffectArray index="1" Operation="Set" Reference="Weapon,StrikeTrooperRifle,Icon" Value="Assets\weapon-trooper-icon-upgrade-1.dds"/>
        <EffectArray index="2" Reference="Weapon,StrikeTrooperRifle,Level" Value="1"/>
        <EffectArray index="3" Reference="Effect,StrikeTrooperRifle,Amount" Value="1"/>
        <EffectArray index="4" Operation="Set" Reference="Weapon,MCHL4GrenadeLauncher,Icon" Value="Assets\weapon-trooper-icon-upgrade-1.dds"/>
        <EffectArray index="5" Reference="Weapon,MCHL4GrenadeLauncher,Level" Value="1"/>
        <EffectArray index="6" Reference="Weapon,LSC330GaussCarabine,Level" Value="1"/>
        <EffectArray index="7" Operation="Set" Reference="Weapon,LSC330GaussCarabine,Icon" Value="Assets\weapon-trooper-icon-upgrade-1.dds"/>
        <EffectArray index="8" Reference="Effect,C10CanisterRifle2,Amount" Value="1"/>
        <EffectArray index="9" Reference="Weapon,Type769BattleRifle2,Level" Value="1"/>
        <EffectArray index="10" Operation="Set" Reference="Weapon,Type769BattleRifle2,Icon" Value="Assets\weapon-trooper-icon-upgrade-1.dds"/>
        <EffectArray index="11" Reference="Effect,WarHound222,Amount" Value="1"/>
        <EffectArray Reference="Weapon,HighPoweredShot,Level" Value="1"/>
        <EffectArray Operation="Set" Reference="Weapon,HighPoweredShot,Icon" Value="Assets\weapon-trooper-icon-upgrade-1.dds"/>
        <EffectArray Reference="Effect,HighPoweredShot,Amount" Value="1"/>
        <EffectArray Operation="Set" Reference="Weapon,CombustiveGob,Icon" Value="Assets\weapon-trooper-icon-upgrade-1.dds"/>
        <EffectArray Reference="Weapon,CombustiveGob,Level" Value="1"/>
        <EffectArray Reference="Effect,AcidSalivaU2,Amount" Value="1"/>
        <EffectArray Reference="Effect,TaranisScreecherMissilesCarpetBombDamage,Amount" Value="1"/>
        <EditorCategories value="Race:UED,UpgradeType:AttackBonus"/>
        <AffectedUnitArray index="0" value="StrikeTrooper"/>
        <AffectedUnitArray index="1" value="Lazarus"/>
        <AffectedUnitArray index="2" value="Taranis"/>
        <AffectedUnitArray index="3" value="Salvager"/>
        <AffectedUnitArray value="PoliticalAdvisor"/>
        <AffectedUnitArray value="Garmr"/>
        <LeaderLevel value="1"/>
    </CUpgrade>
    <CUpgrade id="UEDVehicalsLevel1" parent="TerranInfantryWeapons">
        <Name value="Upgrade/Name/UEDVehicalsLevel1"/>
        <InfoTooltipPriority value="0"/>
        <Icon value="Assets\weapon-tank-icon-upgrade-1.dds"/>
        <Race value="UED"/>
        <ScoreAmount value="200"/>
        <EffectArray index="0" Operation="Set" Reference="Weapon,NapoleonCannon,Icon" Value="Assets\weapon-tank-icon-upgrade-1.dds"/>
        <EffectArray index="1" Reference="Weapon,NapoleonCannon,Level" Value="1"/>
        <EffectArray index="2" Reference="Effect,90mmCannons22,Amount" Value="4"/>
        <EffectArray index="3" Operation="Set" Reference="Weapon,CitadelCannon,Icon" Value="Assets\weapon-tank-icon-upgrade-1.dds"/>
        <EffectArray index="4" Reference="Weapon,CitadelCannon,Level" Value="1"/>
        <EffectArray index="5" Reference="Weapon,BacklashRockets2,Level" Value="1"/>
        <EffectArray index="6" Operation="Set" Reference="Weapon,BacklashRockets2,Icon" Value="Assets\weapon-tank-icon-upgrade-1.dds"/>
        <EffectArray index="7" Reference="Effect,BacklashRocketsU2,Amount" Value="1"/>
        <EffectArray index="8" Reference="Weapon,TachyonLaserCannons,Level" Value="1"/>
        <EffectArray index="9" Operation="Set" Reference="Weapon,TachyonLaserCannons,Icon" Value="Assets\weapon-tank-icon-upgrade-1.dds"/>
        <EffectArray index="10" Reference="Weapon,BoomerangMissileLaunchers,Level" Value="1"/>
        <EffectArray index="11" Operation="Set" Reference="Weapon,BoomerangMissileLaunchers,Icon" Value="Assets\weapon-tank-icon-upgrade-1.dds"/>
        <EffectArray Reference="Effect,LiberatorMissileDamage3,Amount" Value="1"/>
        <EffectArray Reference="Weapon,HALOMissiles,Level" Value="1"/>
        <EffectArray Operation="Set" Reference="Weapon,HALOMissiles,Icon" Value="Assets\weapon-tank-icon-upgrade-1.dds"/>
        <EffectArray Reference="Effect,ValkyrieMissileDamage,Amount" Value="1"/>
        <EffectArray Reference="Weapon,DrakkarMachineGun,Level" Value="1"/>
        <EffectArray Operation="Set" Reference="Weapon,DrakkarMachineGun,Icon" Value="Assets\weapon-tank-icon-upgrade-1.dds"/>
        <EffectArray Reference="Effect,TwinGatlingCannons2,Amount" Value="1"/>
        <EffectArray Reference="Weapon,LanzerTorpedoes2,Level" Value="1"/>
        <EffectArray Operation="Set" Reference="Weapon,LanzerTorpedoes2,Icon" Value="Assets\weapon-tank-icon-upgrade-1.dds"/>
        <EffectArray Reference="Effect,LanzerTorpedoesDamage2,Amount" Value="1"/>
        <EffectArray Reference="Weapon,WarHound3,Level" Value="1"/>
        <EffectArray Operation="Set" Reference="Weapon,WarHound3,Icon" Value="Assets\weapon-tank-icon-upgrade-1.dds"/>
        <EffectArray Reference="Effect,TyphoonDamageGround,Amount" Value="1"/>
        <EffectArray Reference="Weapon,WarHound32,Level" Value="1"/>
        <EffectArray Operation="Set" Reference="Weapon,WarHound32,Icon" Value="Assets\weapon-tank-icon-upgrade-1.dds"/>
        <EffectArray Reference="Effect,HonorguardLazer,Amount" Value="3"/>
        <EffectArray Operation="Set" Reference="Weapon,Huracan2,Icon" Value="Assets\weapon-tank-icon-upgrade-1.dds"/>
        <EffectArray Reference="Weapon,Huracan2,Level" Value="1"/>
        <EffectArray Reference="Effect,FirebatUFull2,Amount" Value="1"/>
        <EffectArray Operation="Set" Reference="Weapon,Huracan,Icon" Value="Assets\weapon-tank-icon-upgrade-1.dds"/>
        <EffectArray Reference="Weapon,Huracan,Level" Value="1"/>
        <EffectArray Reference="Effect,FirebatUFull,Amount" Value="1"/>
        <EffectArray Operation="Set" Reference="Weapon,NapoleonMachineGun,Icon" Value="Assets\weapon-tank-icon-upgrade-1.dds"/>
        <EffectArray Reference="Weapon,NapoleonMachineGun,Level" Value="1"/>
        <EffectArray Reference="Effect,Coaxial145mmMachineGun,Amount" Value="1"/>
        <EffectArray Reference="Effect,157mmGaussCannon,Amount" Value="3"/>
        <EffectArray Reference="Effect,90mmCannons22,AttributeBonus[Armored]" Value="1"/>
        <EffectArray Reference="Effect,TyphoonDamageAir,Amount" Value="1"/>
        <EffectArray Reference="Effect,FirebatUFull,AttributeBonus[Structure]" Value="1"/>
        <EffectArray Reference="Effect,TwinGatlingCannons2,AttributeBonus[Light]" Value="1"/>
        <AffectedUnitArray index="0" value="CitadelAAT"/>
        <AffectedUnitArray index="1" value="Typhoon"/>
        <AffectedUnitArray index="2" value="HonorguardCruiser"/>
        <AffectedUnitArray index="3" value="Valkyrie"/>
        <AffectedUnitArray value="DrakkarAPC"/>
        <AffectedUnitArray value="Napoleon"/>
        <AffectedUnitArray value="PeenemundeMRLS"/>
        <AffectedUnitArray value="Strikefighter"/>
        <AffectedUnitArray value="Huracan"/>
        <LeaderLevel value="1"/>
        <EditorCategories value="Race:UED,UpgradeType:AttackBonus"/>
    </CUpgrade>
    <CUpgrade id="UEDWeaponsLevel2" parent="TerranInfantryWeapons">
        <Name value="Upgrade/Name/UEDWeaponsLevel2"/>
        <InfoTooltipPriority value="0"/>
        <Icon value="Assets\weapon-trooper-icon-upgrade-2.dds"/>
        <Race value="UED"/>
        <ScoreAmount value="350"/>
        <EffectArray index="0" Reference="Effect,TaranisDamage,Amount" Value="1"/>
        <EffectArray index="1" Operation="Set" Reference="Weapon,StrikeTrooperRifle,Icon" Value="Assets\weapon-trooper-icon-upgrade-2.dds"/>
        <EffectArray index="2" Reference="Weapon,StrikeTrooperRifle,Level" Value="1"/>
        <EffectArray index="3" Reference="Effect,StrikeTrooperRifle,Amount" Value="1"/>
        <EffectArray index="4" Operation="Set" Reference="Weapon,MCHL4GrenadeLauncher,Icon" Value="Assets\weapon-trooper-icon-upgrade-2.dds"/>
        <EffectArray index="5" Reference="Weapon,MCHL4GrenadeLauncher,Level" Value="1"/>
        <EffectArray index="6" Reference="Weapon,LSC330GaussCarabine,Level" Value="1"/>
        <EffectArray index="7" Operation="Set" Reference="Weapon,LSC330GaussCarabine,Icon" Value="Assets\weapon-trooper-icon-upgrade-2.dds"/>
        <EffectArray index="8" Reference="Effect,C10CanisterRifle2,Amount" Value="1"/>
        <EffectArray index="9" Reference="Weapon,Type769BattleRifle2,Level" Value="1"/>
        <EffectArray index="10" Operation="Set" Reference="Weapon,Type769BattleRifle2,Icon" Value="Assets\weapon-trooper-icon-upgrade-2.dds"/>
        <EffectArray index="11" Reference="Effect,WarHound222,Amount" Value="1"/>
        <EffectArray Reference="Weapon,HighPoweredShot,Level" Value="1"/>
        <EffectArray Operation="Set" Reference="Weapon,HighPoweredShot,Icon" Value="Assets\weapon-trooper-icon-upgrade-2.dds"/>
        <EffectArray Reference="Effect,HighPoweredShot,Amount" Value="1"/>
        <EffectArray Operation="Set" Reference="Weapon,CombustiveGob,Icon" Value="Assets\weapon-trooper-icon-upgrade-2.dds"/>
        <EffectArray Reference="Weapon,CombustiveGob,Level" Value="1"/>
        <EffectArray Reference="Effect,AcidSalivaU2,Amount" Value="1"/>
        <EffectArray Reference="Effect,TaranisScreecherMissilesCarpetBombDamage,Amount" Value="1"/>
        <EditorCategories value="Race:UED,UpgradeType:AttackBonus"/>
        <AffectedUnitArray index="0" value="StrikeTrooper"/>
        <AffectedUnitArray index="1" value="Lazarus"/>
        <AffectedUnitArray index="2" value="Taranis"/>
        <AffectedUnitArray index="3" value="Salvager"/>
        <AffectedUnitArray value="PoliticalAdvisor"/>
        <AffectedUnitArray value="Garmr"/>
        <LeaderLevel value="2"/>
    </CUpgrade>
    <CUpgrade id="UEDWeaponsLevel3" parent="TerranInfantryWeapons">
        <Name value="Upgrade/Name/UEDWeaponsLevel3"/>
        <InfoTooltipPriority value="0"/>
        <Icon value="Assets\weapon-trooper-icon-upgrade-3.dds"/>
        <Race value="UED"/>
        <ScoreAmount value="500"/>
        <EffectArray index="0" Reference="Effect,TaranisDamage,Amount" Value="1"/>
        <EffectArray index="1" Operation="Set" Reference="Weapon,StrikeTrooperRifle,Icon" Value="Assets\weapon-trooper-icon-upgrade-3.dds"/>
        <EffectArray index="2" Reference="Weapon,StrikeTrooperRifle,Level" Value="1"/>
        <EffectArray index="3" Reference="Effect,StrikeTrooperRifle,Amount" Value="1"/>
        <EffectArray index="4" Operation="Set" Reference="Weapon,MCHL4GrenadeLauncher,Icon" Value="Assets\weapon-trooper-icon-upgrade-3.dds"/>
        <EffectArray index="5" Reference="Weapon,MCHL4GrenadeLauncher,Level" Value="1"/>
        <EffectArray index="6" Reference="Weapon,LSC330GaussCarabine,Level" Value="1"/>
        <EffectArray index="7" Operation="Set" Reference="Weapon,LSC330GaussCarabine,Icon" Value="Assets\weapon-trooper-icon-upgrade-3.dds"/>
        <EffectArray index="8" Reference="Effect,C10CanisterRifle2,Amount" Value="1"/>
        <EffectArray index="9" Reference="Weapon,Type769BattleRifle2,Level" Value="1"/>
        <EffectArray index="10" Operation="Set" Reference="Weapon,Type769BattleRifle2,Icon" Value="Assets\weapon-trooper-icon-upgrade-3.dds"/>
        <EffectArray index="11" Reference="Effect,WarHound222,Amount" Value="1"/>
        <EffectArray Reference="Weapon,HighPoweredShot,Level" Value="1"/>
        <EffectArray Operation="Set" Reference="Weapon,HighPoweredShot,Icon" Value="Assets\weapon-trooper-icon-upgrade-3.dds"/>
        <EffectArray Reference="Effect,HighPoweredShot,Amount" Value="1"/>
        <EffectArray Operation="Set" Reference="Weapon,CombustiveGob,Icon" Value="Assets\weapon-trooper-icon-upgrade-3.dds"/>
        <EffectArray Reference="Weapon,CombustiveGob,Level" Value="1"/>
        <EffectArray Reference="Effect,AcidSalivaU2,Amount" Value="1"/>
        <EffectArray Reference="Effect,TaranisScreecherMissilesCarpetBombDamage,Amount" Value="1"/>
        <EditorCategories value="Race:UED,UpgradeType:AttackBonus"/>
        <AffectedUnitArray index="0" value="StrikeTrooper"/>
        <AffectedUnitArray index="1" value="Lazarus"/>
        <AffectedUnitArray index="2" value="Taranis"/>
        <AffectedUnitArray index="3" value="Salvager"/>
        <AffectedUnitArray value="PoliticalAdvisor"/>
        <AffectedUnitArray value="Garmr"/>
        <LeaderLevel value="3"/>
    </CUpgrade>
    <CUpgrade id="UEDAdvisorUpgradeBecauseEditorIsFunctionalHelp">
        <Icon value="Assets\UI\Interface\ui_leaderpanel_buttonhover_UED.dds"/>
        <Alert value=""/>
        <Race value="UED"/>
        <EffectArray Operation="Set" Reference="Sound,Alert_GamePaused_Terr,AssetArray[0].File" Value="Assets\Sounds\UED_Oroboros\Oroboros_Pause.ogg"/>
        <EffectArray Operation="Set" Reference="Sound,Alert_GameResumed_Terr,AssetArray[0].File" Value="Assets\Sounds\UED_Oroboros\Oroboros_Resume.ogg"/>
        <EffectArray Operation="Set" Reference="Sound,Alert_TerranAllyBaseUnderAttack,AssetArray[0].File" Value="Assets\Sounds\UED_Oroboros\Oroboros_AlliedBaseAttacked.ogg"/>
        <EffectArray Operation="Set" Reference="Sound,Alert_TerranAllyUnderAttack,AssetArray[0].File" Value="Assets\Sounds\UED_Oroboros\Oroboros_AlliesAttacked.ogg"/>
        <EffectArray Operation="Set" Reference="Sound,Alert_TerranAtMaximumSupply,AssetArray[0].File" Value="Assets\Sounds\UED_Oroboros\Oroboros_MaxForces.ogg"/>
        <EffectArray Operation="Set" Reference="Sound,Alert_TerranBaseUnderAttack,AssetArray[0].File" Value="Assets\Sounds\UED_Oroboros\Oroboros_BaseUnderAttack.ogg"/>
        <EffectArray Operation="Set" Reference="Sound,Alert_TerranBuildError,AssetArray[0].File" Value="Assets\Sounds\UED_Oroboros\Oroboros_BuildError.ogg"/>
        <EffectArray Operation="Set" Reference="Sound,Alert_TerranCalldownLaunch,AssetArray[0].File" Value="Assets\Sounds\UED_Oroboros\Oroboros_NukeLaunched.ogg"/>
        <EffectArray Operation="Set" Reference="Sound,SCV_CantBuildAlert,AssetArray[0].File" Value="Assets\Sounds\UED_Oroboros\Oroboros_BuildError.ogg"/>
        <EffectArray Operation="Set" Reference="Sound,e_cmdCantBuildOnThat,AssetArray[0].File" Value="Assets\Sounds\UED_Oroboros\Oroboros_BuildErrorVespene.ogg"/>
        <EffectArray Operation="Set" Reference="Sound,e_cmdCantBuildTooCloseToCreepSource_Terr,AssetArray[0].File" Value="Assets\Sounds\UED_Oroboros\Oroboros_BuildError.ogg"/>
        <EffectArray Operation="Set" Reference="Sound,e_cmdCantBuildTooCloseToDropOff,AssetArray[0].File" Value="Assets\Sounds\UED_Oroboros\Oroboros_BuildErrorBlocked.ogg"/>
        <EffectArray Operation="Set" Reference="Sound,e_cmdCouldntReachTarget_Terr,AssetArray[0].File" Value="Assets\Sounds\UED_Oroboros\Oroboros_BuildErrorBlocked.ogg"/>
        <EffectArray Operation="Set" Reference="Sound,e_cmdCantBuildTooCloseToResources,AssetArray[0].File" Value="Assets\Sounds\UED_Oroboros\Oroboros_BuildErrorBlocked.ogg"/>
        <EffectArray Operation="Set" Reference="Sound,Alert_TerranEconomyUnderAttack,AssetArray[0].File" Value="Assets\Sounds\UED_Oroboros\Oroboros_EconomyAttacked.ogg"/>
        <EffectArray Operation="Set" Reference="Sound,e_cmdCantBuildTooFarFromWater,AssetArray[0].File" Value="Assets\Sounds\UED_Oroboros\Oroboros_BuildErrorBlocked.ogg"/>
        <EffectArray Operation="Set" Reference="Sound,Alert_TerranForcesUnderAttack,AssetArray[0].File" Value="Assets\Sounds\UED_Oroboros\Oroboros_ForcesAttacked.ogg"/>
        <EffectArray Operation="Set" Reference="Sound,e_cmdCantFinishBuildingLocationBlocked,AssetArray[0].File" Value="Assets\Sounds\UED_Oroboros\Oroboros_BuildError.ogg"/>
        <EffectArray Operation="Set" Reference="Sound,SCV_AlertJobFinished,AssetArray[0].File" Value="Assets\Sounds\UED_Oroboros\Oroboros_ConstructionComplete.ogg"/>
        <EffectArray Operation="Set" Reference="Sound,e_cmdCantSeeBuildLocation,AssetArray[0].File" Value="Assets\Sounds\UED_Oroboros\Oroboros_BuildErrorBlocked.ogg"/>
        <EffectArray Operation="Set" Reference="Sound,Alert_TerranMaxSupply,AssetArray[0].File" Value="Assets\Sounds\UED_Oroboros\Oroboros_MaxForces.ogg"/>
        <EffectArray Operation="Set" Reference="Sound,e_cmdNotEnoughFood,AssetArray[0].File" Value="Assets\Sounds\UED_Oroboros\Oroboros_Logistics.ogg"/>
        <EffectArray Operation="Set" Reference="Sound,e_cmdNotEnoughVespene,AssetArray[0].File" Value="Assets\Sounds\UED_Oroboros\Oroboros_Vespene.ogg"/>
        <EffectArray Operation="Set" Reference="Sound,e_cmdNotEnoughMinerals,AssetArray[0].File" Value="Assets\Sounds\UED_Oroboros\Oroboros_Minerals.ogg"/>
        <EffectArray Operation="Set" Reference="Sound,Alert_TerranNeedMoreMinerals,AssetArray[0].File" Value="Assets\Sounds\UED_Oroboros\Oroboros_Minerals.ogg"/>
        <EffectArray Operation="Set" Reference="Sound,Alert_TerranNeedMoreGas,AssetArray[0].File" Value="Assets\Sounds\UED_Oroboros\Oroboros_Vespene.ogg"/>
        <EffectArray Operation="Set" Reference="Sound,e_cmdNotEnoughEnergy,AssetArray[0].File" Value="Assets\Sounds\UED_Oroboros\Orogoros_Energy.ogg"/>
        <EffectArray Operation="Set" Reference="Sound,Alert_TerranNotEnoughEnergy,AssetArray[0].File" Value="Assets\Sounds\UED_Oroboros\Orogoros_Energy.ogg"/>
        <EffectArray Operation="Set" Reference="Sound,Alert_TerranPlaceOnVespeneGeyser,AssetArray[0].File" Value="Assets\Sounds\UED_Oroboros\Oroboros_BuildError.ogg"/>
        <EffectArray Operation="Set" Reference="Sound,Alert_TerranResearchComplete,AssetArray[0].File" Value="Assets\Sounds\UED_Oroboros\Oroboros_Research.ogg"/>
        <EffectArray Operation="Set" Reference="Sound,Alert_TerranUpgradeComplete,AssetArray[0].File" Value="Assets\Sounds\UED_Oroboros\Oroboros_Upgrade.ogg"/>
        <EffectArray Operation="Set" Reference="Sound,Alert_TerranVespeneGeyserExhausted,AssetArray[0].File" Value="Assets\Sounds\UED_Oroboros\Oroboros_VespeneExhausted.ogg"/>
        <EffectArray Operation="Set" Reference="Sound,Alert_TerranMineralsDepleted,AssetArray[0].File" Value="Assets\Sounds\UED_Oroboros\Oroboros_MineralsExhausted.ogg"/>
        <EffectArray Operation="Set" Reference="Sound,Alert_TerranNeedMoreFood,AssetArray[0].File" Value="Assets\Sounds\UED_Oroboros\Oroboros_Logistics.ogg"/>
        <EffectArray Operation="Set" Reference="Sound,Adjutant_NotEnoughFoodPreview,AssetArray[0].File" Value="Assets\Sounds\UED_Oroboros\Oroboros_Logistics.ogg"/>
        <EffectArray Operation="Set" Reference="Sound,SCV_CantBuildAlert,AssetArray[1].File" Value="Assets\Sounds\UED_Oroboros\Oroboros_BuildErrorBlocked.ogg"/>
        <EffectArray Operation="Set" Reference="Sound,SCV_CantBuildAlert,AssetArray[2].File" Value="Assets\Sounds\UED_Oroboros\Oroboros_BuildErrorBlocked.ogg"/>
        <EditorCategories value="Race:UED,UpgradeType:Talents"/>
    </CUpgrade>
    <CUpgrade id="UEDBannerUpgrade">
        <Icon value="Assets\UI\Interface\ui_leaderpanel_buttonhover_UED.dds"/>
        <Alert value=""/>
        <Race value="UED"/>
        <EditorCategories value="Race:UED,UpgradeType:Talents"/>
    </CUpgrade>
</Catalog>
