<?xml version="1.0" encoding="utf-8"?>
<Catalog>
    <CValidatorUnitCompareBehaviorCount id="ValidateUnitInDrakkar">
        <ResultFailed value="Error,Error/TargetIsAlive"/>
        <Compare value="GT"/>
        <Behavior value="DrakkarAlgoritmUnit"/>
    </CValidatorUnitCompareBehaviorCount>
    <CValidatorCombine id="ValidateNotUltralisk">
        <CombineArray value="IsUltralisk"/>
        <Negate value="1"/>
    </CValidatorCombine>
    <CValidatorUnitCompareBehaviorCount id="ValidateLazarusRegenHealf">
        <ResultFailed value="Error,Error/TargetIsAlive"/>
        <Behavior value="AlgoritmVoskreshenie2Times"/>
    </CValidatorUnitCompareBehaviorCount>
    <CValidatorUnitCompareBehaviorCount id="ValidateNoDie">
        <ResultFailed value="Error,Error/TargetIsAlive"/>
        <Behavior value="Incapacitated"/>
    </CValidatorUnitCompareBehaviorCount>
    <CValidatorCombine id="ValidateForHiddenAdvisorAbility">
        <CombineArray value="NotHidden"/>
        <CombineArray value="ValidateUnitInDrakkar"/>
    </CValidatorCombine>
    <CValidatorLocationEnumArea id="ValidateTowerMiningGasilka">
        <ResultFailed value="CantLandTooCloseToResources"/>
        <AreaArray Compare="LT" Count="1" Radius="0.5"/>
        <Compare value="LT"/>
        <Count value="1"/>
        <SearchFlags index="ExtendByUnitRadius" value="1"/>
        <SearchFilters value="RawResource;Player,Ally,Enemy"/>
    </CValidatorLocationEnumArea>
    <CValidatorUnitCompareBehaviorCount id="ValidateVklTowerMining">
        <WhichUnit Value="Caster"/>
        <Compare value="GT"/>
        <Behavior value="AlgoritmIrradiationFieldBeatan"/>
    </CValidatorUnitCompareBehaviorCount>
    <CValidatorUnitOrderQueue id="ValidateCasterIsAttackStandard">
        <WhichUnit Value="Target"/>
        <AbilLink value="attack"/>
    </CValidatorUnitOrderQueue>
    <CValidatorLocationEnumArea id="ValidateComandCentrInRadius10UED">
        <ResultFailed value="CantFindEnoughTargets,Error/NoOperationsHeadquarters"/>
        <AreaArray>
            <Compare value="GE"/>
            <Count value="1"/>
            <Radius value="10"/>
            <Validator value="ValidateComandCentreEndBueldUED"/>
        </AreaArray>
        <SearchFlags index="ExtendByUnitRadius" value="1"/>
        <SearchFilters value="Ground,Visible;Ally,Neutral,Enemy,Missile,Dead,Hidden"/>
    </CValidatorLocationEnumArea>
    <CValidatorCombine id="ValidateComandCentreEndBueldUED">
        <Type value="And"/>
        <CombineArray value="IsNotConstructing"/>
        <CombineArray value="ValidateComandCentrUED"/>
    </CValidatorCombine>
    <CValidatorUnitType id="ValidateComandCentrUED">
        <Value value="OperationHeadquarters"/>
    </CValidatorUnitType>
    <CValidatorUnitCompareBehaviorCount id="ValidateHaveInvisDronUED">
        <Compare value="GT"/>
        <Behavior value="AlgoritmCloakingDroneUED"/>
    </CValidatorUnitCompareBehaviorCount>
    <CValidatorUnitCompareBehaviorCount id="ValidateNoDronInvis">
        <ResultFailed value="Error,Error/CloakingDroneAndGravityShieldNotCompatible"/>
        <Behavior value="AlgoritmCloakingDroneUED"/>
    </CValidatorUnitCompareBehaviorCount>
    <CValidatorUnitCompareBehaviorCount id="ValidateCountDruseMaks">
        <WhichUnit Value="Caster"/>
        <Compare value="LT"/>
        <Value value="4"/>
        <Behavior value="AlgoritmKolichestvoDruse"/>
    </CValidatorUnitCompareBehaviorCount>
    <CValidatorUnitCompareBehaviorCount id="ValidateNoFieldBeatan">
        <Behavior value="AlgoritmDruseBeatanField"/>
    </CValidatorUnitCompareBehaviorCount>
    <CValidatorUnitCompareBehaviorCount id="ValidateForBeginTowerSetInvis">
        <Behavior value="Precursor"/>
    </CValidatorUnitCompareBehaviorCount>
    <CValidatorUnitCompareBehaviorCount id="ValidateNoGravitationShield">
        <ResultFailed value="Error,Error/CloakingDroneAndGravityShieldNotCompatible"/>
        <Behavior value="ProjectedGravityShield"/>
    </CValidatorUnitCompareBehaviorCount>
    <CValidatorCombine id="ValidateCloackDronAttackBan">
        <Type value="And"/>
        <CombineArray value="ValidateCasterIsAttackUED"/>
        <CombineArray value="ValidateCasterIsAttackStandard"/>
        <Negate value="1"/>
    </CValidatorCombine>
    <CValidatorCombine id="ValidateForContinueFieldBeatan">
        <Type value="And"/>
        <CombineArray value="ValidateCasterLiveNotHidden"/>
        <CombineArray value="ValidateMineralDruseLive"/>
        <CombineArray value="ValidateVklTowerMining"/>
    </CValidatorCombine>
    <CValidatorUnitFilters id="ValidateFiltrGroundUnitForTafoon">
        <Filters value="Ground;Air,Missile,Stasis,Hidden,Unstoppable"/>
    </CValidatorUnitFilters>
    <CValidatorUnitFilters id="ValidateCasterLiveNotHidden">
        <WhichUnit Value="Caster"/>
        <Filters value="-;Ally,Neutral,Enemy,Dead,Hidden"/>
    </CValidatorUnitFilters>
    <CValidatorUnitFilters id="ValidateMineralDruseLive">
        <Filters value="HarvestableResource;Player,Ally,Enemy,Dead"/>
    </CValidatorUnitFilters>
    <CValidatorUnitCompareOrderCount id="ArsenalIsMorphing2">
        <AbilLink value="UpgradeToHeavyTower"/>
        <Value value="1"/>
    </CValidatorUnitCompareOrderCount>
    <CValidatorUnitCompareOrderCount id="ArsenalIsMorphing3">
        <AbilLink value="UpgradeToMissileTower"/>
        <Value value="1"/>
    </CValidatorUnitCompareOrderCount>
    <CValidatorUnitCompareOrderCount id="ArsenalIsMorphing4">
        <AbilLink value="UpgradeToSuppressionTower"/>
        <Value value="1"/>
    </CValidatorUnitCompareOrderCount>
    <CValidatorUnitCompareOrderCount id="ArsenalNotMorphing">
        <AbilLink value="UpgradeToInfusionTower"/>
    </CValidatorUnitCompareOrderCount>
    <CValidatorUnitCompareOrderCount id="ArsenalIsMorphing1">
        <AbilLink value="UpgradeToInfusionTower"/>
        <Value value="1"/>
    </CValidatorUnitCompareOrderCount>
    <CValidatorUnitOrderQueue id="ValidateCasterIsAttackUED">
        <WhichUnit Value="Target"/>
        <AbilLink value="attackUED"/>
    </CValidatorUnitOrderQueue>
    <CValidatorUnitCompareField id="DisguiseAsStrikeTrooper">
        <Field value="Race"/>
        <Value value="ued"/>
    </CValidatorUnitCompareField>
    <CValidatorCombine id="HasAntiGravUED">
        <Type value="And"/>
        <CombineArray value="HasEitherAntiGrav"/>
        <CombineArray value="IsUED"/>
    </CValidatorCombine>
    <CValidatorUnitCompareBehaviorCount id="ValidateResurrected">
        <ResultFailed value="Error,Error/RecentlyResurrected"/>
        <Behavior value="AlgoritmResurrected"/>
    </CValidatorUnitCompareBehaviorCount>
    <CValidatorUnitCompareBehaviorCount id="ValidateDie">
        <ResultFailed value="Error,Error/TargetIsAlive"/>
        <Compare value="GT"/>
        <Behavior value="Incapacitated"/>
    </CValidatorUnitCompareBehaviorCount>
    <CValidatorUnitCompareResourceContents id="HasMinerals">
        <ResultFailed value="CantBuildOnThat"/>
        <ResultNoUnit value="OKPlaceholder"/>
        <Compare value="GT"/>
    </CValidatorUnitCompareResourceContents>
    <CValidatorPlayerRequirement id="HaveNuclearWarheadsHonorguard">
        <Find value="1"/>
        <Value value="HaveNuclearWarheadsHonorguard"/>
    </CValidatorPlayerRequirement>
    <CValidatorPlayerRequirement id="HaveIcarusCatalyst">
        <Find value="1"/>
        <Value value="UseIcarusCatalyst"/>
    </CValidatorPlayerRequirement>
    <CValidatorUnitType id="IsSalvager">
        <Value value="Salvager"/>
    </CValidatorUnitType>
    <CValidatorUnitCompareField id="IsUED">
        <Field value="Race"/>
        <Value value="ued"/>
    </CValidatorUnitCompareField>
    <CValidatorUnitCompareBehaviorCount id="NotSupplyDrop2">
        <ResultFailed value="MustTargetStructures,Error/TowerAlreadyDeployed"/>
        <Behavior value="EnrichmentField"/>
    </CValidatorUnitCompareBehaviorCount>
    <CValidatorUnitCompareBehaviorCount id="NotSupplyDropEnRoute2">
        <ResultFailed value="MustTargetStructures,Error/TowerAlreadyDeployed"/>
        <Behavior value="SupplyDropEnRoute2"/>
    </CValidatorUnitCompareBehaviorCount>
    <CValidatorUnitCompareBehaviorCount id="IsDeadUEDInfantry">
        <ResultFailed value="MustTargetUnit,Error/MustTargetDeadUED"/>
        <Value value="1"/>
        <Behavior value="GlazeTrooperDown"/>
    </CValidatorUnitCompareBehaviorCount>
    <CValidatorUnitFilters id="UEDIsUnderConstruction">
        <Filters value="UnderConstruction;-"/>
    </CValidatorUnitFilters>
    <CValidatorCombine id="UEDHealFilters">
        <CombineArray value="FriendlyTarget"/>
        <CombineArray value="TargetIsSelf"/>
    </CValidatorCombine>
    <CValidatorCombine id="UEDResoursesFilters">
        <CombineArray value="FriendlyTarget"/>
        <CombineArray value="IsSalvager"/>
    </CValidatorCombine>
    <CValidatorCombine id="UltraliskBurrowChargeRangeFinder">
        <!--Type value="And"/-->
        <CombineArray value="UltraliskBurrowChargeRangeFinderMaxRange"/>
        <CombineArray value="UltraliskOutOfCombat3"/>
        <!--Negate value="1"/-->
    </CValidatorCombine>
    <CValidatorCombine id="ArsenalIsMorphingCombine">
        <CombineArray value="ArsenalIsMorphing1"/>
        <CombineArray value="ArsenalIsMorphing2"/>
        <CombineArray value="ArsenalIsMorphing3"/>
        <CombineArray value="ArsenalIsMorphing4"/>
    </CValidatorCombine>
    <CValidatorUnitCompareBehaviorCount id="UltraliskHasntRecentlyAttacked">
        <WhichUnit Value="Caster"/>
        <Behavior value="UltraliskBurrowChargeHold"/>
    </CValidatorUnitCompareBehaviorCount>
</Catalog>
