<?xml version="1.0" encoding="utf-8"?>
<Catalog>
    <CWeaponLegacy id="DrakkarLSC330GaussCarabine2">
        <EditorCategories value="Race:UED"/>
        <Options index="Disabled" value="1"/>
        <Options index="Hidden" value="1"/>
        <Options index="OnlyFireWhileInAttackOrder" value="0"/>
        <Options index="OnlyFireAtAttackOrderTarget" value="0"/>
        <Options index="LinkedCooldown" value="0"/>
        <Options index="RequireEnabledAttackAbil" value="0"/>
        <Icon value="Assets\weapon-trooper-icon-upgrade-0.dds"/>
        <DisplayEffect value="C10CanisterRifle2"/>
        <TargetFilters value="Ground,Visible;Missile,Stasis,Dead,Hidden,Invulnerable"/>
        <MinScanRange value="5.5"/>
        <Period value="1.96"/>
        <DamagePoint value="0.083"/>
        <Backswing value="1.167"/>
        <Effect value="C10CanisterRifle2"/>
        <AllowedMovement value="Moving"/>
    </CWeaponLegacy>
    <CWeaponLegacy id="DrakkarMCHL4GrenadeLauncher2">
        <EditorCategories value="Race:UED"/>
        <Options index="Disabled" value="1"/>
        <Options index="Hidden" value="1"/>
        <Options index="OnlyFireWhileInAttackOrder" value="0"/>
        <Options index="OnlyFireAtAttackOrderTarget" value="0"/>
        <Options index="LinkedCooldown" value="0"/>
        <Options index="RequireEnabledAttackAbil" value="0"/>
        <Icon value="Assets\weapon-trooper-icon-upgrade-0.dds"/>
        <DisplayEffect value="TaranisDamage"/>
        <DisplayAttackCount value="2"/>
        <TargetFilters value="Ground,Visible;Missile,Stasis,Dead,Hidden,Invulnerable"/>
        <MinScanRange value="5.5"/>
        <Marker>
            <MatchFlags index="Id" value="1"/>
        </Marker>
        <Period value="2.5"/>
        <Effect value="TaranisCP"/>
        <LegacyOptions index="KeepChanneling" value="1"/>
        <AllowedMovement value="Moving"/>
    </CWeaponLegacy>
    <CWeaponLegacy id="NapoleonCannon">
        <EditorCategories value="Race:UED"/>
        <Icon value="Assets\weapon-tank-icon-upgrade-0.dds"/>
        <DisplayEffect value="157mmGaussCannon"/>
        <TargetFilters value="Ground,Visible;Missile,Stasis,Dead,Hidden,Invulnerable"/>
        <MinScanRange value="6.5"/>
        <Range value="6"/>
        <Arc value="360"/>
        <Period value="1.25"/>
        <Effect value="157mmGaussCannon"/>
        <Options index="OnlyFireWhileInAttackOrder" value="0"/>
        <Options index="OnlyFireAtAttackOrderTarget" value="0"/>
        <AllowedMovement value="Moving"/>
    </CWeaponLegacy>
    <CWeaponLegacy id="CitadelCannon">
        <EditorCategories value="Race:UED"/>
        <Options index="OnlyFireAtAttackOrderTarget" value="0"/>
        <Icon value="Assets\weapon-tank-icon-upgrade-0.dds"/>
        <DisplayEffect value="90mmCannons22"/>
        <TargetFilters value="Ground,Visible;Missile,Stasis,Dead,Hidden,Invulnerable"/>
        <MinScanRange value="7.5"/>
        <Range value="7"/>
        <Arc value="1.4941"/>
        <Period value="1.89"/>
        <Effect value="90mmCannons22"/>
    </CWeaponLegacy>
    <CWeaponLegacy id="90mmCannons23">
        <EditorCategories value="Race:UED"/>
        <Icon value="Assets\Textures\btn-upgrade-terran-hisecautotracking.dds"/>
        <TargetFilters value="Ground,Visible;Missile,Stasis,Dead,Hidden,Invulnerable"/>
        <MinScanRange value="7.5"/>
        <Range value="7"/>
        <Arc value="1.4941"/>
        <Period value="1.3"/>
    </CWeaponLegacy>
    <CWeaponLegacy id="NapoleonMachineGun">
        <EditorCategories value="Race:UED"/>
        <Options index="OnlyFireWhileInAttackOrder" value="0"/>
        <Options index="OnlyFireAtAttackOrderTarget" value="0"/>
        <Options index="LinkedCooldown" value="0"/>
        <Icon value="Assets\weapon-tank-icon-upgrade-0.dds"/>
        <DisplayEffect value="Coaxial145mmMachineGun"/>
        <TargetFilters value="Ground,Visible;Air,Missile,Stasis,Dead,Hidden,Invulnerable"/>
        <Range value="6"/>
        <Period value="0.8"/>
        <Effect value="Coaxial145mmMachineGun"/>
        <AllowedMovement value="Moving"/>
    </CWeaponLegacy>
    <CWeaponLegacy id="CombustiveGob">
        <EditorCategories value="Race:UED"/>
        <Icon value="Assets\weapon-trooper-icon-upgrade-0.dds"/>
        <DisplayEffect value="AcidSalivaU2"/>
        <TargetFilters value="Ground,Visible;Missile,Stasis,Dead,Hidden,Invulnerable"/>
        <MinScanRange value="6"/>
        <Range value="0.1"/>
        <Period value="1.25"/>
        <Effect value="AcidSalivaLM2"/>
    </CWeaponLegacy>
    <CWeaponLegacy id="Huracan">
        <EditorCategories value="Race:UED"/>
        <Icon value="Assets\weapon-tank-icon-upgrade-0.dds"/>
        <DisplayEffect value="FirebatUFull"/>
        <TargetFilters value="Ground,Visible;Missile,Stasis,Dead,Hidden,Invulnerable"/>
        <MinScanRange value="5.5"/>
        <Range value="1.5"/>
        <Marker>
            <MatchFlags index="Id" value="1"/>
        </Marker>
        <Period value="0.7"/>
        <DamagePoint value="0.2"/>
        <Effect value="FirebatSet"/>
    </CWeaponLegacy>
    <CWeaponLegacy id="Huracan2">
        <EditorCategories value="Race:UED"/>
        <Icon value="Assets\weapon-tank-icon-upgrade-0.dds"/>
        <DisplayEffect value="FirebatUFull2"/>
        <TargetFilters value="Ground,Structure,Visible;Missile,Stasis,Dead,Hidden,Invulnerable"/>
        <MinScanRange value="3.5"/>
        <Range value="0.5"/>
        <Marker>
            <MatchFlags index="Id" value="1"/>
        </Marker>
        <Period value="0.27"/>
        <DamagePoint value="0.5"/>
        <Effect value="FirebatSet2"/>
    </CWeaponLegacy>
    <CWeaponLegacy id="DrakkarStrikeTrooperRifle">
        <EditorCategories value="Race:UED"/>
        <Options index="Disabled" value="1"/>
        <Options index="Hidden" value="1"/>
        <Options index="OnlyFireWhileInAttackOrder" value="0"/>
        <Options index="OnlyFireAtAttackOrderTarget" value="0"/>
        <Options index="LinkedCooldown" value="0"/>
        <Options index="RequireEnabledAttackAbil" value="0"/>
        <Icon value="Assets\weapon-trooper-icon-upgrade-0.dds"/>
        <DisplayEffect value="StrikeTrooperRifle"/>
        <TargetFilters value="Ground,Visible;Missile,Stasis,Dead,Hidden,Invulnerable"/>
        <MinScanRange value="5.5"/>
        <Period value="0.9"/>
        <DamagePoint value="0.05"/>
        <Backswing value="0.75"/>
        <Effect value="StrikeTrooperRifle"/>
        <AllowedMovement value="Moving"/>
    </CWeaponLegacy>
    <CWeaponLegacy id="Type769BattleRifle">
        <EditorCategories value="Race:UED"/>
        <Icon value="Assets\weapon-trooper-icon-upgrade-0.dds"/>
        <DisplayEffect value="C10CanisterRifle3"/>
        <TargetFilters value="Visible;Missile,Stasis,Dead,Hidden,Invulnerable"/>
        <MinScanRange value="6.5"/>
        <Range value="6"/>
        <Period value="1.5"/>
        <DamagePoint value="0.083"/>
        <Backswing value="1.167"/>
        <Effect value="C10CanisterRifle3"/>
    </CWeaponLegacy>
    <CWeaponLegacy id="LaserDefenseCannon">
        <EditorCategories value="Race:UED"/>
        <Icon value="Assets\Textures\btn-upgrade-terran-hisecautotracking.dds"/>
        <DisplayEffect value="ATSLaserBatteryU3"/>
        <TargetFilters value="Ground,Visible;Missile,Stasis,Dead,Hidden,Invulnerable"/>
        <AcquirePrioritization value="ByAngle"/>
        <MinScanRange value="7"/>
        <Range value="7"/>
        <Arc value="1.4941"/>
        <Cost>
            <Cooldown Location="Unit" TimeUse="0.225"/>
        </Cost>
        <Period value="0.63"/>
        <Effect value="ATSLaserBatteryLM3"/>
        <RandomDelayMin value="0"/>
        <RandomDelayMax value="0"/>
    </CWeaponLegacy>
    <CWeaponLegacy id="BacklashRockets2">
        <EditorCategories value="Race:UED"/>
        <Icon value="Assets\weapon-tank-icon-upgrade-0.dds"/>
        <DisplayEffect value="BacklashRocketsU2"/>
        <DisplayAttackCount value="1"/>
        <TargetFilters value="Ground,Visible;Missile,Stasis,Dead,Hidden,Invulnerable"/>
        <MinScanRange value="6.5"/>
        <Range value="6"/>
        <Marker>
            <MatchFlags index="Id" value="1"/>
        </Marker>
        <Period value="0.312"/>
        <AllowedMovement value="Slowing"/>
        <Options index="OnlyFireWhileInAttackOrder" value="0"/>
        <Options index="OnlyFireAtAttackOrderTarget" value="0"/>
        <Arc value="360"/>
        <Effect value="BacklashRocketsLM2"/>
    </CWeaponLegacy>
    <CWeaponLegacy id="BattlecruiserWeaponSwitch2">
        <EditorCategories value="Race:UED"/>
        <Options index="Hidden" value="1"/>
        <Options index="OnlyFireWhileInAttackOrder" value="0"/>
        <Options index="OnlyFireAtAttackOrderTarget" value="0"/>
        <Options index="LinkedCooldown" value="0"/>
        <Options index="IgnoreThreat" value="1"/>
        <Options index="IgnoreAttackPriority" value="1"/>
        <Icon value="Assets\Textures\btn-upgrade-terran-shipweaponslevel0.dds"/>
        <DisplayEffect value="ATSLaserBatteryU2"/>
        <TargetFilters value="Visible;Missile,Stasis,Dead,Hidden,Invulnerable"/>
        <AcquireTargetSorts>
            <SortArray value="TSTrackedByBattlecruiser"/>
            <SortArray value="TSThreatenBattlecruiser"/>
            <SortArray value="TSPriorityDesc"/>
            <SortArray value="TSTransientBattlecruiser"/>
            <SortArray value="GroundTarget"/>
        </AcquireTargetSorts>
        <Range value="6"/>
        <Arc value="360"/>
        <Marker Count="0" Link="Effect/BattlecruiserAttackTrackerCP">
            <MatchFlags index="CasterUnit" value="1"/>
        </Marker>
        <Period value="0.225"/>
        <Effect value="BattlecruiserDamageSet2"/>
        <AllowedMovement value="Moving"/>
        <RandomDelayMin value="0"/>
        <RandomDelayMax value="0"/>
    </CWeaponLegacy>
    <CWeaponLegacy id="BoomerangMissileLaunchers">
        <EditorCategories value="Race:UED"/>
        <Options index="LinkedCooldown" value="0"/>
        <Icon value="Assets\weapon-tank-icon-upgrade-0.dds"/>
        <DisplayEffect value="LiberatorMissileDamage3"/>
        <DisplayAttackCount value="11"/>
        <TargetFilters value="Visible;Missile,Stasis,Dead,Hidden,Invulnerable"/>
        <Period value="4.25"/>
        <Effect value="LiberatorMissileBurstPersistent3"/>
        <MinScanRange value="4.499"/>
        <Range value="4.499"/>
        <AllowedMovement value="Slowing"/>
    </CWeaponLegacy>
    <CWeaponLegacy id="LSC330GaussCarabine">
        <EditorCategories value="Race:UED"/>
        <Icon value="Assets\weapon-trooper-icon-upgrade-0.dds"/>
        <DisplayEffect value="C10CanisterRifle2"/>
        <TargetFilters value="Visible;Missile,Stasis,Dead,Hidden,Invulnerable"/>
        <MinScanRange value="6.5"/>
        <Range value="7"/>
        <Period value="1.96"/>
        <DamagePoint value="0.083"/>
        <Backswing value="1.167"/>
        <Effect value="C10CanisterRifle2"/>
        <AllowedMovement value="Slowing"/>
    </CWeaponLegacy>
    <CWeaponLegacy id="StrikeTrooperRifle">
        <EditorCategories value="Race:UED"/>
        <Icon value="Assets\weapon-trooper-icon-upgrade-0.dds"/>
        <TargetFilters value="Visible;Missile,Stasis,Dead,Hidden,Invulnerable"/>
        <MinScanRange value="5.5"/>
        <Period value="0.9"/>
        <DamagePoint value="0.05"/>
        <Backswing value="0.75"/>
        <AllowedMovement value="Slowing"/>
    </CWeaponLegacy>
    <CWeaponLegacy id="LanzerTorpedoes2">
        <EditorCategories value="Race:UED"/>
        <Icon value="Assets\weapon-tank-icon-upgrade-0.dds"/>
        <DisplayEffect value="LanzerTorpedoesDamage2"/>
        <DisplayAttackCount value="2"/>
        <TargetFilters value="Air,Visible;Missile,Stasis,Dead,Hidden,Invulnerable"/>
        <Range value="6"/>
        <Period value="2.2"/>
        <AllowedMovement value="Slowing"/>
        <MinScanRange value="6.5"/>
    </CWeaponLegacy>
    <CWeaponLegacy id="HALOMissiles">
        <EditorCategories value="Race:UED"/>
        <Icon value="Assets\weapon-tank-icon-upgrade-0.dds"/>
        <DisplayEffect value="ValkyrieMissileDamage"/>
        <DisplayAttackCount value="5"/>
        <TargetFilters value="Air,Visible;Missile,Stasis,Dead,Hidden,Invulnerable"/>
        <Period value="3.2"/>
        <Effect value="ValkyrieMissileBurstPersistent"/>
        <AllowedMovement value="Slowing"/>
        <MinScanRange value="6.5"/>
        <Range value="5.5"/>
    </CWeaponLegacy>
    <CWeaponLegacy id="HALOMissiles2">
        <EditorCategories value="Race:UED"/>
        <Icon value="Assets\Textures\btn-upgrade-terran-hisecautotracking.dds"/>
        <DisplayEffect value="LongboltMissileU2"/>
        <DisplayAttackCount value="4"/>
        <TargetFilters value="Air,Visible;Missile,Stasis,Dead,Hidden,Invulnerable"/>
        <Range value="7"/>
        <RangeSlop value="0"/>
        <Period value="2"/>
        <Effect value="LongboltMissile2"/>
    </CWeaponLegacy>
    <CWeaponLegacy id="PhaserArray">
        <EditorCategories value="Race:UED"/>
        <Options index="Melee" value="1"/>
        <Icon value="Assets\weapon-trooper-icon-upgrade-0.dds"/>
        <TargetFilters value="Ground,Visible;Missile,Stasis,Dead,Hidden,Invulnerable"/>
        <Range value="0.1"/>
        <Period value="1.5"/>
    </CWeaponLegacy>
    <CWeaponLegacy id="DrakkarMachineGun">
        <EditorCategories value="Race:UED"/>
        <Options index="OnlyFireWhileInAttackOrder" value="0"/>
        <Options index="OnlyFireAtAttackOrderTarget" value="0"/>
        <Options index="LinkedCooldown" value="0"/>
        <Icon value="Assets\weapon-tank-icon-upgrade-0.dds"/>
        <DisplayEffect value="TwinGatlingCannons2"/>
        <TargetFilters value="Ground,Visible;Missile,Stasis,Dead,Hidden,Invulnerable"/>
        <MinScanRange value="5.5"/>
        <Arc value="1.4941"/>
        <Period value="1.8"/>
        <Effect value="TwinGatlingCannons2"/>
        <AllowedMovement value="Moving"/>
    </CWeaponLegacy>
    <CWeaponLegacy id="HighPoweredShot">
        <EditorCategories value="Race:UED"/>
        <Options index="Disabled" value="1"/>
        <Options index="Hidden" value="1"/>
        <Icon value="Assets\weapon-trooper-icon-upgrade-0.dds"/>
        <TargetFilters value="Visible;Missile,Stasis,Dead,Hidden,Invulnerable"/>
        <MinScanRange value="8"/>
        <Range value="7"/>
        <MinimumRange value="5"/>
        <Period value="1.67"/>
        <Effect value="HighPoweredShotLM"/>
    </CWeaponLegacy>
    <CWeaponLegacy id="Type769BattleRifle2">
        <EditorCategories value="Race:UED"/>
        <Icon value="Assets\weapon-trooper-icon-upgrade-0.dds"/>
        <DisplayEffect value="WarHound222"/>
        <DisplayAttackCount value="1"/>
        <TargetFilters value="Visible;Missile,Stasis,Dead,Hidden,Invulnerable"/>
        <MinScanRange value="8"/>
        <Range value="7"/>
        <Period value="1.4"/>
        <Effect value="Type769BattleRifleMultishot"/>
        <AllowedMovement value="Slowing"/>
    </CWeaponLegacy>
    <CWeaponLegacy id="DrakkarType769BattleRifle22">
        <EditorCategories value="Race:UED"/>
        <Options index="Disabled" value="1"/>
        <Options index="Hidden" value="1"/>
        <Options index="OnlyFireWhileInAttackOrder" value="0"/>
        <Options index="OnlyFireAtAttackOrderTarget" value="0"/>
        <Options index="LinkedCooldown" value="0"/>
        <Options index="RequireEnabledAttackAbil" value="0"/>
        <Icon value="Assets\weapon-trooper-icon-upgrade-0.dds"/>
        <DisplayEffect value="WarHound222"/>
        <DisplayAttackCount value="1"/>
        <TargetFilters value="Ground,Visible;Missile,Stasis,Dead,Hidden,Invulnerable"/>
        <MinScanRange value="5.5"/>
        <Period value="1.4"/>
        <Effect value="Type769BattleRifleMultishot"/>
        <AllowedMovement value="Moving"/>
    </CWeaponLegacy>
    <CWeaponLegacy id="WarHound3">
        <EditorCategories value="Race:UED"/>
        <Icon value="Assets\weapon-tank-icon-upgrade-0.dds"/>
        <TargetFilters value="Visible;Missile,Stasis,Dead,Hidden,Invulnerable"/>
        <Range value="10"/>
        <Period value="2.6"/>
        <Effect value="TyphoonRockets"/>
        <DisplayEffect value="TyphoonDamageGround"/>
        <Options index="OnlyFireAtAttackOrderTarget" value="0"/>
        <DisplayAttackCount value="4"/>
        <MinScanRange value="10.5"/>
    </CWeaponLegacy>
    <CWeaponLegacy id="WarHound32">
        <EditorCategories value="Race:UED"/>
        <Options index="DisplayCooldown" value="1"/>
        <Icon value="Assets\weapon-tank-icon-upgrade-0.dds"/>
        <DisplayEffect value="PeenemundeMRLS_Damage"/>
        <TargetFilters value="Ground,Visible;Missile,Stasis,Dead,Hidden,Invulnerable"/>
        <Range value="39"/>
        <Period value="15.2"/>
        <Effect value="PeenemundeMRLSLM"/>
    </CWeaponLegacy>
    <CWeaponLegacy id="TachyonLaserCannons">
        <EditorCategories value="Race:UED"/>
        <Icon value="Assets\weapon-tank-icon-upgrade-0.dds"/>
        <DisplayEffect value="HonorguardLazer"/>
        <DisplayAttackCount value="1"/>
        <TargetFilters value="Visible;Missile,Stasis,Dead,Hidden,Invulnerable"/>
        <MinScanRange value="9.5"/>
        <Range value="8.5"/>
        <Period value="2.2"/>
        <Effect value="BacklashRockets23"/>
        <MinimumRange value="4.5"/>
        <AllowedMovement value="Slowing"/>
    </CWeaponLegacy>
    <CWeaponLegacy id="MCHL4GrenadeLauncher">
        <EditorCategories value="Race:UED"/>
        <Icon value="Assets\weapon-trooper-icon-upgrade-0.dds"/>
        <DisplayEffect value="TaranisDamage"/>
        <DisplayAttackCount value="2"/>
        <TargetFilters value="Ground,Visible;Missile,Stasis,Dead,Hidden,Invulnerable"/>
        <MinScanRange value="7"/>
        <Range value="6"/>
        <Marker>
            <MatchFlags index="Id" value="1"/>
        </Marker>
        <Period value="2.5"/>
        <Effect value="TaranisCP"/>
        <LegacyOptions index="KeepChanneling" value="1"/>
        <AllowedMovement value="Slowing"/>
    </CWeaponLegacy>
</Catalog>
