<?xml version="1.0" encoding="utf-8"?>
<Catalog>
    <CBehaviorBuff default="1" id="VolcanicHarbingerOverload">
        <Name value="Behavior/Name/VolcanicHarbingerOverload"/>
        <Tooltip value="Behavior/Tooltip/VolcanicHarbingerOverload"/>
        <Cost>
            <Charge Link="Behavior/VolcanicHarbingerOverload"/>
            <Cooldown Link="Behavior/VolcanicHarbingerOverload"/>
        </Cost>
        <Modification>
            <DeathResponse>
                <Cost>
                    <Charge Link="Behavior/VolcanicHarbingerOverload"/>
                    <Cooldown Link="Behavior/VolcanicHarbingerOverload"/>
                </Cost>
            </DeathResponse>
        </Modification>
        <DamageResponse>
            <Cost>
                <Charge Link="Behavior/VolcanicHarbingerOverload"/>
                <Cooldown Link="Behavior/VolcanicHarbingerOverload"/>
            </Cost>
        </DamageResponse>
        <EditorCategories value="Race:Dragon,AbilityorEffectType:Units"/>
    </CBehaviorBuff>
    <CBehaviorBuff id="ArkwyrmUnload">
        <Modification>
            <StateFlags index="Invulnerable" value="1"/>
            <StateFlags index="Stasis" value="1"/>
            <StateFlags index="Stun" value="1"/>
            <StateFlags index="SuppressCollision" value="1"/>
            <StateFlags index="NoDraw" value="1"/>
            <StateFlags index="Uncommandable" value="1"/>
            <StateFlags index="Unselectable" value="1"/>
            <StateFlags index="Untargetable" value="1"/>
        </Modification>
        <EditorCategories value="Race:Dragon,AbilityorEffectType:Units"/>
    </CBehaviorBuff>
    <CBehaviorBuff id="ArkwyrmUnloadCaster">
        <InfoFlags index="Hidden" value="1"/>
        <Duration value="0.0625"/>
        <EditorCategories value="Race:Dragon,AbilityorEffectType:Units"/>
    </CBehaviorBuff>
    <CBehaviorBuff id="AugmentationPit">
        <InfoFlags index="Hidden" value="1"/>
        <DisableValidatorArray value="AugmentationPitCombine"/>
        <RemoveValidatorArray value="CasterNotDead"/>
        <MaxStackCount value="65535"/>
        <EditorCategories value="Race:Dragon,AbilityorEffectType:Units"/>
    </CBehaviorBuff>
    <CBehaviorBuff id="AuroraConduitNetherShock">
        <Alignment value="Negative"/>
        <MaxStackCount value="65535"/>
        <Duration value="14"/>
        <Modification ShieldArmorBonus="-1">
            <LifeArmorBonus value="-1"/>
        </Modification>
        <BuffFlags index="RefreshStack" value="1"/>
        <InfoIcon value="Assets\Textures\ui_tipicon_campaign_zerus03-zurvanlightning.dds"/>
        <EditorCategories value="Race:Dragon,AbilityorEffectType:Units"/>
    </CBehaviorBuff>
    <CBehaviorBuff id="BrimstoneDemolisherScorchingBlaze1">
        <InfoFlags index="Hidden" value="1"/>
        <Modification>
            <WeaponEnableArray value="BrimstoneDemolisherScorchingBlaze"/>
            <WeaponEnableArray value="BrimstoneDemolisherScorchingBlazeDummy"/>
        </Modification>
        <EditorCategories value="Race:Dragon,AbilityorEffectType:Units"/>
    </CBehaviorBuff>
    <CBehaviorBuff id="BrimstoneDemolisherScorchingBlaze2" parent="BrimstoneDemolisherScorchingBlaze1">
        <RemoveValidatorArray value="CasterIsAttacking"/>
    </CBehaviorBuff>
    <CBehaviorBuff id="BrimstoneDemolisherScorchingBlaze3">
        <InfoFlags index="Hidden" value="1"/>
        <RemoveValidatorArray value="CasterAttackingTarget"/>
        <RemoveValidatorArray value="CasterHasEnergy"/>
        <InitialEffect value="BrimstoneDemolisherScorchingBlazeApplyBehavior2"/>
        <FinalEffect value="BrimstoneDemolisherScorchingBlazeRemoveBehavior"/>
        <EditorCategories value="Race:Dragon,AbilityorEffectType:Units"/>
    </CBehaviorBuff>
    <CBehaviorBuff id="DeepOne4x4">
        <InitialEffect value="DeepOne4x4CreateUnit"/>
        <EditorCategories value="Race:Dragon,AbilityorEffectType:Units"/>
    </CBehaviorBuff>
    <CBehaviorBuff id="DeepOne5x5">
        <InitialEffect value="DeepOne5x5CreateUnit"/>
        <EditorCategories value="Race:Dragon,AbilityorEffectType:Units"/>
    </CBehaviorBuff>
    <CBehaviorBuff id="DenizenoftheDeepLiquify1">
        <InfoFlags index="Hidden" value="1"/>
        <MaxStackCount value="65535"/>
        <EditorCategories value="Race:Dragon,AbilityorEffectType:Units"/>
    </CBehaviorBuff>
    <CBehaviorBuff id="DenizenoftheDeepCrystalize1">
        <InfoFlags index="Hidden" value="1"/>
        <MaxStackCount value="65535"/>
        <EditorCategories value="Race:Dragon,AbilityorEffectType:Units"/>
    </CBehaviorBuff>
    <CBehaviorBuff id="DenizenoftheDeepCrystalize2">
        <InfoFlags index="Hidden" value="1"/>
        <MaxStackCount value="65535"/>
        <EditorCategories value="Race:Dragon,AbilityorEffectType:Units"/>
    </CBehaviorBuff>
    <CBehaviorBuff id="DenizenoftheDeepLiquify2">
        <InfoFlags index="Hidden" value="1"/>
        <MaxStackCount value="65535"/>
        <EditorCategories value="Race:Dragon,AbilityorEffectType:Units"/>
    </CBehaviorBuff>
    <CBehaviorBuff id="DragonAscend">
        <EditorCategories value="Race:Dragon,AbilityorEffectType:Units"/>
    </CBehaviorBuff>
    <CBehaviorBuff id="DragonAscended">
        <Alignment value="Positive"/>
        <InfoIcon value="Assets\Textures\btn-ability-zerg-dehakaspawn.dds"/>
        <Modification>
            <ResourceHarvestAmountBonus index="Minerals" value="3"/>
            <ResourceHarvestAmountBonus index="Vespene" value="2"/>
            <DeathResponse Effect="DragonAscendedCreatePersistent">
                <Type index="Timeout" value="0"/>
            </DeathResponse>
        </Modification>
        <EditorCategories value="Race:Dragon,AbilityorEffectType:Units"/>
    </CBehaviorBuff>
    <CBehaviorBuff id="DragonBuildApplyBehavior">
        <InfoFlags index="Hidden" value="1"/>
        <RemoveValidatorArray value="NotRazorback2"/>
        <MaxStackCount value="65535"/>
        <InitialEffect value="DragonBuildRemoveBehavior"/>
        <RefreshEffect value="DragonBuildRemoveBehavior"/>
        <FinalEffect value="KillCaster"/>
        <EditorCategories value="Race:Dragon,AbilityorEffectType:Units"/>
    </CBehaviorBuff>
    <CBehaviorBuff id="DragonBuildRemoveBehavior">
        <Duration value="0.125"/>
        <ExpireEffect value="KillCaster"/>
        <EditorCategories value="Race:Dragon,AbilityorEffectType:Units"/>
    </CBehaviorBuff>
    <CBehaviorBuff id="DragonFission">
        <RemoveValidatorArray value="NotFullLife"/>
        <Modification>
            <DamageDealtFraction index="Melee" value="-0.6"/>
            <DamageDealtFraction index="Ranged" value="-0.6"/>
            <DamageDealtFraction index="Splash" value="-0.6"/>
            <ResourceHarvestTimeMultiplier index="Minerals" value="1.5"/>
            <ResourceHarvestTimeMultiplier index="Vespene" value="1.5"/>
            <VitalRegenArray index="Life" value="1"/>
        </Modification>
        <Alignment value="Negative"/>
        <InfoIcon value="Assets\Textures\btn-ability-zerg-disguise.dds"/>
        <EditorCategories value="Race:Dragon,AbilityorEffectType:Units"/>
    </CBehaviorBuff>
    <CBehaviorBuff id="DragonLineage">
        <InfoFlags index="Hidden" value="1"/>
        <DisableValidatorArray value="DragonLineage"/>
        <DisableValidatorArray value="NotFullLife"/>
        <Modification>
            <VitalRegenArray index="Life" value="1"/>
        </Modification>
        <Requirements value="DragonLineage"/>
        <EditorCategories value="Race:Dragon,AbilityorEffectType:Units"/>
    </CBehaviorBuff>
    <CBehaviorBuff id="DragonLineageGreater" parent="DragonLineage">
        <Modification>
            <VitalRegenArray index="Life" value="2"/>
        </Modification>
    </CBehaviorBuff>
    <CBehaviorBuff id="DragonLineageLesser" parent="DragonLineage">
        <Modification>
            <VitalRegenArray index="Life" value="0.5"/>
        </Modification>
    </CBehaviorBuff>
    <CBehaviorBuff id="FleshrenderInfernalAscend">
        <Period value="0.0625"/>
        <InitialEffect value="FleshrenderInfernalAscendIssueOrder"/>
        <PeriodicEffect value="FleshrenderInfernalAscendIssueOrder"/>
        <EditorCategories value="Race:Dragon,AbilityorEffectType:Units"/>
    </CBehaviorBuff>
    <CBehaviorBuff id="FleshrenderInfernalEffigy">
        <InfoFlags index="Hidden" value="1"/>
        <Modification>
            <DeathResponse Chance="1" Effect="FleshrenderInfernalAscendSearchArea1">
                <Type index="Timeout" value="0"/>
            </DeathResponse>
        </Modification>
        <DamageResponse Fatal="1" Handled="FleshrenderInfernalEffigySwitch1">
            <Chance value="1"/>
        </DamageResponse>
        <EditorCategories value="Race:Dragon,AbilityorEffectType:Units"/>
    </CBehaviorBuff>
    <CBehaviorBuff id="GenesisPit">
        <InfoFlags index="Hidden" value="1"/>
        <RemoveValidatorArray value="CasterNotDead"/>
        <MaxStackCount value="65535"/>
        <EditorCategories value="Race:Dragon,AbilityorEffectType:Units"/>
    </CBehaviorBuff>
    <CBehaviorBuff id="HardenedShield">
        <DamageResponse>
            <ExcludeEffectArray value="BrimstoneDemolisherScorchingBlazeDamage2"/>
        </DamageResponse>
    </CBehaviorBuff>
    <CBehaviorBuff id="HornedMagusFireShieldDamage">
        <InfoFlags index="Hidden" value="1"/>
        <RemoveValidatorArray value="NoFireShield"/>
        <TimeScaleSource Value="Global"/>
        <Duration value="0.3125"/>
        <Period value="0.25"/>
        <InitialEffect value="HornedMagusFireShieldDamage"/>
        <PeriodicEffect value="HornedMagusFireShieldDamage"/>
        <EditorCategories value="Race:Dragon,AbilityorEffectType:Units"/>
    </CBehaviorBuff>
    <CBehaviorBuff id="HornedMagusShroud">
        <InfoIcon value="Assets\Textures\btn-ability-protoss-energize.dds"/>
        <RemoveValidatorArray value="HornedMagusShroud"/>
        <RemoveValidatorArray value="CasterNotFiringOrAnimatingWeapon"/>
        <Duration value="21"/>
        <Modification MoveSpeedMultiplier="1.2">
            <StateFlags index="Cloak" value="1"/>
        </Modification>
        <EditorCategories value="Race:Dragon,AbilityorEffectType:Units"/>
    </CBehaviorBuff>
    <CBehaviorBuff id="RazorbackUrticatingQuills">
        <InfoFlags index="Hidden" value="1"/>
        <DamageResponse Handled="RazorbackUrticatingQuillsCreatePersistant">
            <Kind index="Spell" value="0"/>
            <Kind index="Melee" value="0"/>
            <Kind index="Splash" value="0"/>
            <Chance value="1"/>
        </DamageResponse>
        <Requirements value="RazorbackSpikedCarapace"/>
        <EditorCategories value="Race:Dragon,AbilityorEffectType:Units"/>
    </CBehaviorBuff>
    <CBehaviorBuff id="Skyrazer1">
        <InfoFlags index="Hidden" value="1"/>
        <DisableValidatorArray value="CliffLevelLT2"/>
        <Modification>
            <WeaponArray Link="SkyrazerSuperiorBlast1"/>
            <WeaponArray Link="SkyrazerSavageClaws1"/>
            <WeaponArray Link="SkyrazerInferiorBlast1"/>
            <WeaponDisableArray value="SkyrazerSuperiorBlast"/>
            <WeaponDisableArray value="SkyrazerSavageClaws"/>
            <WeaponDisableArray value="SkyrazerInferiorBlast"/>
        </Modification>
        <Requirements value="SkyrazerEmberCore"/>
        <EditorCategories value="Race:Dragon,AbilityorEffectType:Units"/>
    </CBehaviorBuff>
    <CBehaviorBuff id="Skyrazer2" parent="Skyrazer1">
        <DisableValidatorArray index="0" value="CliffLevelGT1"/>
        <DisableValidatorArray value="CliffLevelLT3"/>
        <Modification>
            <WeaponArray index="0" Link="SkyrazerSuperiorBlast2"/>
            <WeaponArray index="1" Link="SkyrazerSavageClaws2"/>
            <WeaponArray index="2" Link="SkyrazerInferiorBlast2"/>
        </Modification>
    </CBehaviorBuff>
    <CBehaviorBuff id="Skyrazer3" parent="Skyrazer1">
        <DisableValidatorArray index="0" value="CliffLevelGT2"/>
        <Modification>
            <WeaponArray index="0" Link="SkyrazerSuperiorBlast3"/>
            <WeaponArray index="1" Link="SkyrazerSavageClaws3"/>
            <WeaponArray index="2" Link="SkyrazerInferiorBlast3"/>
        </Modification>
    </CBehaviorBuff>
    <CBehaviorBuff id="SkyrazerAscended1" parent="Skyrazer1">
        <Modification>
            <WeaponArray index="0" Link="SkyrazerAscendedSuperiorBlast1"/>
            <WeaponArray index="2" Link="SkyrazerAscendedInferiorBlast1"/>
            <WeaponDisableArray index="0" value="SkyrazerAscendedSuperiorBlast"/>
            <WeaponDisableArray index="2" value="SkyrazerAscendedInferiorBlast"/>
        </Modification>
    </CBehaviorBuff>
    <CBehaviorBuff id="SkyrazerAscended2" parent="SkyrazerAscended1">
        <DisableValidatorArray index="0" value="CliffLevelGT1"/>
        <DisableValidatorArray value="CliffLevelLT3"/>
        <Modification>
            <WeaponArray index="0" Link="SkyrazerAscendedSuperiorBlast2"/>
            <WeaponArray index="1" Link="SkyrazerSavageClaws2"/>
            <WeaponArray index="2" Link="SkyrazerAscendedInferiorBlast2"/>
        </Modification>
    </CBehaviorBuff>
    <CBehaviorBuff id="SkyrazerAscended3" parent="SkyrazerAscended1">
        <DisableValidatorArray index="0" value="CliffLevelGT2"/>
        <Modification>
            <WeaponArray index="0" Link="SkyrazerAscendedSuperiorBlast3"/>
            <WeaponArray index="1" Link="SkyrazerSavageClaws3"/>
            <WeaponArray index="2" Link="SkyrazerAscendedInferiorBlast3"/>
        </Modification>
    </CBehaviorBuff>
    <CBehaviorBuff id="SunkenGuardian">
        <Modification>
            <WeaponArray Link="SunkenGuardianImpale2"/>
            <WeaponDisableArray value="SunkenGuardianImpale1"/>
        </Modification>
        <InfoFlags index="Hidden" value="1"/>
        <EditorCategories value="Race:Dragon,AbilityorEffectType:Units"/>
    </CBehaviorBuff>
    <CBehaviorBuff id="SunkenGuardianImpale">
        <Alignment value="Negative"/>
        <Duration value="0.5"/>
        <Modification MoveSpeedMaximum="0.0625"/>
        <EditorCategories value="Race:Dragon,AbilityorEffectType:Units"/>
    </CBehaviorBuff>
    <CBehaviorBuff id="SunkenGuardianCracksModel">
        <Period value="0.0625"/>
        <PeriodicEffect value="SunkenGuardianCracksModel"/>
        <EditorCategories value="Race:Dragon,AbilityorEffectType:Units"/>
    </CBehaviorBuff>
    <CBehaviorBuff id="FlamespitterFervor">
        <Duration value="2.1"/>
        <Modification MoveSpeedMultiplier="1.5"/>
        <InfoIcon value="Assets\Textures\btn-ability-kerrigan-wildmutation.dds"/>
        <EditorCategories value="Race:Dragon,AbilityorEffectType:Units"/>
    </CBehaviorBuff>
    <CBehaviorBuff id="Fleshrender">
        <InfoFlags index="Hidden" value="1"/>
        <DisableValidatorArray value="FleshrenderRange"/>
        <DisableValidatorArray value="FleshrenderTarget"/>
        <Modification MoveSpeedMultiplier="2" AccelerationMultiplier="4">
            <ModifyFlags index="HideChangeUI" value="1"/>
        </Modification>
        <EditorCategories value="Race:Dragon,AbilityorEffectType:Units"/>
    </CBehaviorBuff>
    <CBehaviorBuff id="FrontierDeepOneInvigorateCaster">
        <InfoFlags index="Hidden" value="1"/>
        <RemoveValidatorArray value="CasterHasEnergy"/>
        <Period value="0.125"/>
        <PeriodicEffect value="FrontierDeepOneInvigorateSearchArea"/>
        <Duration value="0.5625"/>
        <EditorCategories value="Race:Dragon,AbilityorEffectType:Units"/>
    </CBehaviorBuff>
    <CBehaviorBuff id="RemovewithCaster">
        <InfoFlags index="Hidden" value="1"/>
        <RemoveValidatorArray value="CasterNotDead"/>
        <FinalEffect value="KillRemove"/>
        <EditorCategories value="Race:Dragon,AbilityorEffectType:Units"/>
    </CBehaviorBuff>
    <CBehaviorBuff id="DragonCracksModel">
        <Period value="333"/>
        <PeriodicEffect value="DragonBuildModel"/>
        <EditorCategories value="Race:Dragon,AbilityorEffectType:Units"/>
    </CBehaviorBuff>
    <CBehaviorBuff id="DragonTrain1">
        <RemoveValidatorArray value="CasterNotDead"/>
        <Period value="0.0625"/>
        <InitialEffect value="DragonTrainIssueOrder"/>
        <PeriodicEffect value="DragonTrainIssueOrder"/>
        <Modification>
            <StateFlags index="Invulnerable" value="1"/>
            <StateFlags index="Stasis" value="1"/>
            <StateFlags index="Stun" value="1"/>
            <StateFlags index="NoDraw" value="1"/>
            <StateFlags index="Uncommandable" value="1"/>
            <StateFlags index="Unselectable" value="1"/>
            <StateFlags index="Untargetable" value="1"/>
        </Modification>
        <EditorCategories value="Race:Dragon,AbilityorEffectType:Units"/>
    </CBehaviorBuff>
    <CBehaviorBuff id="FlamespitterOverheated">
        <Duration value="2.1"/>
        <Modification MoveSpeedMultiplier="0.75"/>
        <InfoFlags index="Hidden" value="1"/>
        <EditorCategories value="Race:Dragon,AbilityorEffectType:Units"/>
    </CBehaviorBuff>
    <CBehaviorBuff id="DragonTrain2">
        <InitialEffect value="DragonTrainIssueOrder"/>
        <Modification>
            <StateFlags index="Invulnerable" value="1"/>
            <StateFlags index="Stasis" value="1"/>
            <StateFlags index="Stun" value="1"/>
            <StateFlags index="NoDraw" value="1"/>
            <StateFlags index="Uncommandable" value="1"/>
            <StateFlags index="Unselectable" value="1"/>
            <StateFlags index="Untargetable" value="1"/>
        </Modification>
        <EditorCategories value="Race:Dragon,AbilityorEffectType:Units"/>
    </CBehaviorBuff>
    <CBehaviorBuff id="DeepOne3x3">
        <InitialEffect value="DeepOne3x3CreateUnit"/>
        <EditorCategories value="Race:Dragon,AbilityorEffectType:Units"/>
    </CBehaviorBuff>
    <CBehaviorBuff id="GrimGlider">
        <InfoFlags index="Hidden" value="1"/>
        <Period value="0.0625"/>
        <PeriodicEffect value="GrimGliderMortalitysEclipseSearchArea"/>
        <RemoveValidatorArray value="CasterHasEnergy"/>
        <Modification>
            <VitalRegenArray index="Energy" value="-25.5625"/>
        </Modification>
        <EditorCategories value="Race:Dragon,AbilityorEffectType:Units"/>
    </CBehaviorBuff>
    <CBehaviorBuff id="GrimGliderMortalitysEclipse">
        <InfoFlags index="Hidden" value="1"/>
        <Duration value="0.1875"/>
        <DamageResponse Fatal="1" Handled="GrimGliderMortalitysEclipseCreateUnit">
            <Chance value="1"/>
        </DamageResponse>
        <EditorCategories value="Race:Dragon,AbilityorEffectType:Units"/>
    </CBehaviorBuff>
    <CBehaviorBuff id="GrimGliderShade">
        <Period value="0.5"/>
        <PeriodicEffect value="GrimGliderShadeSet"/>
        <Modification WeaponScanBonus="500" UnitNameOverride="Behavior/Name/GrimGliderShade">
            <ModifyFlags index="DisableAbils" value="1"/>
            <StateFlags index="Cloak" value="1"/>
            <StateFlags index="Summoned" value="1"/>
            <StateFlags index="SuppressFoodMade" value="1"/>
            <StateFlags index="SuppressFoodUsed" value="1"/>
            <StateFlags index="SuppressRequirements" value="1"/>
            <StateFlags index="SuppressTech" value="1"/>
            <StateFlags index="SuppressEnergy" value="1"/>
            <StateFlags index="SuppressLifeRegen" value="1"/>
            <StateFlags index="SuppressShieldsRegen" value="1"/>
            <StateFlags index="Uncommandable" value="1"/>
            <DamageDealtFraction index="Spell" value="-0.5"/>
            <DamageDealtFraction index="Melee" value="-0.5"/>
            <DamageDealtFraction index="Ranged" value="-0.5"/>
            <DamageDealtFraction index="Splash" value="-0.5"/>
            <VitalMaxFractionArray index="Life" value="-0.5"/>
            <VitalMaxFractionArray index="Shields" value="-0.5"/>
            <VitalMaxFractionArray index="Energy" value="-1"/>
            <AbilClassEnableArray index="CAbilAttack" value="1"/>
            <AbilClassEnableArray index="CAbilMove" value="1"/>
            <AbilClassEnableArray index="CAbilStop" value="1"/>
        </Modification>
        <KillCredit Effect="GrimGliderMortalitysEclipseCreateUnit" Value="Caster"/>
        <InfoIcon value="Assets\Textures\btn-tips-fallenheroes.dds"/>
        <Player Effect="GrimGliderMortalitysEclipseCreateUnit" Value="Caster"/>
        <InitialEffect value="HandofPowerFrenzyCreatePersistent"/>
        <EditorCategories value="Race:Dragon,AbilityorEffectType:Units"/>
    </CBehaviorBuff>
    <CBehaviorBuff id="HandofPowerCrushingGravity">
        <Alignment value="Negative"/>
        <InfoIcon value="Assets\Textures\btn-ability-swarm-kerrigan-crushinggrip.dds"/>
        <TimeScaleSource Value="Global"/>
        <Duration value="0.1875"/>
        <Modification>
            <ModifyFlags index="Detected" value="1"/>
            <AbilLinkDisableArray value="BurrowInfestorUp"/>
            <AbilLinkDisableArray value="BurrowInfestorDown"/>
            <AbilLinkDisableArray value="BurrowRoachUp"/>
            <AbilLinkDisableArray value="BurrowRoachDown"/>
            <AbilLinkDisableArray value="BurrowZerglingUp"/>
            <AbilLinkDisableArray value="BurrowZerglingDown"/>
            <AbilLinkDisableArray value="BurrowDroneUp"/>
            <AbilLinkDisableArray value="BurrowDroneDown"/>
            <AbilLinkDisableArray value="BurrowUltraliskUp"/>
            <AbilLinkDisableArray value="BurrowUltraliskDown"/>
            <AbilLinkDisableArray value="BurrowQueenUp"/>
            <AbilLinkDisableArray value="BurrowQueenDown"/>
            <AbilLinkDisableArray value="BurrowBanelingUp"/>
            <AbilLinkDisableArray value="BurrowBanelingDown"/>
            <AbilLinkDisableArray value="BurrowHydraliskUp"/>
            <AbilLinkDisableArray value="BurrowHydraliskDown"/>
            <AbilLinkDisableArray value="BurrowInfestorTerranUp"/>
            <AbilLinkDisableArray value="BurrowInfestorTerranDown"/>
            <AbilLinkDisableArray value="SiegeMode"/>
            <AbilLinkDisableArray value="Unsiege"/>
            <AbilLinkDisableArray value="FighterMode"/>
            <AbilLinkDisableArray value="AssaultMode"/>
            <AbilLinkDisableArray value="PhasingMode"/>
            <AbilLinkDisableArray value="TransportMode"/>
            <AbilLinkDisableArray value="MorphToSwarmHostBurrowedMP"/>
            <AbilLinkDisableArray value="MorphToSwarmHostMP"/>
            <AbilLinkDisableArray value="MorphToHellionTank"/>
            <AbilLinkDisableArray value="MorphToHellion"/>
            <AbilLinkDisableArray value="WidowMineBurrow"/>
            <AbilLinkDisableArray value="WidowMineUnburrow"/>
            <AbilLinkDisableArray value="PhasingMode"/>
            <AbilLinkDisableArray value="TransportMode"/>
            <AbilLinkDisableArray value="Blink"/>
        </Modification>
        <MaxStackCount value="65535"/>
        <MaxStackCountPerCaster value="1"/>
        <InitialEffect value="HandofPowerCrushingGravitySet1"/>
        <RemoveValidatorArray value="NotGravitonBeamd"/>
        <EditorCategories value="Race:Dragon,AbilityorEffectType:Units"/>
    </CBehaviorBuff>
    <CBehaviorBuff id="HandofPowerCrushingGravityAir">
        <RemoveValidatorArray value="HasCrushingGravity"/>
        <RemoveValidatorArray value="TargetIsAir"/>
        <TimeScaleSource Value="Global"/>
        <InitialEffect value="HandofPowerCrushingGravityModifyUnit1"/>
        <FinalEffect value="HandofPowerCrushingGravitySet2"/>
        <Modification>
            <ModifyFlags index="SuppressMoving" value="1"/>
            <AbilClassDisableArray index="CAbilMove" value="1"/>
            <PlaneDelta index="Ground" value="1"/>
            <PlaneDelta index="Air" value="-1"/>
        </Modification>
        <Period value="0.0625"/>
        <PeriodicEffect value="HandofPowerCrushingGravitySearchArea2"/>
        <InfoFlags index="Hidden" value="1"/>
        <EditorCategories value="Race:Dragon,AbilityorEffectType:Units"/>
    </CBehaviorBuff>
    <CBehaviorBuff id="HandofPowerCrushingGravityGround">
        <RemoveValidatorArray value="HasCrushingGravity"/>
        <RemoveValidatorArray value="TargetIsNotAir"/>
        <TimeScaleSource Value="Global"/>
        <FinalEffect value="HandofPowerCrushingGravityApplyBehavior2"/>
        <Modification>
            <ModifyFlags index="SuppressMoving" value="1"/>
            <AbilClassDisableArray index="CAbilMove" value="1"/>
        </Modification>
        <InfoFlags index="Hidden" value="1"/>
        <Period value="0.0625"/>
        <PeriodicEffect value="HandofPowerCrushingGravitySearchArea2"/>
        <EditorCategories value="Race:Dragon,AbilityorEffectType:Units"/>
    </CBehaviorBuff>
    <CBehaviorBuff id="HandofPowerCrushingGravityPush">
        <RemoveValidatorArray value="HasCrushingGravity"/>
        <RemoveValidatorArray value="TargetIsNotAir"/>
        <TimeScaleSource Value="Global"/>
        <Duration value="0.1875"/>
        <FinalEffect value="HandofPowerCrushingGravityApplyBehavior2"/>
        <Modification>
            <StateFlags index="Stun" value="1"/>
            <BehaviorLinkDisableArray value="HandofPowerCrushingGravityGround"/>
        </Modification>
        <InfoFlags index="Hidden" value="1"/>
        <EditorCategories value="Race:Dragon,AbilityorEffectType:Units"/>
    </CBehaviorBuff>
    <CBehaviorBuff id="HandofPowerPortal">
        <Duration value="14"/>
        <ExpireEffect value="TimedLifeFate"/>
        <Modification>
            <StateFlags index="Bury" value="1"/>
            <StateFlags index="Cloak" value="1"/>
            <StateFlags index="Undetectable" value="1"/>
        </Modification>
        <EditorCategories value="Race:Dragon,AbilityorEffectType:Units"/>
    </CBehaviorBuff>
    <CBehaviorBuff id="HandofPowerPortalActive">
        <Duration value="14"/>
        <ExpireEffect value="TimedLifeFate"/>
        <EditorCategories value="Race:Dragon,AbilityorEffectType:Units"/>
    </CBehaviorBuff>
    <CBehaviorBuff id="HandofPowerPortalTarget1">
        <TimeScaleSource Value="Global"/>
        <Duration value="0.25"/>
        <InitialEffect value="HandofPowerPortalApplyForce1"/>
        <PeriodicEffect value="HandofPowerPortalApplyForce1"/>
        <ExpireEffect value="HandofPowerPortalApplyBehavior2"/>
        <Modification>
            <StateFlags index="Stun" value="1"/>
            <StateFlags index="SuppressCollision" value="1"/>
        </Modification>
        <InfoFlags index="Hidden" value="1"/>
        <EditorCategories value="Race:Dragon,AbilityorEffectType:Units"/>
    </CBehaviorBuff>
    <CBehaviorBuff id="HandofPowerPortalTarget2">
        <TimeScaleSource Value="Global"/>
        <Duration value="0.25"/>
        <InitialEffect value="HandofPowerPortalTeleport"/>
        <PeriodicEffect value="HandofPowerPortalApplyForce2"/>
        <Modification>
            <StateFlags index="Stun" value="1"/>
        </Modification>
        <InfoFlags index="Hidden" value="1"/>
        <EditorCategories value="Race:Dragon,AbilityorEffectType:Units"/>
    </CBehaviorBuff>
    <CBehaviorBuff id="HandofPowerFrenzy">
        <InfoIcon value="Assets\Textures\btn-ability-zerg-infestation.dds"/>
        <Duration value="9.8"/>
        <Period value="0.0625"/>
        <InitialEffect value="HandofPowerFrenzyCreatePersistent"/>
        <PeriodicEffect value="HandofPowerFrenzyCreatePersistent"/>
        <ExpireEffect value="HandofPowerFrenzyCreatePersistent"/>
        <Modification MoveSpeedMultiplier="1.5" AttackSpeedMultiplier="1.5" WeaponScanBonus="500">
            <StateFlags index="Uncommandable" value="1"/>
            <LifeArmorBonus value="-2"/>
        </Modification>
        <DamageResponse ModifyFraction="0" ModifyMinimumDamage="1">
            <Kind index="Melee" value="0"/>
            <Kind index="Ranged" value="0"/>
            <Kind index="Splash" value="0"/>
            <Chance value="1"/>
        </DamageResponse>
        <EditorCategories value="Race:Dragon,AbilityorEffectType:Units"/>
    </CBehaviorBuff>
    <CBehaviorBuff id="HornedMagusInvigorateCaster">
        <InfoFlags index="Hidden" value="1"/>
        <RemoveValidatorArray value="CasterHasEnergy"/>
        <Period value="0.25"/>
        <PeriodicEffect value="HornedMagusInvigorateSearchArea"/>
        <EditorCategories value="Race:Dragon,AbilityorEffectType:Units"/>
    </CBehaviorBuff>
    <CBehaviorBuff id="DragonInvigorateTarget">
        <InfoFlags index="Hidden" value="1"/>
        <TimeScaleSource Value="Caster"/>
        <Duration value="1.375"/>
        <EditorCategories value="Race:Dragon,AbilityorEffectType:Units"/>
    </CBehaviorBuff>
    <CBehaviorBuff id="HornedMagusFireShield">
        <InfoIcon value="Assets\Textures\btn-ability-terran-electricfield.dds"/>
        <Duration value="14"/>
        <Period value="0.25"/>
        <InitialEffect value="HornedMagusFireShieldSet"/>
        <PeriodicEffect value="HornedMagusFireShieldSet"/>
        <Modification ShieldArmorBonus="3">
            <LifeArmorBonus value="3"/>
        </Modification>
        <ExpireEffect value="HornedMagusFireShieldSet"/>
        <TimeScaleSource Value="Global"/>
        <EditorCategories value="Race:Dragon,AbilityorEffectType:Units"/>
    </CBehaviorBuff>
    <CBehaviorJump id="DragonHunter">
        <InfoFlags index="Hidden" value="1"/>
        <EditorCategories value="Race:Dragon,AbilityorEffectType:Units"/>
        <TriggerHeightDeltaMin value="1.5"/>
        <TriggerHeightDeltaMax value="4.5"/>
        <InitiateRangeUp value="1.5"/>
        <InitiateRangeDown value="0.5"/>
        <JumpRangeMax value="12"/>
        <Mover value="CliffJumper"/>
        <MoverUp value="HunterJumpUp"/>
        <MoverDown value="HunterJumpDown"/>
        <LandAdjustmentDown value="1"/>
        <LandArrivalRange value="0.05"/>
        <LandCheckRadius value="5"/>
    </CBehaviorJump>
    <CBehaviorBuff id="HunterTongueLash">
        <InfoFlags index="Hidden" value="1"/>
        <MaxStackCount value="65535"/>
        <TimeScaleSource Value="Global"/>
        <Duration value="0.25"/>
        <Period value="0.0625"/>
        <InitialEffect value="HunterTongueLashForce"/>
        <PeriodicEffect value="HunterTongueLashForce"/>
        <Modification MoveSpeedMinimum="4" MoveSpeedBonus="4" MoveSpeedMultiplier="0.01">
            <ModifyFlags index="HideChangeUI" value="1"/>
        </Modification>
        <EditorCategories value="Race:Dragon,AbilityorEffectType:Units"/>
    </CBehaviorBuff>
    <CBehaviorBuff id="Madness">
        <Alignment value="Negative"/>
        <InfoIcon value="Assets\Textures\btn-ability-terran-tosh-mindblast.dds"/>
        <RemoveValidatorArray value="TargetAttacksGround"/>
        <RemoveValidatorArray value="CasterIsVisible"/>
        <TimeScaleSource Value="Global"/>
        <Duration value="0.1875"/>
        <Period value="0.0625"/>
        <InitialEffect value="BerserkerMadnessSearchArea2"/>
        <PeriodicEffect value="BerserkerMadnessSearchArea2"/>
        <Modification>
            <ModifyFlags index="HideChangeUI" value="1"/>
            <StateFlags index="Uncommandable" value="1"/>
        </Modification>
        <EditorCategories value="Race:Dragon,AbilityorEffectType:Units"/>
    </CBehaviorBuff>
    <CBehaviorBuff id="Negative1Armor">
        <InfoFlags index="Hidden" value="1"/>
        <Modification>
            <LifeArmorBonus value="-1"/>
        </Modification>
        <EditorCategories value="Race:Dragon,AbilityorEffectType:Units"/>
    </CBehaviorBuff>
    <CBehaviorBuff id="Berserker">
        <InfoFlags index="Hidden" value="1"/>
        <Requirements value="BerserkerMadness"/>
        <DisableValidatorArray value="BerserkerMadness"/>
        <TimeScaleSource Value="Global"/>
        <Period value="0.0625"/>
        <PeriodicEffect value="BerserkerMadnessSearchArea1"/>
        <EditorCategories value="Race:Dragon,AbilityorEffectType:Units"/>
    </CBehaviorBuff>
    <CBehaviorBuff id="RazorbackSpikedCarapace">
        <InfoFlags index="Hidden" value="1"/>
        <DamageResponse Handled="RazorbackSpikedCarapaceDamage">
            <Kind index="Spell" value="0"/>
            <Kind index="Ranged" value="0"/>
            <Kind index="Splash" value="0"/>
            <Chance value="1"/>
        </DamageResponse>
        <EditorCategories value="Race:Dragon,AbilityorEffectType:Units"/>
    </CBehaviorBuff>
    <CBehaviorBuff id="SuicidewithCaster">
        <RemoveValidatorArray value="CasterNotDead"/>
        <FinalEffect value="Kill"/>
        <InfoFlags index="Hidden" value="1"/>
        <EditorCategories value="Race:Dragon,AbilityorEffectType:Units"/>
    </CBehaviorBuff>
    <CBehaviorBuff id="UnseenBeast">
        <InfoFlags index="Hidden" value="1"/>
        <DisableValidatorArray value="CasterNotInCombat"/>
        <DisableValidatorArray value="NoCloakingField"/>
        <DisableValidatorArray value="NoShroud"/>
        <DisableValidatorArray value="UnseenBeastDetectors"/>
        <DisableValidatorArray value="UnseenBeastCombine"/>
        <Modification MoveSpeedMultiplier="0.4">
            <StateFlags index="Cloak" value="1"/>
        </Modification>
        <EditorCategories value="Race:Dragon,AbilityorEffectType:Units"/>
    </CBehaviorBuff>
    <CBehaviorBuff id="UnseenBeastRadar">
        <InfoFlags index="Hidden" value="1"/>
        <Modification Radar="13.625" RadarFilters="-;Player,Ally,Neutral,Missile,Buried,Cloaked,Stasis,Dead,Hidden"/>
        <EditorCategories value="Race:Dragon,AbilityorEffectType:Units"/>
    </CBehaviorBuff>
    <CBehaviorBuff id="UnseenBeastTeleportAssault">
        <Duration value="0.5"/>
        <Modification>
            <WeaponEnableArray value="UnseenBeastSpiritSmashDummy"/>
            <WeaponDisableArray value="UnseenBeastSpiritSmashWeapon"/>
        </Modification>
        <EditorCategories value="Race:Dragon,AbilityorEffectType:Units"/>
    </CBehaviorBuff>
    <CBehaviorBuff id="VolcanicHarbingerOverload1" parent="VolcanicHarbingerOverload">
        <Tooltip value="Behavior/Tooltip/VolcanicHarbingerOverload1"/>
        <Modification>
            <DamageDealtFraction index="Ranged" value="0.5"/>
        </Modification>
        <InfoIcon value="Assets\Textures\btn-border-queue-trainingslot01.dds"/>
    </CBehaviorBuff>
    <CBehaviorBuff id="VolcanicHarbingerOverload2" parent="VolcanicHarbingerOverload">
        <Tooltip value="Behavior/Tooltip/VolcanicHarbingerOverload2"/>
        <Modification>
            <DamageDealtFraction index="Ranged" value="1.5"/>
        </Modification>
        <InfoIcon value="Assets\Textures\btn-border-queue-trainingslot02.dds"/>
    </CBehaviorBuff>
    <CBehaviorBuff id="VolcanicHarbingerOverload3" parent="VolcanicHarbingerOverload">
        <Tooltip value="Behavior/Tooltip/VolcanicHarbingerOverload3"/>
        <Modification>
            <DamageDealtFraction index="Ranged" value="3"/>
        </Modification>
        <InfoIcon value="Assets\Textures\btn-border-queue-trainingslot03.dds"/>
    </CBehaviorBuff>
</Catalog>
