<?xml version="1.0" encoding="utf-8"?>
<Catalog>
    <CButton default="1" id="AugmentationPit">
        <Name value="Button/Name/AugmentationPit"/>
        <Icon value="Assets\Textures\wireframe-zerg-primalproductiona.dds"/>
        <AlertName value="Button/Name/AugmentationPit"/>
        <AlertIcon value="Assets\Textures\wireframe-zerg-primalproductiona.dds"/>
        <Hotkey value="Button/Hotkey/AugmentationPit"/>
        <HotkeyAlias value="AugmentationPit"/>
        <EditorCategories value="Race:Dragon"/>
    </CButton>
    <CButton default="1" id="AscendedDragon">
        <Icon value="Assets\Textures\btn-ability-zerg-dehakaspawn.dds"/>
        <AlertIcon value="Assets\Textures\btn-ability-zerg-dehakaspawn.dds"/>
        <Hotkey value="Button/Hotkey/AscendedVolcanicHarbinger"/>
        <EditorCategories value="Race:Dragon"/>
    </CButton>
    <CButton default="1" id="GenesisPit">
        <Name value="Button/Name/GenesisPit"/>
        <Icon value="Assets\Textures\wireframe-zerg-broodlingnest.dds"/>
        <AlertName value="Button/Name/GenesisPit"/>
        <AlertIcon value="Assets\Textures\wireframe-zerg-broodlingnest.dds"/>
        <Hotkey value="Button/Hotkey/GenesisPit"/>
        <HotkeyAlias value="GenesisPit"/>
        <EditorCategories value="Race:Dragon"/>
    </CButton>
    <CButton id="AscendedArkwyrm" parent="AscendedDragon"/>
    <CButton id="AscendedAuroraConduit" parent="AscendedDragon"/>
    <CButton id="AscendedBrimstoneDemolisher" parent="AscendedDragon"/>
    <CButton id="Berserker">
        <Icon value="Assets\Textures\btn-unit-zerg-primalultralisk.dds"/>
        <AlertIcon value="Assets\Textures\btn-unit-zerg-primalultralisk.dds"/>
        <EditorCategories value="Race:Dragon"/>
    </CButton>
    <CButton id="BrimstoneDemolisherAdaptiveArmor">
        <Icon value="Assets\Textures\btn-tips-sellzergbiosamples.dds"/>
        <EditorCategories value="Race:Dragon"/>
    </CButton>
    <CButton id="AscendedFlamespitter" parent="AscendedDragon"/>
    <CButton id="AscendedFleshrender" parent="AscendedDragon"/>
    <CButton id="DragonFission">
        <Icon value="Assets\Textures\btn-ability-zerg-disguise.dds"/>
        <AlertIcon value="Assets\Textures\btn-ability-zerg-disguise.dds"/>
        <TintRacially value="1"/>
        <EditorCategories value="Race:Dragon"/>
    </CButton>
    <CButton id="FleshrenderInfernalEffigy">
        <Icon value="Assets\Textures\fireballtendril1.dds"/>
        <AlertIcon value="Assets\Textures\fireballtendril1.dds"/>
        <EditorCategories value="Race:Dragon"/>
    </CButton>
    <CButton id="FrontierDeepOneDragonLineage">
        <Icon value="Assets\Textures\btn-unit-zerg-finalboss.dds"/>
        <AlertIcon value="Assets\Textures\btn-unit-zerg-finalboss.dds"/>
        <EditorCategories value="Race:Dragon"/>
    </CButton>
    <CButton id="FrontierDeepOneAbundance">
        <Icon value="Assets\Textures\btn-ability-zerg-regenaura.dds"/>
        <AlertIcon value="Assets\Textures\btn-ability-zerg-regenaura.dds"/>
        <EditorCategories value="Race:Dragon"/>
    </CButton>
    <CButton id="AugmentSpikedCarapace">
        <Icon value="Assets\Textures\btn-upgrade-zerg-chitinousplating.dds"/>
        <AlertIcon value="Assets\Textures\btn-upgrade-zerg-chitinousplating.dds"/>
        <EditorCategories value="Race:Dragon"/>
    </CButton>
    <CButton id="AugmentationPitFrontier" parent="AugmentationPit">
        <Name value="Button/Name/AugmentationPitFrontier"/>
        <AlertName value="Button/Name/AugmentationPitFrontier"/>
        <Hotkey value="Button/Hotkey/AugmentationPitFrontier"/>
    </CButton>
    <CButton id="AugmentationPitGreater" parent="AugmentationPit">
        <Name value="Button/Name/AugmentationPitGreater"/>
        <AlertName value="Button/Name/AugmentationPitGreater"/>
        <Hotkey value="Button/Hotkey/AugmentationPitGreater"/>
    </CButton>
    <CButton id="AugmentationPitLesser" parent="AugmentationPit"/>
    <CButton id="AugmentationPitTowering" parent="AugmentationPit"/>
    <CButton id="AuroraConduitNetherShock">
        <Icon value="Assets\Textures\ui_tipicon_campaign_zerus03-zurvanlightning.dds"/>
        <AlertIcon value="Assets\Textures\ui_tipicon_campaign_zerus03-zurvanlightning.dds"/>
        <EditorCategories value="Race:Dragon"/>
    </CButton>
    <CButton id="BrimstoneDemolisherBrutalThrash">
        <Icon value="Assets\Textures\btn-upgrade-zerg-anabolicsynthesis.dds"/>
        <AlertIcon value="Assets\Textures\btn-upgrade-zerg-anabolicsynthesis.dds"/>
        <EditorCategories value="Race:Dragon"/>
    </CButton>
    <CButton id="BrimstoneDemolisherScorchingBlaze">
        <Icon value="Assets\Textures\btn-tips-walloffire.dds"/>
        <AlertIcon value="Assets\Textures\btn-tips-walloffire.dds"/>
        <EditorCategories value="Race:Dragon"/>
    </CButton>
    <CButton id="DenizenoftheDeepCrystalize">
        <Icon value="Assets\Textures\btn-doodad-minerals.dds"/>
        <AlertIcon value="Assets\Textures\btn-doodad-minerals.dds"/>
        <EditorCategories value="Race:Dragon"/>
    </CButton>
    <CButton id="DenizenoftheDeepLiquify">
        <Icon value="Assets\Textures\btn-doodad-vespenegeyser.dds"/>
        <AlertIcon value="Assets\Textures\btn-doodad-vespenegeyser.dds"/>
        <EditorCategories value="Race:Dragon"/>
    </CButton>
    <CButton id="FlamespitterFervor">
        <Icon value="Assets\Textures\btn-ability-kerrigan-wildmutation.dds"/>
        <AlertIcon value="Assets\Textures\btn-ability-kerrigan-wildmutation.dds"/>
        <EditorCategories value="Race:Dragon"/>
    </CButton>
    <CButton id="FlamespitterOverheat">
        <Icon value="Assets\Textures\btn-techupgrade-terran-burstcapacitors.dds"/>
        <AlertIcon value="Assets\Textures\btn-techupgrade-terran-burstcapacitors.dds"/>
        <TintRacially value="1"/>
        <EditorCategories value="Race:Dragon"/>
    </CButton>
    <CButton id="FleshrenderKite">
        <Icon value="Assets\Textures\ui_tipicon_campaign_attack.dds"/>
        <AlertIcon value="Assets\Textures\ui_tipicon_campaign_attack.dds"/>
        <EditorCategories value="Race:Dragon"/>
    </CButton>
    <CButton id="GenesisPitGreater" parent="GenesisPit"/>
    <CButton id="GenesisPitLesser" parent="GenesisPit">
        <Name value="Button/Name/GenesisPitLesser"/>
        <AlertName value="Button/Name/GenesisPitLesser"/>
        <Hotkey value="Button/Hotkey/GenesisPitLesser"/>
    </CButton>
    <CButton id="GenesisPitTowering" parent="GenesisPit">
        <Name value="Button/Name/GenesisPitTowering"/>
        <AlertName value="Button/Name/GenesisPitTowering"/>
        <Hotkey value="Button/Hotkey/GenesisPitTowering"/>
    </CButton>
    <CButton id="GreaterDeepOneBrimstoneDemolisher">
        <Icon value="Assets\Textures\btn-unit-zerg-brakk.dds"/>
        <AlertIcon value="Assets\Textures\btn-unit-zerg-brakk.dds"/>
        <EditorCategories value="Race:Dragon"/>
    </CButton>
    <CButton id="AugmentDragonFireAttacksLevel1">
        <AlertIcon value="Assets\Textures\fireball_6.dds"/>
        <Icon value="Assets\Textures\fireball_6.dds"/>
        <EditorCategories value="Race:Dragon"/>
    </CButton>
    <CButton id="AugmentDragonFireAttacksLevel2">
        <Icon value="Assets\Textures\fireball_3.dds"/>
        <AlertIcon value="Assets\Textures\fireball_3.dds"/>
        <EditorCategories value="Race:Dragon"/>
    </CButton>
    <CButton id="AugmentDragonFireAttacksLevel3">
        <Icon value="Assets\Textures\fireball_1hot.dds"/>
        <AlertIcon value="Assets\Textures\fireball_1hot.dds"/>
        <EditorCategories value="Race:Dragon"/>
    </CButton>
    <CButton id="AugmentDragonMeleeAttacksLevel1">
        <Icon value="Assets\Textures\btn-upgrade-zerg-meleeattacks-level1.dds"/>
        <AlertIcon value="Assets\Textures\btn-upgrade-zerg-meleeattacks-level1.dds"/>
        <EditorCategories value="Race:Dragon"/>
    </CButton>
    <CButton id="AugmentDragonMeleeAttacksLevel2">
        <Icon value="Assets\Textures\btn-upgrade-zerg-meleeattacks-level2.dds"/>
        <AlertIcon value="Assets\Textures\btn-upgrade-zerg-meleeattacks-level2.dds"/>
        <EditorCategories value="Race:Dragon"/>
    </CButton>
    <CButton id="AugmentDragonMeleeAttacksLevel3">
        <Icon value="Assets\Textures\btn-upgrade-zerg-meleeattacks-level3.dds"/>
        <AlertIcon value="Assets\Textures\btn-upgrade-zerg-meleeattacks-level3.dds"/>
        <EditorCategories value="Race:Dragon"/>
    </CButton>
    <CButton id="AugmentDragonPlateArmorLevel1">
        <Icon value="Assets\Textures\btn-upgrade-zerg-groundcarapace-level1.dds"/>
        <AlertIcon value="Assets\Textures\btn-upgrade-zerg-groundcarapace-level1.dds"/>
        <EditorCategories value="Race:Dragon"/>
    </CButton>
    <CButton id="AugmentDragonPlateArmorLevel2">
        <Icon value="Assets\Textures\btn-upgrade-zerg-groundcarapace-level2.dds"/>
        <AlertIcon value="Assets\Textures\btn-upgrade-zerg-groundcarapace-level2.dds"/>
        <EditorCategories value="Race:Dragon"/>
    </CButton>
    <CButton id="AugmentDragonPlateArmorLevel3">
        <Icon value="Assets\Textures\btn-upgrade-zerg-groundcarapace-level3.dds"/>
        <AlertIcon value="Assets\Textures\btn-upgrade-zerg-groundcarapace-level3.dds"/>
        <EditorCategories value="Race:Dragon"/>
    </CButton>
    <CButton id="AugmentDragonScaleArmorLevel1">
        <Icon value="Assets\Textures\btn-upgrade-zerg-flyercarapace-level1.dds"/>
        <AlertIcon value="Assets\Textures\btn-upgrade-zerg-flyercarapace-level1.dds"/>
        <EditorCategories value="Race:Dragon"/>
    </CButton>
    <CButton id="AugmentDragonScaleArmorLevel2">
        <Icon value="Assets\Textures\btn-upgrade-zerg-flyercarapace-level2.dds"/>
        <AlertIcon value="Assets\Textures\btn-upgrade-zerg-flyercarapace-level2.dds"/>
        <EditorCategories value="Race:Dragon"/>
    </CButton>
    <CButton id="AscendedGrimGlider" parent="AscendedDragon"/>
    <CButton id="AugmentDragonScaleArmorLevel3">
        <Icon value="Assets\Textures\btn-upgrade-zerg-flyercarapace-level3.dds"/>
        <AlertIcon value="Assets\Textures\btn-upgrade-zerg-flyercarapace-level3.dds"/>
        <EditorCategories value="Race:Dragon"/>
    </CButton>
    <CButton id="GreaterDeepOneFrenzy">
        <Icon value="Assets\Textures\btn-ability-kerrigan-wildmutation.dds"/>
        <AlertIcon value="Assets\Textures\btn-ability-kerrigan-wildmutation.dds"/>
        <EditorCategories value="Race:Dragon"/>
    </CButton>
    <CButton id="GreaterDeepOneInfernalBreath">
        <Icon value="Assets\Textures\btn-tips-walloffire.dds"/>
        <AlertIcon value="Assets\Textures\btn-tips-walloffire.dds"/>
        <EditorCategories value="Race:Dragon"/>
    </CButton>
    <CButton id="GreaterDeepOneMightyFist">
        <Icon value="Assets\Textures\ui_tipicon_campaign_hyb02-nullzone.dds"/>
        <AlertIcon value="Assets\Textures\ui_tipicon_campaign_hyb02-nullzone.dds"/>
        <EditorCategories value="Race:Dragon"/>
    </CButton>
    <CButton id="AscendedHandofPower" parent="AscendedDragon"/>
    <CButton id="AscendedHornedMagus" parent="AscendedDragon"/>
    <CButton id="GreaterDeepOneEmberCore">
        <Icon value="Assets\Textures\ui_tipicon_evolution_baneling-lava.dds"/>
        <AlertIcon value="Assets\Textures\ui_tipicon_evolution_baneling-lava.dds"/>
        <EditorCategories value="Race:Dragon"/>
    </CButton>
    <CButton id="AscendedHunter" parent="AscendedDragon"/>
    <CButton id="GreaterDeepOneMadness">
        <Icon value="Assets\Textures\btn-ability-zerg-dehaka-intimidatingroar.dds"/>
        <AlertIcon value="Assets\Textures\btn-ability-zerg-dehaka-intimidatingroar.dds"/>
        <EditorCategories value="Race:Dragon"/>
    </CButton>
    <CButton id="GrimGliderMortalitysEclipseActivate">
        <Icon value="Assets\Textures\btn-tips-fallenheroes.dds"/>
        <AlertIcon value="Assets\Textures\btn-tips-fallenheroes.dds"/>
        <EditorCategories value="Race:Dragon"/>
    </CButton>
    <CButton id="GrimGliderMortalitysEclipseDeactivate">
        <Icon value="Assets\Textures\btn-command-cancel.dds"/>
        <AlertIcon value="Assets\Textures\btn-command-cancel.dds"/>
        <EditorCategories value="Race:Dragon"/>
    </CButton>
    <CButton id="GrimGliderPermanentlyCloaked">
        <Icon value="Assets\Textures\wireframe-critter-zerusalientreehover.dds"/>
        <AlertIcon value="Assets\Textures\wireframe-critter-zerusalientreehover.dds"/>
        <TintRacially value="1"/>
        <EditorCategories value="Race:Dragon"/>
    </CButton>
    <CButton id="GrimGliderWraithNight">
        <Icon value="Assets\Textures\btn-upgrade-zerg-enduringcorruption.dds"/>
        <AlertIcon value="Assets\Textures\btn-upgrade-zerg-enduringcorruption.dds"/>
        <EditorCategories value="Race:Dragon"/>
    </CButton>
    <CButton id="HornedMagusDeactivateInvigorate">
        <Icon value="Assets\Textures\btn-command-cancel.dds"/>
        <AlertIcon value="Assets\Textures\btn-command-cancel.dds"/>
        <TintRacially value="1"/>
        <EditorCategories value="Race:Dragon"/>
    </CButton>
    <CButton id="DragonHunterCliffJumper">
        <Icon value="Assets\Textures\btn-ability-zerg-dehakacliffjump.dds"/>
        <AlertIcon value="Assets\Textures\btn-ability-zerg-dehakacliffjump.dds"/>
        <EditorCategories value="Race:Dragon"/>
    </CButton>
    <CButton id="HunterFeast">
        <Icon value="Assets\Textures\btn-upgrade-zerg-adrenaloverload.dds"/>
        <AlertIcon value="Assets\Textures\btn-upgrade-zerg-adrenaloverload.dds"/>
        <EditorCategories value="Race:Dragon"/>
    </CButton>
    <CButton id="HunterTongueLash">
        <Icon value="Assets\Textures\btn-ability-zerg-drag.dds"/>
        <AlertIcon value="Assets\Textures\btn-ability-zerg-drag.dds"/>
        <EditorCategories value="Race:Dragon"/>
    </CButton>
    <CButton id="LesserDeepOneFeast">
        <Icon value="Assets\Textures\btn-upgrade-zerg-adrenaloverload.dds"/>
        <AlertIcon value="Assets\Textures\btn-upgrade-zerg-adrenaloverload.dds"/>
        <EditorCategories value="Race:Dragon"/>
    </CButton>
    <CButton id="LesserDeepOneArcaneEssence">
        <Icon value="Assets\Textures\btn-tips-biosample.dds"/>
        <AlertIcon value="Assets\Textures\btn-tips-biosample.dds"/>
        <EditorCategories value="Race:Dragon"/>
    </CButton>
    <CButton id="LesserDeepOneFervidReconstitution">
        <Icon value="Assets\Textures\btn-ability-kerrigan-wildmutation.dds"/>
        <AlertIcon value="Assets\Textures\btn-ability-kerrigan-wildmutation.dds"/>
        <EditorCategories value="Race:Dragon"/>
    </CButton>
    <CButton id="AuroraConduit">
        <Icon value="Assets\Textures\btn-unit-zerg-mutalisk-broodlord.dds"/>
        <AlertIcon value="Assets\Textures\btn-unit-zerg-mutalisk-broodlord.dds"/>
        <EditorCategories value="Race:Dragon"/>
    </CButton>
    <CButton id="Fleshrender">
        <Icon value="Assets\Textures\btn-unit-zerg-scourge.dds"/>
        <AlertIcon value="Assets\Textures\btn-unit-zerg-scourge.dds"/>
        <EditorCategories value="Race:Dragon"/>
    </CButton>
    <CButton id="FrontierDeepOne">
        <Icon value="Assets\Textures\btn-unit-zerg-nyduscreeptower.dds"/>
        <AlertIcon value="Assets\Textures\btn-unit-zerg-nyduscreeptower.dds"/>
        <EditorCategories value="Race:Dragon"/>
    </CButton>
    <CButton id="HornedMagusActivateInvigorate">
        <Icon value="Assets\Textures\btn-ability-kerrigan-vespeneefficiency.dds"/>
        <AlertIcon value="Assets\Textures\btn-ability-kerrigan-vespeneefficiency.dds"/>
        <EditorCategories value="Race:Dragon"/>
    </CButton>
    <CButton id="FrontierDeepOneActivateInvigorate">
        <Icon value="Assets\Textures\btn-ability-kerrigan-vespeneefficiency.dds"/>
        <EditorCategories value="Race:Dragon"/>
    </CButton>
    <CButton id="ArcwyrmLoad">
        <Icon value="Assets\Textures\btn-ability-terran-load.dds"/>
        <AlertIcon value="Assets\Textures\btn-ability-terran-load.dds"/>
        <TintRacially value="1"/>
        <HotkeyAlias value="BunkerLoad"/>
        <Universal value="1"/>
        <EditorCategories value="Race:Dragon"/>
    </CButton>
    <CButton id="Coagulater">
        <Icon value="Assets\Textures\btn-building-zerg-lurkerden.dds"/>
        <AlertIcon value="Assets\Textures\btn-building-zerg-lurkerden.dds"/>
        <EditorCategories value="Race:Dragon"/>
    </CButton>
    <CButton id="ArkwyrmUnloadAll">
        <Icon value="Assets\Textures\btn-ability-terran-unloadall.dds"/>
        <AlertIcon value="Assets\Textures\btn-ability-terran-unloadall.dds"/>
        <TintRacially value="1"/>
        <HotkeyAlias value="BunkerUnloadAll"/>
        <Universal value="1"/>
        <EditorCategories value="Race:Dragon"/>
    </CButton>
    <CButton id="DenizenoftheDeep">
        <Icon value="Assets\Textures\btn-building-zerg-primalhive.dds"/>
        <AlertIcon value="Assets\Textures\btn-building-zerg-primalhive.dds"/>
        <EditorCategories value="Race:Dragon"/>
    </CButton>
    <CButton id="Flamespitter">
        <Icon value="Assets\Textures\btn-unit-zerg-primalzergling.dds"/>
        <AlertIcon value="Assets\Textures\btn-unit-zerg-primalzergling.dds"/>
        <EditorCategories value="Race:Dragon"/>
    </CButton>
    <CButton id="AscendedPlodder" parent="AscendedDragon"/>
    <CButton id="AscendedBerserker" parent="AscendedDragon"/>
    <CButton id="GreaterDeepOne">
        <Icon value="Assets\Textures\btn-unit-zerg-nydusdragon.dds"/>
        <AlertIcon value="Assets\Textures\btn-unit-zerg-nydusdragon.dds"/>
        <EditorCategories value="Race:Dragon"/>
    </CButton>
    <CButton id="GrimGlider">
        <Icon value="Assets\Textures\btn-critter-sporeray.dds"/>
        <AlertIcon value="Assets\Textures\btn-critter-sporeray.dds"/>
        <EditorCategories value="Race:Dragon"/>
    </CButton>
    <CButton id="AscendedSkyrazer" parent="AscendedDragon"/>
    <CButton id="HandofPower">
        <Icon value="Assets\Textures\btn-unit-zerg-impaler.dds"/>
        <AlertIcon value="Assets\Textures\btn-unit-zerg-impaler.dds"/>
        <EditorCategories value="Race:Dragon"/>
    </CButton>
    <CButton id="HandofPowerCrushingGravity">
        <Icon value="Assets\Textures\btn-ability-swarm-kerrigan-crushinggrip.dds"/>
        <AlertIcon value="Assets\Textures\btn-ability-swarm-kerrigan-crushinggrip.dds"/>
        <EditorCategories value="Race:Dragon"/>
    </CButton>
    <CButton id="HandofPowerPortalEntrance">
        <Icon value="Assets\Textures\btn-ability-protoss-blackhole-color.dds"/>
        <EditorCategories value="Race:Dragon"/>
    </CButton>
    <CButton id="HandofPowerPortalExit">
        <Icon value="Assets\Textures\btn-ability-neutral-ursadonleap.dds"/>
        <EditorCategories value="Race:Dragon"/>
    </CButton>
    <CButton id="HornedMagus">
        <Icon value="Assets\Textures\btn-critter-tastelope.dds"/>
        <AlertIcon value="Assets\Textures\btn-critter-tastelope.dds"/>
        <EditorCategories value="Race:Dragon"/>
    </CButton>
    <CButton id="HornedMagusFireShield">
        <Icon value="Assets\Textures\btn-ability-terran-electricfield.dds"/>
        <EditorCategories value="Race:Dragon"/>
    </CButton>
    <CButton id="HandofPowerFrenzy">
        <Icon value="Assets\Textures\btn-ability-kerrigan-wildmutation.dds"/>
        <AlertIcon value="Assets\Textures\btn-ability-kerrigan-wildmutation.dds"/>
        <EditorCategories value="Race:Dragon"/>
    </CButton>
    <CButton id="HornedMagusShroud">
        <Icon value="Assets\Textures\btn-ability-protoss-energize.dds"/>
        <AlertIcon value="Assets\Textures\btn-ability-protoss-energize.dds"/>
        <EditorCategories value="Race:Dragon"/>
    </CButton>
    <CButton id="Hunter">
        <Icon value="Assets\Textures\btn-unit-zerg-ravasaur.dds"/>
        <AlertIcon value="Assets\Textures\btn-unit-zerg-ravasaur.dds"/>
        <EditorCategories value="Race:Dragon"/>
    </CButton>
    <CButton id="LesserDeepOneShroud">
        <Icon value="Assets\Textures\btn-ability-protoss-energize.dds"/>
        <AlertIcon value="Assets\Textures\btn-ability-protoss-energize.dds"/>
        <EditorCategories value="Race:Dragon"/>
    </CButton>
    <CButton id="LesserDeepOne">
        <Icon value="Assets\Textures\btn-building-zerg-nydusworm.dds"/>
        <AlertIcon value="Assets\Textures\btn-building-zerg-nydusworm.dds"/>
        <EditorCategories value="Race:Dragon"/>
    </CButton>
    <CButton id="DragonRetarget">
        <Icon value="Assets\Textures\ui_tipicon_campaign_exp02-focusfire.dds"/>
        <AlertIcon value="Assets\Textures\ui_tipicon_campaign_exp02-focusfire.dds"/>
        <EditorCategories value="Race:Dragon"/>
    </CButton>
    <CButton id="BerserkerMadness">
        <Icon value="Assets\Textures\btn-ability-zerg-dehaka-intimidatingroar.dds"/>
        <TintRacially value="1"/>
        <EditorCategories value="Race:Dragon"/>
    </CButton>
    <CButton id="RazorbackSpikedCarapace">
        <Icon value="Assets\Textures\btn-upgrade-zerg-chitinousplating.dds"/>
        <EditorCategories value="Race:Dragon"/>
    </CButton>
    <CButton id="AscendedUnseenBeast" parent="AscendedDragon"/>
    <CButton id="SkyrazerEmberCore">
        <Icon value="Assets\Textures\ui_tipicon_evolution_baneling-lava.dds"/>
        <AlertIcon value="Assets\Textures\ui_tipicon_evolution_baneling-lava.dds"/>
        <EditorCategories value="Race:Dragon"/>
    </CButton>
    <CButton id="LesserDeepOneUnseenBeast">
        <Icon value="Assets\Textures\wireframe-critter-matriarchsnowbeast.dds"/>
        <AlertIcon value="Assets\Textures\wireframe-critter-matriarchsnowbeast.dds"/>
        <EditorCategories value="Race:Dragon"/>
    </CButton>
    <CButton id="UnseenBeast">
        <Icon value="Assets\Textures\wireframe-critter-matriarchsnowbeast.dds"/>
        <AlertIcon value="Assets\Textures\wireframe-critter-matriarchsnowbeast.dds"/>
        <EditorCategories value="Race:Dragon"/>
    </CButton>
    <CButton id="SunkenGuardian">
        <Icon value="Assets\Textures\btn-building-zerg-impalercolony.dds"/>
        <AlertIcon value="Assets\Textures\btn-building-zerg-impalercolony.dds"/>
        <EditorCategories value="Race:Dragon"/>
    </CButton>
    <CButton id="AscendedVolcanicHarbinger" parent="AscendedDragon"/>
    <CButton id="PhlogistonGuardian">
        <Icon value="Assets\Textures\talent-zagara-level13-bilelauncherresearchbundle.dds"/>
        <AlertIcon value="Assets\Textures\talent-zagara-level13-bilelauncherresearchbundle.dds"/>
        <EditorCategories value="Race:Dragon"/>
    </CButton>
    <CButton id="Razorback">
        <Icon value="Assets\Textures\btn-unit-zerg-quillgore.dds"/>
        <AlertIcon value="Assets\Textures\btn-unit-zerg-quillgore.dds"/>
        <EditorCategories value="Race:Dragon"/>
    </CButton>
    <CButton id="Plodder">
        <Icon value="Assets\Textures\btn-critter-crabeetle.dds"/>
        <AlertIcon value="Assets\Textures\btn-critter-crabeetle.dds"/>
        <EditorCategories value="Race:Dragon"/>
    </CButton>
    <CButton id="PlodderGather">
        <Icon value="Assets\Textures\btn-ability-zerg-gather.dds"/>
        <AlertIcon value="Assets\Textures\btn-ability-zerg-gather.dds"/>
        <Hotkey value="Button/Hotkey/GatherZerg"/>
        <TintRacially value="1"/>
        <Universal value="1"/>
        <SimpleDisplayText value="SimpleDisplay/Gather"/>
        <EditorCategories value="Race:Dragon"/>
    </CButton>
    <CButton id="BrimstoneDemolisher">
        <Icon value="Assets\Textures\btn-unit-zerg-brakk.dds"/>
        <AlertIcon value="Assets\Textures\btn-unit-zerg-brakk.dds"/>
        <EditorCategories value="Race:Dragon"/>
    </CButton>
    <CButton id="Skyrazer">
        <Icon value="Assets\Textures\btn-unit-zerg-tyrannozor.dds"/>
        <AlertIcon value="Assets\Textures\btn-unit-zerg-tyrannozor.dds"/>
        <EditorCategories value="Race:Dragon"/>
    </CButton>
    <CButton id="Arkwyrm">
        <Icon value="Assets\Textures\btn-unit-zerg-leviathan.dds"/>
        <AlertIcon value="Assets\Textures\btn-unit-zerg-leviathan.dds"/>
        <EditorCategories value="Race:Dragon"/>
    </CButton>
    <CButton id="ToweringDeepOneGrimGlider">
        <Icon value="Assets\Textures\btn-critter-sporeray.dds"/>
        <AlertIcon value="Assets\Textures\btn-critter-sporeray.dds"/>
        <EditorCategories value="Race:Dragon"/>
    </CButton>
    <CButton id="ToweringDeepOne">
        <Icon value="Assets\Textures\btn-unit-zerg-nydusdestroyer.dds"/>
        <AlertIcon value="Assets\Textures\btn-unit-zerg-nydusdestroyer.dds"/>
        <EditorCategories value="Race:Dragon"/>
    </CButton>
    <CButton id="ToweringDeepOneProliferation">
        <Icon value="Assets\Textures\btn-ability-kerrigan-broodlingnest.dds"/>
        <AlertIcon value="Assets\Textures\btn-ability-kerrigan-broodlingnest.dds"/>
        <EditorCategories value="Race:Dragon"/>
    </CButton>
    <CButton id="ToweringDeepOneCelerity">
        <Icon value="Assets\Textures\btn-ability-zerg-consume.dds"/>
        <AlertIcon value="Assets\Textures\btn-ability-zerg-consume.dds"/>
        <EditorCategories value="Race:Dragon"/>
    </CButton>
    <CButton id="ToweringDeepOnePlasmaCatalyst">
        <Icon value="Assets\Textures\btn-ability-kerrigan-chainreaction.dds"/>
        <AlertIcon value="Assets\Textures\btn-ability-kerrigan-chainreaction.dds"/>
        <EditorCategories value="Race:Dragon"/>
    </CButton>
    <CButton id="ToweringDeepOneWraithNight">
        <Icon value="Assets\Textures\btn-upgrade-zerg-enduringcorruption.dds"/>
        <AlertIcon value="Assets\Textures\btn-upgrade-zerg-enduringcorruption.dds"/>
        <EditorCategories value="Race:Dragon"/>
    </CButton>
    <CButton id="UnearthDeepOne">
        <Icon value="Assets\Textures\btn-ability-zerg-deeptunnel.dds"/>
        <AlertIcon value="Assets\Textures\btn-ability-zerg-deeptunnel.dds"/>
        <TintRacially value="1"/>
        <EditorCategories value="Race:Dragon"/>
    </CButton>
    <CButton id="UnseenBeastKeenSenses">
        <Icon value="Assets\Textures\btn-ability-zerg-viper-ocularparasite.dds"/>
        <AlertIcon value="Assets\Textures\btn-ability-zerg-viper-ocularparasite.dds"/>
        <EditorCategories value="Race:Dragon"/>
    </CButton>
    <CButton id="UnseenBeastStealthyHunter">
        <Icon value="Assets\Textures\wireframe-critter-snowbeast.dds"/>
        <AlertIcon value="Assets\Textures\wireframe-critter-snowbeast.dds"/>
        <TintRacially value="1"/>
        <EditorCategories value="Race:Dragon"/>
    </CButton>
    <CButton id="UnseenBeastTeleportAssault">
        <Icon value="Assets\Textures\btn-ability-protoss-blink-zeratul.dds"/>
        <AlertIcon value="Assets\Textures\btn-ability-protoss-blink-color.dds"/>
        <TintRacially value="1"/>
        <EditorCategories value="Race:Dragon"/>
    </CButton>
    <CButton id="VolcanicHarbinger">
        <Icon value="Assets\Textures\btn-lostvinking-swarmguardian.dds"/>
        <AlertIcon value="Assets\Textures\btn-lostvinking-swarmguardian.dds"/>
        <EditorCategories value="Race:Dragon"/>
    </CButton>
    <CButton id="VolcanicHarbingerOverload">
        <Icon value="Assets\Textures\btn-ability-kerrigan-crushinggrip.dds"/>
        <AlertIcon value="Assets\Textures\btn-ability-kerrigan-crushinggrip.dds"/>
        <EditorCategories value="Race:Dragon"/>
    </CButton>
</Catalog>
