<?xml version="1.0" encoding="utf-8"?>
<Catalog>
    <CEffectCreatePersistent id="ArkwyrmTransportCreatePersistent">
        <WhichLocation Value="TargetUnit"/>
        <InitialDelay value="0.0625"/>
        <InitialEffect value="ArkwyrmTransportSet"/>
        <EditorCategories value="Race:Dragon"/>
    </CEffectCreatePersistent>
    <CEffectSet id="ArkwyrmTransportSet">
        <ValidatorArray value="ArkwyrmUnload"/>
        <EffectArray value="DragonTrainApplyBehavior2"/>
        <EffectArray value="ArkwyrmUnloadRemoveBehavior"/>
        <EffectArray value="ArkwyrmUnloadLaunchMissile"/>
        <EditorCategories value="Race:Dragon"/>
    </CEffectSet>
    <CEffectCreatePersistent id="ArkwyrmUnloadCreatePersistent">
        <InitialEffect value="ArkwyrmUnloadIssueOrder1"/>
        <ExpireEffect value="ArkwyrmUnloadSearchArea"/>
        <ValidatorArray value="Walkable"/>
        <ValidatorArray value="CasterHasCargo"/>
        <EditorCategories value="Race:Dragon"/>
    </CEffectCreatePersistent>
    <CEffectIssueOrder id="ArkwyrmUnloadIssueOrder1">
        <WhichUnit Value="Caster"/>
        <Abil value="ArkwyrmTransport"/>
        <AbilCmdIndex value="1"/>
        <Player Value="Caster"/>
        <CmdFlags index="Preempt" value="1"/>
        <EditorCategories value="Race:Dragon"/>
    </CEffectIssueOrder>
    <CEffectIssueOrder id="ArkwyrmUnloadIssueOrder2">
        <WhichUnit Value="Caster"/>
        <Abil value="ArkwyrmUnload"/>
        <Player Value="Caster"/>
        <CmdFlags index="Preempt" value="1"/>
        <Target Effect="ArkwyrmUnloadCreatePersistent" Value="TargetPoint"/>
        <EditorCategories value="Race:Dragon"/>
    </CEffectIssueOrder>
    <CEffectLaunchMissile id="ArkwyrmUnloadLaunchMissile">
        <ImpactEffect value="DragonTrainRemoveBehavior2"/>
        <AmmoUnit value="DragonTrainMissile"/>
        <Movers Link="Arkwyrm1" IfRangeLTE="1.25"/>
        <Movers Link="Arkwyrm500" IfRangeLTE="500"/>
        <EditorCategories value="Race:Dragon"/>
    </CEffectLaunchMissile>
    <CEffectRemoveBehavior id="ArkwyrmUnloadRemoveBehavior">
        <BehaviorLink value="ArkwyrmUnload"/>
        <EditorCategories value="Race:Dragon"/>
    </CEffectRemoveBehavior>
    <CEffectSet id="ArkwyrmUnloadSet">
        <ValidatorArray value="ArkwyrmUnload"/>
        <EffectArray value="ArkwyrmUnloadTeleport"/>
        <EffectArray value="DragonTrainApplyBehavior2"/>
        <EffectArray value="ArkwyrmUnloadRemoveBehavior"/>
        <EffectArray value="ArkwyrmUnloadLaunchMissile"/>
        <EffectArray value="ArkwyrmUnloadIssueOrder2"/>
        <EditorCategories value="Race:Dragon"/>
    </CEffectSet>
    <CEffectEnumArea id="ArkwyrmUnloadSearchArea">
        <ImpactLocation Value="CasterPoint"/>
        <AreaArray Radius="500" Effect="ArkwyrmUnloadSet"/>
        <MaxCount value="1"/>
        <EditorCategories value="Race:Dragon"/>
    </CEffectEnumArea>
    <CEffectTeleport id="ArkwyrmUnloadTeleport">
        <ClearQueuedOrders value="0"/>
        <MinDistance value="0"/>
        <PlacementArc value="360"/>
        <PlacementAround Effect="ArkwyrmUnloadCreatePersistent"/>
        <SourceLocation Value="TargetUnit"/>
        <TargetLocation Effect="ArkwyrmUnloadCreatePersistent" Value="TargetPoint"/>
        <TeleportFlags index="TestFog" value="0"/>
        <EditorCategories value="Race:Dragon"/>
    </CEffectTeleport>
    <CEffectApplyBehavior id="AugmentationPit">
        <EditorCategories value="Race:Dragon"/>
    </CEffectApplyBehavior>
    <CEffectIssueOrder id="AugmentationPitIssueOrder">
        <Abil value="AugmentationPit"/>
        <CmdFlags index="Preempt" value="1"/>
        <Target Value="CasterUnit"/>
        <EditorCategories value="Race:Dragon"/>
    </CEffectIssueOrder>
    <CEffectApplyBehavior id="AuroraConduitNetherShockApplyBehavior">
        <Behavior value="AuroraConduitNetherShock"/>
        <ValidatorArray index="0" value="NotStructure"/>
        <EditorCategories value="Race:Dragon"/>
    </CEffectApplyBehavior>
    <CEffectDamage id="AuroraConduitAscendedNetherShockDamage" parent="DU_WEAP_MISSILE">
        <ValidatorArray value="CasterAscended"/>
        <Amount value="1"/>
        <Death value="Fire"/>
        <EditorCategories value="Race:Dragon"/>
    </CEffectDamage>
    <CEffectEnumArea id="AuroraConduitNetherShockSearchArea1">
        <ExcludeArray Value="Target"/>
        <SearchFilters value="Visible;Player,Ally,Structure,Missile,Stasis,Dead,Hidden,Invulnerable"/>
        <TargetSorts RequestCount="1" RequestPercentage="1">
            <SortArray value="TSDistanceToTarget"/>
        </TargetSorts>
        <AreaArray Radius="3" Effect="AuroraConduitNetherShockSet2"/>
        <MaxCount value="1"/>
        <SearchFlags index="ExtendByUnitRadius" value="1"/>
        <EditorCategories value="Race:Dragon"/>
    </CEffectEnumArea>
    <CEffectEnumArea id="AuroraConduitNetherShockSearchArea2" parent="AuroraConduitNetherShockSearchArea1">
        <AreaArray index="0" Radius="2" Effect="AuroraConduitNetherShockSet3"/>
    </CEffectEnumArea>
    <CEffectEnumArea id="AuroraConduitNetherShockSearchArea3" parent="AuroraConduitNetherShockSearchArea1">
        <AreaArray index="0" Radius="1" Effect="AuroraConduitNetherShockSet4"/>
    </CEffectEnumArea>
    <CEffectSet id="AuroraConduitNetherShockSet">
        <ValidatorArray value="TargetNotChangeling"/>
        <ValidatorArray value="noMarkers"/>
        <EffectArray value="AuroraConduitNetherShockApplyBehavior"/>
        <EffectArray value="AuroraConduitNetherShockDummy"/>
        <EffectArray value="AuroraConduitAscendedNetherShockDamage"/>
        <EditorCategories value="Race:Dragon"/>
    </CEffectSet>
    <CEffectSet id="AuroraConduitNetherShockSet2" parent="AuroraConduitNetherShockSet">
        <EffectArray value="AuroraConduitNetherShockSearchArea2"/>
    </CEffectSet>
    <CEffectSet id="AuroraConduitNetherShockSet1" parent="AuroraConduitNetherShockSet">
        <EffectArray value="AuroraConduitNetherShockSearchArea1"/>
        <EffectArray value="AuroraConduitNetherShockLaunchMissile1"/>
    </CEffectSet>
    <CEffectSet id="AuroraConduitNetherShockSet3" parent="AuroraConduitNetherShockSet">
        <EffectArray value="AuroraConduitNetherShockSearchArea3"/>
    </CEffectSet>
    <CEffectSet id="AuroraConduitNetherShockSet4" parent="AuroraConduitNetherShockSet"/>
    <CEffectApplyBehavior id="BrimstoneDemolisherScorchingBlazeApplyBehavior1">
        <Behavior value="BrimstoneDemolisherScorchingBlaze3"/>
        <EditorCategories value="Race:Dragon"/>
    </CEffectApplyBehavior>
    <CEffectCreatePersistent id="BrimstoneDemolisherBrutalThrashCreatePersistent1">
        <WhichLocation Value="SourceUnit"/>
        <OffsetVectorEndLocation Value="SourceUnit"/>
        <Flags index="Channeled" value="1"/>
        <PeriodicEffectArray value="BrimstoneDemolisherBrutalThrashSearchArea"/>
        <PeriodicOffsetArray value="-1,0,0"/>
        <PeriodicOffsetArray value="-1.5,0,0"/>
        <PeriodicOffsetArray value="-2,0,0"/>
        <PeriodicOffsetArray value="-0.866,-0.5,0"/>
        <PeriodicOffsetArray value="-1.299,-0.75,0"/>
        <PeriodicOffsetArray value="-1.732,-1,0"/>
        <PeriodicOffsetArray value="-0.5,-0.866,0"/>
        <PeriodicOffsetArray value="-0.75,-1.299,0"/>
        <PeriodicOffsetArray value="-1,-1.732,0"/>
        <PeriodicOffsetArray value="0,-1,0"/>
        <PeriodicOffsetArray value="0,-1.5,0"/>
        <PeriodicOffsetArray value="0,-2,0"/>
        <PeriodicOffsetArray value="0.25,-1,0"/>
        <PeriodicOffsetArray value="0.25,-1.5,0"/>
        <PeriodicOffsetArray value="0.25,-2,0"/>
        <PeriodicPeriodArray value="0.0625"/>
        <PeriodicPeriodArray value="0"/>
        <PeriodicPeriodArray value="0"/>
        <Marker>
            <MatchFlags index="Id" value="1"/>
        </Marker>
        <TimeScaleSource Value="Caster"/>
        <PeriodCount value="15"/>
        <EditorCategories value="Race:Dragon"/>
    </CEffectCreatePersistent>
    <CEffectCreatePersistent id="BrimstoneDemolisherBrutalThrashCreatePersistent2">
        <Marker>
            <MatchFlags index="Id" value="1"/>
        </Marker>
        <WhichLocation Value="SourceUnit"/>
        <TimeScaleSource Value="Caster"/>
        <OffsetVectorEndLocation Value="SourceUnit"/>
        <Flags index="Channeled" value="1"/>
        <InitialDelay value="0.5"/>
        <PeriodCount value="15"/>
        <PeriodicEffectArray value="BrimstoneDemolisherBrutalThrashSearchArea"/>
        <PeriodicOffsetArray value="1,0,0"/>
        <PeriodicOffsetArray value="1.5,0,0"/>
        <PeriodicOffsetArray value="2,0,0"/>
        <PeriodicOffsetArray value="0.866,-0.5,0"/>
        <PeriodicOffsetArray value="1.299,-0.75,0"/>
        <PeriodicOffsetArray value="1.732,-1,0"/>
        <PeriodicOffsetArray value="0.5,-0.866,0"/>
        <PeriodicOffsetArray value="0.75,-1.299,0"/>
        <PeriodicOffsetArray value="1,-1.732,0"/>
        <PeriodicOffsetArray value="0,-1,0"/>
        <PeriodicOffsetArray value="0,-1.5,0"/>
        <PeriodicOffsetArray value="0,-2,0"/>
        <PeriodicOffsetArray value="-0.25,-1,0"/>
        <PeriodicOffsetArray value="-0.25,-1.5,0"/>
        <PeriodicOffsetArray value="-0.25,-2,0"/>
        <PeriodicPeriodArray value="0.0625"/>
        <PeriodicPeriodArray value="0"/>
        <PeriodicPeriodArray value="0"/>
        <EditorCategories value="Race:Dragon"/>
    </CEffectCreatePersistent>
    <CEffectSet id="BrimstoneDemolisherBrutalThrashSet">
        <EffectArray value="BrimstoneDemolisherBrutalThrashCreatePersistent1"/>
        <EffectArray value="BrimstoneDemolisherBrutalThrashCreatePersistent2"/>
        <EditorCategories value="Race:Dragon"/>
    </CEffectSet>
    <CEffectEnumArea id="BrimstoneDemolisherBrutalThrashSearchArea">
        <IncludeArray Effect="BrimstoneDemolisherBrutalThrashSet" Value="Target"/>
        <SearchFilters value="Ground;Player,Ally,Missile,Stasis,Dead,Hidden,Invulnerable"/>
        <AreaArray Radius="0.25" Effect="BrimstoneDemolisherBrutalThrashDamage"/>
        <EditorCategories value="Race:Dragon"/>
    </CEffectEnumArea>
    <CEffectApplyBehavior id="BrimstoneDemolisherScorchingBlazeApplyBehavior2">
        <WhichUnit Value="Caster"/>
        <Behavior value="BrimstoneDemolisherScorchingBlaze2"/>
        <EditorCategories value="Race:Dragon"/>
    </CEffectApplyBehavior>
    <CEffectCreatePersistent id="BrimstoneDemolisherScorchingBlazeCreatePersistent">
        <WhichLocation Value="TargetUnit"/>
        <OffsetVectorEndLocation Value="TargetUnit"/>
        <Flags index="Channeled" value="1"/>
        <Flags index="PersistUntilDestroyed" value="1"/>
        <PeriodicEffectArray value="BrimstoneDemolisherScorchingBlazeSet1"/>
        <PeriodicPeriodArray value="0.25"/>
        <ValidatorArray value="BrimstoneDemolisherScorchingBlaze"/>
        <PeriodicValidator value="BrimstoneDemolisherScorchingBlazePeriodic"/>
        <EditorCategories value="Race:Dragon"/>
    </CEffectCreatePersistent>
    <CEffectCreatePersistent id="BrimstoneDemolisherScorchingBlazeCreatePersistent1">
        <ValidatorArray value="NoFrenzy"/>
        <Marker>
            <MatchFlags index="Id" value="1"/>
        </Marker>
        <WhichLocation Value="CasterPoint"/>
        <OffsetVectorStartLocation Value="CasterPoint"/>
        <OffsetVectorEndLocation Effect="BrimstoneDemolisherScorchingBlazeCreatePersistent"/>
        <PeriodCount value="12"/>
        <PeriodicEffectArray value="BrimstoneDemolisherScorchingBlazeDamage1"/>
        <PeriodicOffsetArray value="0,-1,0"/>
        <PeriodicOffsetArray value="0,-1.5,0"/>
        <PeriodicOffsetArray value="0,-2,0"/>
        <PeriodicOffsetArray value="0,-2.5,0"/>
        <PeriodicOffsetArray value="0,-3,0"/>
        <PeriodicOffsetArray value="0,-3.5,0"/>
        <PeriodicOffsetArray value="0,-4,0"/>
        <PeriodicOffsetArray value="0,-4.5,0"/>
        <PeriodicOffsetArray value="0,-5,0"/>
        <PeriodicOffsetArray value="0,-5.5,0"/>
        <PeriodicOffsetArray value="0,-6,0"/>
        <PeriodicOffsetArray value="0,-6.5,0"/>
        <PeriodicOffsetArray value="0,-7,0"/>
        <PeriodicOffsetArray value="0,-7.5,0"/>
        <PeriodicOffsetArray value="0,-8,0"/>
        <PeriodicOffsetArray value="0,-8.5,0"/>
        <PeriodicOffsetArray value="0,-9,0"/>
        <PeriodicOffsetArray value="0,-9.5,0"/>
        <PeriodicPeriodArray value="0.0625"/>
        <PeriodicPeriodArray value="0"/>
        <PeriodicPeriodArray value="0"/>
        <InitialEffect value="BrimstoneDemolisherScorchingBlazeModifyUnit1"/>
        <EditorCategories value="Race:Dragon"/>
    </CEffectCreatePersistent>
    <CEffectCreatePersistent id="BrimstoneDemolisherScorchingBlazeCreatePersistent2" parent="BrimstoneDemolisherScorchingBlazeCreatePersistent1">
        <ValidatorArray index="0" value="HasFrenzy"/>
        <PeriodicEffectArray index="0" value="BrimstoneDemolisherScorchingBlazeDamage2"/>
        <InitialEffect value="BrimstoneDemolisherScorchingBlazeModifyUnit2"/>
    </CEffectCreatePersistent>
    <CEffectDamage id="BrimstoneDemolisherScorchingBlazeDamage1" parent="DU_WEAP_SPLASH">
        <KindSplash value="Splash"/>
        <Amount value="5"/>
        <Death value="Fire"/>
        <AreaArray Radius="0.5" Fraction="1" Validator="noMarkers"/>
        <IncludeArray Effect="BrimstoneDemolisherScorchingBlazeCreatePersistent" Value="Target"/>
        <SearchFilters value="Ground;Player,Ally,Missile,Stasis,Dead,Hidden,Invulnerable"/>
        <EditorCategories value="Race:Dragon"/>
    </CEffectDamage>
    <CEffectCreatePersistent id="BrimstoneDemolisherScorchingBlazeSet2">
        <WhichLocation Value="TargetUnit"/>
        <InitialEffect value="BrimstoneDemolisherScorchingBlazeIssueOrder"/>
        <ExpireEffect value="BrimstoneDemolisherScorchingBlazeApplyBehavior1"/>
        <EditorCategories value="Race:Dragon"/>
    </CEffectCreatePersistent>
    <CEffectRemoveBehavior id="BrimstoneDemolisherScorchingBlazeRemoveBehavior">
        <WhichUnit Value="Caster"/>
        <BehaviorLink value="BrimstoneDemolisherScorchingBlaze2"/>
        <EditorCategories value="Race:Dragon"/>
    </CEffectRemoveBehavior>
    <CEffectSet id="BrimstoneDemolisherScorchingBlazeSet1">
        <EffectArray value="BrimstoneDemolisherScorchingBlazeCreatePersistent1"/>
        <EffectArray value="BrimstoneDemolisherScorchingBlazeCreatePersistent2"/>
        <EditorCategories value="Race:Dragon"/>
    </CEffectSet>
    <CEffectDamage id="BrimstoneDemolisherScorchingBlazeDamage2" parent="BrimstoneDemolisherScorchingBlazeDamage1">
        <Amount value="7.5"/>
        <Marker Link="Effect/BrimstoneDemolisherScorchingBlazeDamage"/>
        <ArmorReduction value="1.5"/>
    </CEffectDamage>
    <CEffectModifyUnit id="BrimstoneDemolisherScorchingBlazeModifyUnit1">
        <ImpactUnit Value="Caster"/>
        <VitalArray index="Energy">
            <Change value="-2"/>
        </VitalArray>
        <EditorCategories value="Race:Dragon"/>
    </CEffectModifyUnit>
    <CEffectModifyUnit id="BrimstoneDemolisherScorchingBlazeModifyUnit2" parent="BrimstoneDemolisherScorchingBlazeModifyUnit1">
        <VitalArray index="Energy">
            <Change value="-3"/>
        </VitalArray>
    </CEffectModifyUnit>
    <CEffectIssueOrder id="BrimstoneDemolisherScorchingBlazeIssueOrder">
        <WhichUnit Value="Caster"/>
        <Abil value="attack"/>
        <CmdFlags index="Preempt" value="1"/>
        <Player Value="Caster"/>
        <Target Value="TargetUnit"/>
        <EditorCategories value="Race:Dragon"/>
    </CEffectIssueOrder>
    <CEffectCreateUnit id="DeepOne4x4CreateUnit">
        <WhichLocation Value="CasterPoint"/>
        <CreateFlags index="Birth" value="0"/>
        <CreateFlags index="DropOff" value="0"/>
        <CreateFlags index="OffsetByRadius" value="0"/>
        <CreateFlags index="Placement" value="0"/>
        <CreateFlags index="PlacementIgnoreBlockers" value="1"/>
        <CreateFlags index="PlacementIgnoreCliffTest" value="1"/>
        <CreateFlags index="ProvideFood" value="0"/>
        <CreateFlags index="TechComplete" value="0"/>
        <CreateFlags index="UseFood" value="0"/>
        <SpawnOwner Value="Neutral"/>
        <SpawnEffect value="DeepOne4x4Set"/>
        <SpawnUnit value="DeepOne4x4"/>
        <EditorCategories value="Race:Dragon"/>
    </CEffectCreateUnit>
    <CEffectCreateUnit id="DeepOne5x5CreateUnit">
        <WhichLocation Value="CasterPoint"/>
        <CreateFlags index="Birth" value="0"/>
        <CreateFlags index="DropOff" value="0"/>
        <CreateFlags index="OffsetByRadius" value="0"/>
        <CreateFlags index="Placement" value="0"/>
        <CreateFlags index="PlacementIgnoreBlockers" value="1"/>
        <CreateFlags index="PlacementIgnoreCliffTest" value="1"/>
        <CreateFlags index="ProvideFood" value="0"/>
        <CreateFlags index="TechComplete" value="0"/>
        <CreateFlags index="UseFood" value="0"/>
        <SpawnOwner Value="Neutral"/>
        <SpawnEffect value="DeepOne5x5Set"/>
        <SpawnUnit value="DeepOne5x5"/>
        <EditorCategories value="Race:Dragon"/>
    </CEffectCreateUnit>
    <CEffectRemoveBehavior id="DeepOne4x4RemoveBehavior">
        <WhichUnit Value="Caster"/>
        <BehaviorLink value="DeepOne4x4"/>
        <EditorCategories value="Race:Dragon"/>
    </CEffectRemoveBehavior>
    <CEffectRemoveBehavior id="DeepOne5x5RemoveBehavior">
        <WhichUnit Value="Caster"/>
        <BehaviorLink value="DeepOne5x5"/>
        <EditorCategories value="Race:Dragon"/>
    </CEffectRemoveBehavior>
    <CEffectSet id="DeepOne4x4Set">
        <EffectArray value="RemovewithCaster"/>
        <EffectArray value="DeepOne4x4RemoveBehavior"/>
        <EditorCategories value="Race:Dragon"/>
    </CEffectSet>
    <CEffectSet id="DeepOne5x5Set">
        <EffectArray value="RemovewithCaster"/>
        <EffectArray value="DeepOne5x5RemoveBehavior"/>
        <EditorCategories value="Race:Dragon"/>
    </CEffectSet>
    <CEffectCreatePersistent id="DenizenoftheDeepCrystalize">
        <ValidatorArray value="DenizenoftheDeepCrystalize"/>
        <WhichLocation Value="CasterUnit"/>
        <Flags index="Channeled" value="1"/>
        <Flags index="PersistUntilDestroyed" value="1"/>
        <InitialEffect value="DenizenoftheDeepCrystalizeIssueOrder"/>
        <PeriodicValidator value="DenizenoftheDeepCrystalize"/>
        <PeriodicEffectArray value="DenizenoftheDeepCrystalizeSet"/>
        <PeriodicPeriodArray value="0.0625"/>
        <EditorCategories value="Race:Dragon"/>
    </CEffectCreatePersistent>
    <CEffectApplyBehavior id="DenizenoftheDeepCrystalize1">
        <EditorCategories value="Race:Dragon"/>
    </CEffectApplyBehavior>
    <CEffectIssueOrder id="DenizenoftheDeepCrystalizeIssueOrder">
        <Abil value="DenizenoftheDeepLiquify"/>
        <CmdFlags index="Preempt" value="1"/>
        <CmdFlags index="SetAutoCast" value="1"/>
        <EditorCategories value="Race:Dragon"/>
    </CEffectIssueOrder>
    <CEffectApplyBehavior id="DenizenoftheDeepLiquify1">
        <EditorCategories value="Race:Dragon"/>
    </CEffectApplyBehavior>
    <CEffectCreatePersistent id="DenizenoftheDeepLiquify">
        <ValidatorArray value="DenizenoftheDeepLiquify"/>
        <WhichLocation Value="CasterUnit"/>
        <Flags index="Channeled" value="1"/>
        <Flags index="PersistUntilDestroyed" value="1"/>
        <InitialEffect value="DenizenoftheDeepLiquifyIssueOrder"/>
        <PeriodicValidator value="DenizenoftheDeepLiquify"/>
        <PeriodicEffectArray value="DenizenoftheDeepLiquifySet"/>
        <PeriodicPeriodArray value="0.0625"/>
        <EditorCategories value="Race:Dragon"/>
    </CEffectCreatePersistent>
    <CEffectApplyBehavior id="DenizenoftheDeepCrystalize2">
        <EditorCategories value="Race:Dragon"/>
    </CEffectApplyBehavior>
    <CEffectApplyBehavior id="DenizenoftheDeepLiquify2">
        <EditorCategories value="Race:Dragon"/>
    </CEffectApplyBehavior>
    <CEffectModifyPlayer id="DenizenoftheDeepCrystalizeModifyPlayer1">
        <ValidatorArray value="DenizenoftheDeepCrystalize1"/>
        <Resources index="Minerals" value="1"/>
        <EditorCategories value="Race:Dragon"/>
    </CEffectModifyPlayer>
    <CEffectIssueOrder id="DenizenoftheDeepLiquifyIssueOrder">
        <Abil value="DenizenoftheDeepCrystalize"/>
        <CmdFlags index="Preempt" value="1"/>
        <CmdFlags index="SetAutoCast" value="1"/>
        <EditorCategories value="Race:Dragon"/>
    </CEffectIssueOrder>
    <CEffectModifyPlayer id="DenizenoftheDeepLiquifyModifyPlayer1">
        <ValidatorArray value="DenizenoftheDeepLiquify1"/>
        <Resources index="Minerals" value="-1"/>
        <EditorCategories value="Race:Dragon"/>
    </CEffectModifyPlayer>
    <CEffectModifyPlayer id="DenizenoftheDeepCrystalizeModifyPlayer2">
        <ValidatorArray value="DenizenoftheDeepCrystalize2"/>
        <Resources index="Vespene" value="-1"/>
        <EditorCategories value="Race:Dragon"/>
    </CEffectModifyPlayer>
    <CEffectModifyPlayer id="DenizenoftheDeepLiquifyModifyPlayer2">
        <ValidatorArray value="DenizenoftheDeepLiquify2"/>
        <Resources index="Vespene" value="1"/>
        <EditorCategories value="Race:Dragon"/>
    </CEffectModifyPlayer>
    <CEffectRemoveBehavior id="DenizenoftheDeepCrystalizeRemoveBehavior1">
        <ValidatorArray index="0" value="DenizenoftheDeepCrystalize1"/>
        <BehaviorLink value="DenizenoftheDeepCrystalize1"/>
        <Count value="5"/>
        <EditorCategories value="Race:Dragon"/>
    </CEffectRemoveBehavior>
    <CEffectRemoveBehavior id="DenizenoftheDeepLiquifyRemoveBehavior1">
        <ValidatorArray index="0" value="DenizenoftheDeepLiquify1"/>
        <BehaviorLink value="DenizenoftheDeepLiquify1"/>
        <Count value="5"/>
        <EditorCategories value="Race:Dragon"/>
    </CEffectRemoveBehavior>
    <CEffectRemoveBehavior id="DenizenoftheDeepCrystalizeRemoveBehavior2">
        <ValidatorArray index="0" value="DenizenoftheDeepCrystalize2"/>
        <BehaviorLink value="DenizenoftheDeepCrystalize2"/>
        <Count value="12"/>
        <EditorCategories value="Race:Dragon"/>
    </CEffectRemoveBehavior>
    <CEffectRemoveBehavior id="DenizenoftheDeepLiquifyRemoveBehavior2">
        <ValidatorArray index="0" value="DenizenoftheDeepLiquify2"/>
        <BehaviorLink value="DenizenoftheDeepLiquify2"/>
        <Count value="12"/>
        <EditorCategories value="Race:Dragon"/>
    </CEffectRemoveBehavior>
    <CEffectSet id="DenizenoftheDeepCrystalizeSet">
        <EffectArray value="DenizenoftheDeepCrystalize1"/>
        <EffectArray value="DenizenoftheDeepCrystalize2"/>
        <EffectArray value="DenizenoftheDeepCrystalizeModifyPlayer1"/>
        <EffectArray value="DenizenoftheDeepCrystalizeModifyPlayer2"/>
        <EffectArray value="DenizenoftheDeepCrystalizeRemoveBehavior1"/>
        <EffectArray value="DenizenoftheDeepCrystalizeRemoveBehavior2"/>
        <EditorCategories value="Race:Dragon"/>
    </CEffectSet>
    <CEffectSet id="DenizenoftheDeepLiquifySet">
        <EffectArray value="DenizenoftheDeepLiquify1"/>
        <EffectArray value="DenizenoftheDeepLiquify2"/>
        <EffectArray value="DenizenoftheDeepLiquifyModifyPlayer1"/>
        <EffectArray value="DenizenoftheDeepLiquifyModifyPlayer2"/>
        <EffectArray value="DenizenoftheDeepLiquifyRemoveBehavior1"/>
        <EffectArray value="DenizenoftheDeepLiquifyRemoveBehavior2"/>
        <EditorCategories value="Race:Dragon"/>
    </CEffectSet>
    <CEffectSwitch id="Disguise">
        <CaseArray Validator="DisguiseAsFlamespitter" Effect="DisguiseAsFlamespitter"/>
    </CEffectSwitch>
    <CEffectSet id="DisguiseAsFlamespitter" parent="DisguiseSetDefault"/>
    <CEffectIssueOrder id="DisguiseAsFlamespitterIssueOrder" parent="DisguiseIssueOrderDefault">
        <Abil value="DisguiseAsFlamespitter"/>
    </CEffectIssueOrder>
    <CEffectApplyBehavior id="DragonBuildApplyBehavior">
        <EditorCategories value="Race:Dragon"/>
    </CEffectApplyBehavior>
    <CEffectRemoveBehavior id="DragonBuildRemoveBehavior">
        <WhichUnit Value="Caster"/>
        <EditorCategories value="Race:Dragon"/>
    </CEffectRemoveBehavior>
    <CEffectCreatePersistent id="DragonBuildCreatePersistant">
        <WhichLocation Value="SourceUnit"/>
        <Flags index="PersistUntilDestroyed" value="1"/>
        <InitialDelay value="0.1875"/>
        <PeriodicValidator value="SourceNotDead"/>
        <PeriodicEffectArray value="DragonBuildCreateUnit"/>
        <PeriodicPeriodArray value="0.0625"/>
        <EditorCategories value="Race:Dragon"/>
    </CEffectCreatePersistent>
    <CEffectCreateUnit id="DragonBuildCreateUnit">
        <WhichLocation Value="SourceUnit"/>
        <Origin Value="SourceUnit"/>
        <CreateFlags index="SetFacing" value="1"/>
        <SpawnEffect value="DragonBuildIssueOrder"/>
        <SpawnUnit value="DragonBuildUnit"/>
        <SpawnRange value="0"/>
        <EditorCategories value="Race:Dragon"/>
    </CEffectCreateUnit>
    <CEffectIssueOrder id="DragonBuildIssueOrder">
        <Abil value="DragonBuildApplyBehavior"/>
        <CmdFlags index="Preempt" value="1"/>
        <Target Effect="DragonBuildLaunchMissile" Value="TargetUnit"/>
        <EditorCategories value="Race:Dragon"/>
    </CEffectIssueOrder>
    <CEffectEnumArea id="DragonBuildModel">
        <EditorCategories value="Race:Dragon"/>
    </CEffectEnumArea>
    <CEffectLaunchMissile id="DragonBuildLaunchMissile">
        <ImpactEffect value="RemovePrecursor"/>
        <Flags index="TravelValidation" value="1"/>
        <AmmoUnit value="DragonBuildMissile"/>
        <LaunchEffect value="DragonBuildCreatePersistant"/>
        <EditorCategories value="Race:Dragon"/>
    </CEffectLaunchMissile>
    <CEffectSet id="DragonBuildSet">
        <EffectArray value="SuicidewithCaster"/>
        <EffectArray value="MakePrecursor"/>
        <EffectArray value="DragonBuildLaunchMissile"/>
        <EditorCategories value="Race:Dragon"/>
    </CEffectSet>
    <CEffectApplyBehavior id="DragonFinishApplyBehavior">
        <Behavior value="AugmentationPit"/>
        <EditorCategories value="Race:Dragon"/>
    </CEffectApplyBehavior>
    <CEffectSet id="DragonFinishSet">
        <EffectArray value="AugmentationPitIssueOrder"/>
        <EffectArray value="GenesisPitIssueOrder"/>
        <EffectArray value="DragonFinishApplyBehavior"/>
        <EditorCategories value="Race:Dragon"/>
    </CEffectSet>
    <CEffectSet id="DragonFission">
        <ValidatorArray value="DragonFission"/>
        <EditorCategories value="Race:Dragon"/>
    </CEffectSet>
    <CEffectLaunchMissile id="DragonGenesisPitLaunchMissile">
        <ImpactEffect value="DragonTrainRemoveBehavior2"/>
        <AmmoUnit value="DragonTrainMissile"/>
        <Movers Link="DragonGenesisPitMissile" IfRangeLTE="500"/>
        <EditorCategories value="Race:Dragon"/>
    </CEffectLaunchMissile>
    <CEffectLaunchMissile id="FlamespitterAscendedSeekerFlameLaunchMissile1">
        <LaunchEffect value="FlamespitterAttackApplyBehavior"/>
        <ImpactEffect value="FlamespitterAscendedSeekerFlameSwitch"/>
        <Flags index="Retarget" value="1"/>
        <AmmoUnit value="FlamespitterAttackMissile"/>
        <RetargetFilters value="Visible;Player,Ally,Missile,Stasis,Dead,Hidden,Invulnerable"/>
        <RetargetRange value="3"/>
        <EditorCategories value="Race:Dragon"/>
    </CEffectLaunchMissile>
    <CEffectDamage id="FlamespitterAscendedSeekerFlameDamage" parent="DU_WEAP_MISSILE">
        <AttributeBonus index="Armored" value="2"/>
        <Amount value="8"/>
        <Death value="Fire"/>
        <EditorCategories value="Race:Dragon"/>
    </CEffectDamage>
    <CEffectLaunchMissile id="FlamespitterAscendedSeekerFlameLaunchMissile2">
        <ImpactEffect value="FlamespitterAscendedSeekerFlameSwitch"/>
        <Flags index="Retarget" value="1"/>
        <AmmoUnit value="FlamespitterAttackMissile"/>
        <RetargetFilters value="Visible;Player,Ally,Missile,Stasis,Dead,Hidden,Invulnerable"/>
        <RetargetRange value="3"/>
        <EditorCategories value="Race:Dragon"/>
    </CEffectLaunchMissile>
    <CEffectEnumArea id="FlamespitterAscendedSeekerFlameSearchArea">
        <ExcludeArray Value="Target"/>
        <SearchFilters value="Visible;Player,Ally,Missile,Stasis,Dead,Hidden,Invulnerable"/>
        <AreaArray Radius="3" Effect="FlamespitterAscendedSeekerFlameLaunchMissile2"/>
        <MaxCount value="1"/>
        <EditorCategories value="Race:Dragon"/>
    </CEffectEnumArea>
    <CEffectSwitch id="FlamespitterAscendedSeekerFlameSwitch">
        <CaseArray Validator="DragonRetarget" Effect="FlamespitterAscendedSeekerFlameDamage"/>
        <CaseDefault value="FlamespitterAscendedSeekerFlameSearchArea"/>
        <EditorCategories value="Race:Dragon"/>
    </CEffectSwitch>
    <CEffectSet id="FlamespitterAscendedMeleeSet">
        <EffectArray value="FlamespitterAttackApplyBehavior"/>
        <EffectArray value="FlamespitterAscendedClawsDamage"/>
        <EditorCategories value="Race:Dragon"/>
    </CEffectSet>
    <CEffectDamage id="FlamespitterAscendedClawsDamage" parent="DU_WEAP">
        <Amount value="7"/>
        <EditorCategories value="Race:Dragon"/>
    </CEffectDamage>
    <CEffectSwitch id="FleshrenderCinderSpikeSwitch">
        <CaseArray Validator="DragonRetarget" Effect="FleshrenderCinderSpikeDamage"/>
        <CaseDefault value="FleshrenderCinderSpikeSearchArea"/>
        <EditorCategories value="Race:Dragon"/>
    </CEffectSwitch>
    <CEffectApplyBehavior id="FleshrenderInfernalAscendApplyBehavior">
        <Behavior value="FleshrenderInfernalAscend"/>
        <EditorCategories value="Race:Dragon"/>
    </CEffectApplyBehavior>
    <CEffectDamage id="FleshrenderInfernalAscendDamage">
        <Flags index="NoDamageTimerReset" value="1"/>
        <EditorCategories value="Race:Dragon"/>
    </CEffectDamage>
    <CEffectIssueOrder id="FleshrenderInfernalAscendIssueOrder">
        <CmdFlags index="Preempt" value="1"/>
        <Abil value="AscendedFleshrenderFree"/>
        <EditorCategories value="Race:Dragon"/>
    </CEffectIssueOrder>
    <CEffectLaunchMissile id="FleshrenderInfernalAscendLaunchMissile1">
        <ImpactEffect value="FleshrenderInfernalAscendSwitch"/>
        <AmmoUnit value="FleshrenderInfernalAscendMissile"/>
        <ValidatorArray index="0" value="IsFleshrender"/>
        <ValidatorArray value="NotAscended"/>
        <EditorCategories value="Race:Dragon"/>
    </CEffectLaunchMissile>
    <CEffectRemoveBehavior id="FleshrenderInfernalAscendRemoveBehavior">
        <BehaviorLink value="FleshrenderInfernalAscend"/>
        <EditorCategories value="Race:Dragon"/>
    </CEffectRemoveBehavior>
    <CEffectEnumArea id="FleshrenderInfernalAscendSearchArea1">
        <ValidatorArray value="CasterAscended"/>
        <ImpactLocation Value="CasterPoint"/>
        <SearchFilters value="Visible;Neutral,Enemy,Heroic,Missile,Stasis,Dead,Hidden,Invulnerable"/>
        <AreaArray Radius="10" Effect="FleshrenderInfernalAscendLaunchMissile1"/>
        <MaxCount value="1"/>
        <EditorCategories value="Race:Dragon"/>
    </CEffectEnumArea>
    <CEffectLaunchMissile id="FleshrenderInfernalAscendLaunchMissile2">
        <ImpactEffect value="FleshrenderInfernalAscendSwitch"/>
        <AmmoUnit value="FleshrenderInfernalAscendMissile"/>
        <ValidatorArray index="0" value="IsFleshrender"/>
        <ValidatorArray value="NotAscended"/>
        <Movers Link="FleshrenderInfernalAscendBounce" IfRangeLTE="500"/>
        <EditorCategories value="Race:Dragon"/>
    </CEffectLaunchMissile>
    <CEffectSet id="FleshrenderInfernalAscendSet">
        <EffectArray value="FleshrenderInfernalAscendDamage"/>
        <EffectArray value="FleshrenderInfernalAscendApplyBehavior"/>
        <EditorCategories value="Race:Dragon"/>
    </CEffectSet>
    <CEffectEnumArea id="FleshrenderInfernalEffigySearchArea1">
        <ImpactLocation Value="CasterPoint"/>
        <SearchFilters value="Visible;Player,Ally,Missile,Stasis,Dead,Hidden,Invulnerable"/>
        <AreaArray Radius="10" Effect="FleshrenderInfernalEffigyLaunchMissile1"/>
        <MaxCount value="1"/>
        <EditorCategories value="Race:Dragon"/>
    </CEffectEnumArea>
    <CEffectEnumArea id="FleshrenderInfernalAscendSearchArea2">
        <ExcludeArray Value="Target"/>
        <SearchFilters value="Visible;Neutral,Enemy,Heroic,Missile,Stasis,Dead,Hidden,Invulnerable"/>
        <AreaArray Radius="10" Effect="FleshrenderInfernalAscendLaunchMissile2"/>
        <MaxCount value="1"/>
        <EditorCategories value="Race:Dragon"/>
    </CEffectEnumArea>
    <CEffectSwitch id="FleshrenderInfernalEffigySwitch1">
        <CaseArray Validator="DragonRetargetNoAllies" Effect="FleshrenderInfernalEffigyLaunchMissile1"/>
        <CaseDefault value="FleshrenderInfernalEffigySearchArea1"/>
        <ValidatorArray value="CasterAscended"/>
        <EditorCategories value="Race:Dragon"/>
    </CEffectSwitch>
    <CEffectSwitch id="FleshrenderInfernalAscendSwitch">
        <CaseArray Validator="FleshrenderInfernalAscendRetarget" Effect="FleshrenderInfernalAscendSet"/>
        <CaseDefault value="FleshrenderInfernalAscendSearchArea2"/>
        <EditorCategories value="Race:Dragon"/>
    </CEffectSwitch>
    <CEffectApplyBehavior id="FrontierDeepOneInvigorateApplyBehavior">
        <ValidatorArray index="0" value="CasterHasEnergy"/>
        <Behavior value="FrontierDeepOneInvigorateCaster"/>
        <EditorCategories value="Race:Dragon"/>
    </CEffectApplyBehavior>
    <CEffectApplyBehavior id="GenesisPit">
        <EditorCategories value="Race:Dragon"/>
    </CEffectApplyBehavior>
    <CEffectIssueOrder id="GenesisPitIssueOrder">
        <Abil value="GenesisPit"/>
        <CmdFlags index="Preempt" value="1"/>
        <Target Value="CasterUnit"/>
        <EditorCategories value="Race:Dragon"/>
    </CEffectIssueOrder>
    <CEffectSet id="GrimGliderShadeSet">
        <EffectArray value="GrimGliderShadeModifyUnit"/>
        <EffectArray value="HandofPowerFrenzyCreatePersistent"/>
        <EditorCategories value="Race:Dragon"/>
    </CEffectSet>
    <CEffectModifyUnit id="GrimGliderShadeModifyUnit">
        <ValidatorArray value="GrimGliderShadeDamage"/>
        <VitalArray index="Life">
            <ChangeFraction value="-0.0625"/>
        </VitalArray>
        <VitalArray index="Shields">
            <ChangeFraction value="-0.0625"/>
        </VitalArray>
        <EditorCategories value="Race:Dragon"/>
    </CEffectModifyUnit>
    <CEffectCreatePersistent id="HandofPowerFrenzyCreatePersistent">
        <ValidatorArray value="NotAttacking2"/>
        <WhichLocation Value="SourceUnit"/>
        <Flags index="RandomOffset" value="1"/>
        <PeriodCount value="1"/>
        <PeriodicEffectArray value="HandofPowerFrenzyIssueOrder"/>
        <PeriodicOffsetArray value="-1.41,-1.41,0"/>
        <PeriodicOffsetArray value="-2,0,0"/>
        <PeriodicOffsetArray value="-1.41,1.41,0"/>
        <PeriodicOffsetArray value="0,-2,0"/>
        <PeriodicOffsetArray value="0,2,0"/>
        <PeriodicOffsetArray value="1.41,-1.41,0"/>
        <PeriodicOffsetArray value="2,0,0"/>
        <PeriodicOffsetArray value="1.41,1.41,0"/>
        <PeriodicOffsetArray value="-4,0,0"/>
        <PeriodicOffsetArray value="-3.46,-2,0"/>
        <PeriodicOffsetArray value="-3.46,2,0"/>
        <PeriodicOffsetArray value="-2,-3.46,0"/>
        <PeriodicOffsetArray value="-2,3.46,0"/>
        <PeriodicOffsetArray value="0,-4,0"/>
        <PeriodicOffsetArray value="0,4,0"/>
        <PeriodicOffsetArray value="2,-3.46,0"/>
        <PeriodicOffsetArray value="2,3.46,0"/>
        <PeriodicOffsetArray value="3.46,-2,0"/>
        <PeriodicOffsetArray value="3.46,2,0"/>
        <PeriodicOffsetArray value="4,0,0"/>
        <EditorCategories value="Race:Dragon"/>
    </CEffectCreatePersistent>
    <CEffectIssueOrder id="HandofPowerFrenzyIssueOrder">
        <Abil value="attack"/>
        <Target Value="TargetPoint"/>
        <WhichUnit Value="Source"/>
        <Player Value="Source"/>
        <EditorCategories value="Race:Dragon"/>
    </CEffectIssueOrder>
    <CEffectApplyBehavior id="HornedMagusFireShieldApplyBehavior2">
        <ValidatorArray index="0" value="NoFireShield"/>
        <Behavior value="HornedMagusFireShieldDamage"/>
        <EditorCategories value="Race:Dragon"/>
    </CEffectApplyBehavior>
    <CEffectEnumTransport id="HornedMagusFireShieldCargo">
        <Effect value="HornedMagusFireShieldApplyBehavior2"/>
        <CheckOuter value="1"/>
        <EditorCategories value="Race:Dragon"/>
    </CEffectEnumTransport>
    <CEffectSet id="HornedMagusFireShieldSet">
        <EffectArray value="HornedMagusFireShieldSearchArea1"/>
        <EffectArray value="HornedMagusFireShieldSearchArea2"/>
        <EffectArray value="HornedMagusFireShieldCargo"/>
        <EditorCategories value="Race:Dragon"/>
    </CEffectSet>
    <CEffectApplyBehavior id="HornedMagusInvigorateApplyBehavior">
        <ValidatorArray index="0" value="CasterHasEnergy"/>
        <Behavior value="HornedMagusInvigorateCaster"/>
        <EditorCategories value="Race:Dragon"/>
    </CEffectApplyBehavior>
    <CEffectLaunchMissile id="AuroraConduitNetherShockLaunchMissile1">
        <ImpactEffect value="AuroraConduitNetherShockSwitch"/>
        <AmmoUnit value="AuroraConduitAttackMissile"/>
        <EditorCategories value="Race:Dragon"/>
    </CEffectLaunchMissile>
    <CEffectDamage id="AuroraConduitNetherShockDamage" parent="DU_WEAP_MISSILE">
        <Amount value="14"/>
        <Death value="Fire"/>
        <EditorCategories value="Race:Dragon"/>
    </CEffectDamage>
    <CEffectLaunchMissile id="AuroraConduitNetherShockLaunchMissile2">
        <ImpactEffect value="AuroraConduitNetherShockSwitch"/>
        <AmmoUnit value="AuroraConduitAttackMissile"/>
        <Movers Link="AuroraConduitAttackBounce" IfRangeLTE="500"/>
        <EditorCategories value="Race:Dragon"/>
    </CEffectLaunchMissile>
    <CEffectEnumArea id="AuroraConduitNetherShockSearchArea">
        <SearchFilters value="Visible;Player,Ally,Missile,Stasis,Dead,Hidden,Invulnerable"/>
        <AreaArray Radius="3" Effect="AuroraConduitNetherShockLaunchMissile2"/>
        <MaxCount value="1"/>
        <ExcludeArray Value="Target"/>
        <EditorCategories value="Race:Dragon"/>
    </CEffectEnumArea>
    <CEffectSwitch id="AuroraConduitNetherShockSwitch">
        <CaseArray Validator="DragonRetarget" Effect="AuroraConduitNetherShockDamage"/>
        <CaseDefault value="AuroraConduitNetherShockSearchArea"/>
        <EditorCategories value="Race:Dragon"/>
    </CEffectSwitch>
    <CEffectDamage id="FleshrenderInfernalEffigyDamage">
        <Amount value="45"/>
        <Death value="Fire"/>
        <EditorCategories value="Race:Dragon"/>
    </CEffectDamage>
    <CEffectLaunchMissile id="FleshrenderInfernalEffigyLaunchMissile1">
        <ImpactEffect value="FleshrenderInfernalEffigySwitch2"/>
        <Flags index="Retarget" value="1"/>
        <AmmoUnit value="FleshrenderInfernalEffigyMissile"/>
        <RetargetFilters value="Visible;Player,Ally,Missile,Stasis,Dead,Hidden,Invulnerable"/>
        <RetargetRange value="3.5"/>
        <EditorCategories value="Race:Dragon"/>
    </CEffectLaunchMissile>
    <CEffectEnumArea id="FleshrenderInfernalEffigySearchArea2">
        <ExcludeArray Value="Target"/>
        <SearchFilters value="Visible;Player,Ally,Missile,Stasis,Dead,Hidden,Invulnerable"/>
        <AreaArray Radius="3.5" Effect="FleshrenderInfernalEffigyLaunchMissile2"/>
        <MaxCount value="1"/>
        <EditorCategories value="Race:Dragon"/>
    </CEffectEnumArea>
    <CEffectLaunchMissile id="FleshrenderInfernalEffigyLaunchMissile2">
        <ImpactEffect value="FleshrenderInfernalEffigySwitch2"/>
        <Flags index="Retarget" value="1"/>
        <AmmoUnit value="FleshrenderInfernalEffigyMissile"/>
        <RetargetFilters value="Visible;Player,Ally,Missile,Stasis,Dead,Hidden,Invulnerable"/>
        <RetargetRange value="3.5"/>
        <EditorCategories value="Race:Dragon"/>
    </CEffectLaunchMissile>
    <CEffectSwitch id="FleshrenderInfernalEffigySwitch2">
        <CaseArray Validator="DragonRetarget" Effect="FleshrenderInfernalEffigyDamage"/>
        <CaseDefault value="FleshrenderInfernalEffigySearchArea2"/>
        <EditorCategories value="Race:Dragon"/>
    </CEffectSwitch>
    <CEffectSwitch id="HornedMagusMysticBoltSwitch">
        <CaseArray Validator="DragonRetarget" Effect="HornedMagusMysticBoltDamage"/>
        <CaseDefault value="HornedMagusMysticBoltSearchArea"/>
        <EditorCategories value="Race:Dragon"/>
    </CEffectSwitch>
    <CEffectCreatePersistent id="DragonHunterMeleeCreatePersistent">
        <EditorCategories value="Race:Dragon"/>
        <WhichLocation Value="TargetUnit"/>
        <Flags index="Channeled" value="1"/>
        <InitialEffect value="DragonHunterMeleeSet"/>
        <ExpireDelay value="0.375"/>
        <ExpireEffect value="DragonHunterMeleeSet"/>
    </CEffectCreatePersistent>
    <CEffectSwitch id="PhlogistonGuardianFulminationSwitch">
        <CaseArray Validator="DragonRetarget" Effect="PhlogistonGuardianFulminationDamage"/>
        <CaseDefault value="PhlogistonGuardianFulminationSearchArea"/>
        <EditorCategories value="Race:Dragon"/>
    </CEffectSwitch>
    <CEffectCreatePersistent id="RazorbackUrticatingQuillsCreatePersistant">
        <WhichLocation Value="TargetUnit"/>
        <TimeScaleSource Value="Caster"/>
        <InitialDelay value="0.125"/>
        <InitialEffect value="RazorbackUrticatingQuillsLaunchMissile"/>
        <EditorCategories value="Race:Dragon"/>
    </CEffectCreatePersistent>
    <CEffectLaunchMissile id="RazorbackUrticatingQuillsLaunchMissile">
        <ImpactEffect value="RazorbackUrticatingQuillsDamage"/>
        <AmmoUnit value="RazorbackUrticatingQuillsMissile"/>
        <ValidatorArray index="0" value="CasterNotDead"/>
        <ValidatorArray value="TargetNotDead"/>
        <EditorCategories value="Race:Dragon"/>
    </CEffectLaunchMissile>
    <CEffectDamage id="RazorbackUrticatingQuillsDamage" parent="DU_WEAP_MISSILE">
        <Amount value="2"/>
        <EditorCategories value="Race:Dragon"/>
    </CEffectDamage>
    <CEffectApplyBehavior id="HornedMagusShroudApplyBehavior">
        <Behavior value="HornedMagusShroud"/>
        <EditorCategories value="Race:Dragon"/>
    </CEffectApplyBehavior>
    <CEffectEnumArea id="HornedMagusShroudSearchArea">
        <SearchFilters value="-;Enemy,Missile,Stasis,Dead,Hidden"/>
        <AreaArray Radius="3" Effect="HornedMagusShroudApplyBehavior"/>
        <ImpactLocation Value="TargetPoint"/>
        <EditorCategories value="Race:Dragon"/>
    </CEffectEnumArea>
    <CEffectLaunchMissile id="PhlogistonGuardianFulminationLaunchMissile1">
        <ImpactEffect value="PhlogistonGuardianFulminationSwitch"/>
        <Flags index="Retarget" value="1"/>
        <AmmoUnit value="PhlogistonGuardianAttackMissile"/>
        <RetargetFilters value="Air,Visible;Player,Ally,Missile,Stasis,Dead,Hidden,Invulnerable"/>
        <RetargetRange value="3.5"/>
        <EditorCategories value="Race:Dragon"/>
    </CEffectLaunchMissile>
    <CEffectDamage id="PhlogistonGuardianFulminationDamage" parent="DU_WEAP_MISSILE">
        <Amount value="14"/>
        <Death value="Fire"/>
        <EditorCategories value="Race:Dragon"/>
    </CEffectDamage>
    <CEffectLaunchMissile id="PhlogistonGuardianFulminationLaunchMissile2">
        <ImpactEffect value="PhlogistonGuardianFulminationSwitch"/>
        <Flags index="Retarget" value="1"/>
        <AmmoUnit value="PhlogistonGuardianAttackMissile"/>
        <RetargetFilters value="Air,Visible;Player,Ally,Missile,Stasis,Dead,Hidden,Invulnerable"/>
        <RetargetRange value="3.5"/>
        <EditorCategories value="Race:Dragon"/>
    </CEffectLaunchMissile>
    <CEffectEnumArea id="PhlogistonGuardianFulminationSearchArea">
        <SearchFilters value="Air,Visible;Player,Ally,Missile,Stasis,Dead,Hidden,Invulnerable"/>
        <AreaArray Radius="3.5" Effect="PhlogistonGuardianFulminationLaunchMissile2"/>
        <MaxCount value="1"/>
        <ExcludeArray Value="Target"/>
        <EditorCategories value="Race:Dragon"/>
    </CEffectEnumArea>
    <CEffectApplyBehavior id="UnseenBeastTeleportAssaultApplyBehavior">
        <WhichUnit Value="Caster"/>
        <Behavior value="UnseenBeastTeleportAssault"/>
        <EditorCategories value="Race:Dragon"/>
    </CEffectApplyBehavior>
    <CEffectCreatePersistent id="UnseenBeastTeleportAssaultCreatePersistent">
        <WhichLocation Value="TargetUnit"/>
        <ValidatorArray value="UnseenBeastTeleportAssault"/>
        <ValidatorArray value="UnseenBeastTeleportAssaultMaximumDistance"/>
        <ValidatorArray value="UnseenBeastTeleportAssaultMinimumDistance"/>
        <ValidatorArray value="NotStructureTarget"/>
        <InitialEffect value="UnseenBeastTeleportAssaultApplyBehavior"/>
        <ExpireDelay value="0.25"/>
        <ExpireEffect value="UnseenBeastTeleportAssaultTeleport"/>
        <ExpireOffset value="0,-1,0"/>
        <EditorCategories value="Race:Dragon"/>
    </CEffectCreatePersistent>
    <CEffectSet id="UnseenBeastTeleportAssaultSet">
        <EditorCategories value="Race:Dragon"/>
    </CEffectSet>
    <CEffectTeleport id="UnseenBeastTeleportAssaultTeleport">
        <WhichUnit Value="Caster"/>
        <ClearQueuedOrders value="0"/>
        <MinDistance value="0"/>
        <PlacementRange value="8"/>
        <TargetLocation Value="TargetPoint"/>
        <TeleportFlags index="TestCliff" value="1"/>
        <TeleportFlags index="TestFog" value="0"/>
        <EditorCategories value="Race:Dragon"/>
    </CEffectTeleport>
    <CEffectIssueOrder id="VolcanicHarbingerDischargeIssueOrder1">
        <WhichUnit Value="Caster"/>
        <Abil value="VolcanicHarbingerQueue"/>
        <CmdFlags index="Preempt" value="1"/>
        <Player Value="Caster"/>
        <EditorCategories value="Race:Dragon"/>
    </CEffectIssueOrder>
    <CEffectDamage id="UnseenBeastSpiritSmashDamage" parent="DU_WEAP">
        <AttributeBonus index="Light" value="18"/>
        <AttributeBonus index="Structure" value="18"/>
        <Amount value="18"/>
        <EditorCategories value="Race:Dragon"/>
    </CEffectDamage>
    <CEffectSwitch id="SkyrazerAttackSwitch">
        <CaseArray Validator="DragonRetarget" Effect="SkyrazerAttackDamage"/>
        <CaseDefault value="SkyrazerAttackSearchArea"/>
        <EditorCategories value="Race:Dragon"/>
    </CEffectSwitch>
    <CEffectIssueOrder id="VolcanicHarbingerDischargeIssueOrder2" parent="VolcanicHarbingerDischargeIssueOrder1">
        <Abil value="VolcanicHarbingerOverload"/>
    </CEffectIssueOrder>
    <CEffectSet id="VolcanicHarbingerDischargeQueue1">
        <ValidatorArray value="VolcanicHarbingerQueue1"/>
        <EffectArray value="VolcanicHarbingerDischargeIssueOrder1"/>
        <EffectArray value="VolcanicHarbingerDischargeIssueOrder2"/>
        <EditorCategories value="Race:Dragon"/>
    </CEffectSet>
    <CEffectSet id="VolcanicHarbingerDischargeSet">
        <EffectArray value="VolcanicHarbingerDischargeUseMagazine"/>
        <EffectArray value="VolcanicHarbingerDischargeQueue1"/>
        <EffectArray value="VolcanicHarbingerDischargeQueue2"/>
        <EffectArray value="VolcanicHarbingerDischargeQueue3"/>
        <EffectArray value="VolcanicHarbingerDischargeRemoveBehavior1"/>
        <EffectArray value="VolcanicHarbingerDischargeRemoveBehavior2"/>
        <EffectArray value="VolcanicHarbingerDischargeRemoveBehavior3"/>
        <EditorCategories value="Race:Dragon"/>
    </CEffectSet>
    <CEffectSet id="VolcanicHarbingerDischargeQueue2">
        <ValidatorArray value="VolcanicHarbingerQueue2"/>
        <EffectArray value="VolcanicHarbingerDischargeIssueOrder1"/>
        <EffectArray value="VolcanicHarbingerDischargeIssueOrder1"/>
        <EffectArray value="VolcanicHarbingerDischargeIssueOrder2"/>
        <EffectArray value="VolcanicHarbingerDischargeIssueOrder2"/>
        <EditorCategories value="Race:Dragon"/>
    </CEffectSet>
    <CEffectUseMagazine id="VolcanicHarbingerDischargeUseMagazine">
        <AmmoEffect value="Kill"/>
        <EditorCategories value="Race:Dragon"/>
    </CEffectUseMagazine>
    <CEffectSet id="VolcanicHarbingerDischargeQueue3">
        <ValidatorArray value="VolcanicHarbingerQueue3"/>
        <EffectArray value="VolcanicHarbingerDischargeIssueOrder1"/>
        <EffectArray value="VolcanicHarbingerDischargeIssueOrder1"/>
        <EffectArray value="VolcanicHarbingerDischargeIssueOrder1"/>
        <EffectArray value="VolcanicHarbingerDischargeIssueOrder2"/>
        <EffectArray value="VolcanicHarbingerDischargeIssueOrder2"/>
        <EffectArray value="VolcanicHarbingerDischargeIssueOrder2"/>
        <EditorCategories value="Race:Dragon"/>
    </CEffectSet>
    <CEffectSet id="VolcanicHarbingerOverloadSet">
        <EffectArray value="VolcanicHarbingerDischargeRemoveBehavior1"/>
        <EffectArray value="VolcanicHarbingerDischargeRemoveBehavior2"/>
        <EffectArray value="VolcanicHarbingerOverload1"/>
        <EffectArray value="VolcanicHarbingerOverload2"/>
        <EffectArray value="VolcanicHarbingerOverload3"/>
        <EditorCategories value="Race:Dragon"/>
    </CEffectSet>
    <CEffectDamage id="VolcanicHarbingerPlasmaFlareDamage1" parent="DU_WEAP_SPLASH">
        <ValidatorArray value="VolcanicHarbingerPlasmaFlare1"/>
        <ImpactLocation Value="TargetPoint"/>
        <KindSplash value="Splash"/>
        <Amount value="24"/>
        <AreaArray Radius="0.25" Fraction="1" Validator="NotShade"/>
        <AreaArray Radius="0.5" Fraction="0.5" Validator="NotShade"/>
        <AreaArray Radius="0.75" Fraction="0.25" Validator="NotShade"/>
        <ExcludeArray Effect="VolcanicHarbingerPlasmaFlareSet" Value="Target"/>
        <SearchFilters value="Ground;Missile,Stasis,Dead,Hidden,Invulnerable"/>
        <Death value="Fire"/>
        <AttributeBonus index="Armored" value="6"/>
        <EditorCategories value="Race:Dragon"/>
    </CEffectDamage>
    <CEffectDamage id="VolcanicHarbingerPlasmaFlareDamage2" parent="VolcanicHarbingerPlasmaFlareDamage1">
        <ValidatorArray index="0" value="VolcanicHarbingerPlasmaFlare2"/>
        <AttributeBonus index="Armored" value="10"/>
        <Amount value="40"/>
        <AreaArray index="0" Radius="0.375" Fraction="1" Validator="NotShade"/>
        <AreaArray index="1" Radius="0.75" Fraction="0.5" Validator="NotShade"/>
        <AreaArray index="2" Radius="1.125" Fraction="0.25" Validator="NotShade"/>
    </CEffectDamage>
    <CEffectDamage id="VolcanicHarbingerPlasmaFlareDamage3" parent="VolcanicHarbingerPlasmaFlareDamage1">
        <ValidatorArray index="0" value="VolcanicHarbingerPlasmaFlare3"/>
        <AttributeBonus index="Armored" value="16"/>
        <Amount value="64"/>
        <AreaArray index="0" Radius="0.5" Fraction="1" Validator="NotShade"/>
        <AreaArray index="1" Radius="1" Fraction="0.5" Validator="NotShade"/>
        <AreaArray index="2" Radius="1.5" Fraction="0.25" Validator="NotShade"/>
    </CEffectDamage>
    <CEffectSet id="VolcanicHarbingerPlasmaFlareSet">
        <EffectArray value="VolcanicHarbingerPlasmaFlareDamage"/>
        <EffectArray value="VolcanicHarbingerPlasmaFlareCreatePersistent"/>
        <EffectArray value="VolcanicHarbingerDischargeSet"/>
        <EditorCategories value="Race:Dragon"/>
    </CEffectSet>
    <CEffectEnumArea id="SunkenGuardianCracksModel">
        <EditorCategories value="Race:Dragon"/>
    </CEffectEnumArea>
    <CEffectSet id="DragonInvigorateSet">
        <ValidatorArray value="DragonInvigorateEnergy"/>
        <ValidatorArray value="DragonInvigorateLife"/>
        <EffectArray value="DragonInvigorateModifyUnit1"/>
        <EffectArray value="DragonInvigorateModifyUnit2"/>
        <EditorCategories value="Race:Dragon"/>
    </CEffectSet>
    <CEffectApplyBehavior id="DragonTrainApplyBehavior1">
        <Behavior value="DragonTrain1"/>
        <EditorCategories value="Race:Dragon"/>
    </CEffectApplyBehavior>
    <CEffectLaunchMissile id="DragonGreaterDeepOneLaunchMissile">
        <ImpactEffect value="DragonTrainRemoveBehavior2"/>
        <AmmoUnit value="DragonTrainMissile"/>
        <Movers Link="DragonGreaterDeepOneMissile" IfRangeLTE="500"/>
        <EditorCategories value="Race:Dragon"/>
    </CEffectLaunchMissile>
    <CEffectLaunchMissile id="DragonToweringDeepOneLaunchMissile">
        <ImpactEffect value="DragonTrainRemoveBehavior2"/>
        <AmmoUnit value="DragonTrainMissile"/>
        <Movers Link="DragonToweringDeepOneMissile" IfRangeLTE="500"/>
        <EditorCategories value="Race:Dragon"/>
    </CEffectLaunchMissile>
    <CEffectRemoveBehavior id="DragonTrainRemoveBehavior1">
        <BehaviorLink value="DragonTrain1"/>
        <EditorCategories value="Race:Dragon"/>
    </CEffectRemoveBehavior>
    <CEffectApplyBehavior id="DragonTrainApplyBehavior2">
        <Behavior value="DragonTrain2"/>
        <EditorCategories value="Race:Dragon"/>
    </CEffectApplyBehavior>
    <CEffectIssueOrder id="DragonTrainIssueOrder">
        <WhichUnit Value="Caster"/>
        <Abil value="DragonTrain"/>
        <CmdFlags index="Preempt" value="1"/>
        <Player Value="Caster"/>
        <Target Value="TargetUnit"/>
        <EditorCategories value="Race:Dragon"/>
    </CEffectIssueOrder>
    <CEffectLaunchMissile id="DragonTrainLaunchMissile">
        <ImpactEffect value="DragonTrainRemoveBehavior2"/>
        <AmmoUnit value="DragonTrainMissile"/>
        <EditorCategories value="Race:Dragon"/>
    </CEffectLaunchMissile>
    <CEffectLaunchMissile id="DragonLesserDeepOneLaunchMissile">
        <ImpactEffect value="DragonTrainRemoveBehavior2"/>
        <AmmoUnit value="DragonTrainMissile"/>
        <Movers Link="DragonLesserDeepOneMissile" IfRangeLTE="500"/>
        <EditorCategories value="Race:Dragon"/>
    </CEffectLaunchMissile>
    <CEffectRemoveBehavior id="DragonTrainRemoveBehavior2">
        <BehaviorLink value="DragonTrain2"/>
        <EditorCategories value="Race:Dragon"/>
    </CEffectRemoveBehavior>
    <CEffectSet id="DragonTrainSet">
        <ValidatorArray value="DragonTrain"/>
        <EffectArray value="DragonTrainApplyBehavior2"/>
        <EffectArray value="DragonTrainRemoveBehavior1"/>
        <EffectArray value="DragonTrainSwitch"/>
        <EditorCategories value="Race:Dragon"/>
    </CEffectSet>
    <CEffectSwitch id="DragonTrainSwitch">
        <CaseArray Validator="CasterisGenesisPit" Effect="DragonGenesisPitLaunchMissile"/>
        <CaseArray Validator="CasterisGreaterDeepOne" Effect="DragonGreaterDeepOneLaunchMissile"/>
        <CaseArray Validator="CasterisLesserDeepOne" Effect="DragonLesserDeepOneLaunchMissile"/>
        <CaseArray Validator="CasterisToweringDeepOne" Effect="DragonToweringDeepOneLaunchMissile"/>
        <CaseDefault value="DragonTrainLaunchMissile"/>
        <EditorCategories value="Race:Dragon"/>
    </CEffectSwitch>
    <CEffectApplyBehavior id="SunkenGuardianImpaleApplyBehavior">
        <Behavior value="SunkenGuardianImpale"/>
        <EditorCategories value="Race:Dragon"/>
    </CEffectApplyBehavior>
    <CEffectCreatePersistent id="SunkenGuardianImpaleCreatePersistent">
        <WhichLocation Value="TargetUnit"/>
        <EditorCategories value="Race:Dragon"/>
    </CEffectCreatePersistent>
    <CEffectLaunchMissile id="SunkenGuardianImpaleLaunchMissile">
        <ImpactEffect value="SunkenGuardianImpaleSet"/>
        <Flags index="Return" value="1"/>
        <AmmoUnit value="SunkenGuardianAttackMissile"/>
        <ReturnDelay value="0.5"/>
        <ReturnMovers Link="SunkenGuardianAttackMissile"/>
        <EditorCategories value="Race:Dragon"/>
    </CEffectLaunchMissile>
    <CEffectDamage id="SunkenGuardianImpaleDamage" parent="DU_WEAP">
        <Amount value="35"/>
        <Death value="Blast"/>
        <AttributeBonus index="Armored" value="15"/>
        <EditorCategories value="Race:Dragon"/>
    </CEffectDamage>
    <CEffectLaunchMissile id="FleshrenderCinderSpikeLaunchMissile1">
        <ImpactEffect value="FleshrenderCinderSpikeSwitch"/>
        <Flags index="Retarget" value="1"/>
        <AmmoUnit value="FleshrenderAttackMissile"/>
        <RetargetFilters value="Ground,Visible;Player,Ally,Missile,Stasis,Dead,Hidden,Invulnerable"/>
        <RetargetRange value="1.5"/>
        <EditorCategories value="Race:Dragon"/>
    </CEffectLaunchMissile>
    <CEffectDamage id="AuroraConduitNetherShockDummy">
        <ValidatorArray value="CasterNotAscended"/>
        <EditorCategories value="Race:Dragon"/>
    </CEffectDamage>
    <CEffectLaunchMissile id="FleshrenderCinderSpikeLaunchMissile2">
        <ImpactEffect value="FleshrenderCinderSpikeSwitch"/>
        <Flags index="Retarget" value="1"/>
        <AmmoUnit value="FleshrenderAttackMissile"/>
        <RetargetFilters value="Ground,Visible;Player,Ally,Missile,Stasis,Dead,Hidden,Invulnerable"/>
        <RetargetRange value="1.5"/>
        <EditorCategories value="Race:Dragon"/>
    </CEffectLaunchMissile>
    <CEffectDamage id="FleshrenderCinderSpikeDamage" parent="DU_WEAP_MISSILE">
        <Amount value="4"/>
        <Death value="Fire"/>
        <AttributeBonus index="Light" value="2"/>
        <EditorCategories value="Race:Dragon"/>
    </CEffectDamage>
    <CEffectEnumArea id="FleshrenderCinderSpikeSearchArea">
        <SearchFilters value="Ground,Visible;Player,Ally,Missile,Stasis,Dead,Hidden,Invulnerable"/>
        <AreaArray Radius="1.5" Effect="FleshrenderCinderSpikeLaunchMissile2"/>
        <MaxCount value="1"/>
        <ExcludeArray Value="Target"/>
        <EditorCategories value="Race:Dragon"/>
    </CEffectEnumArea>
    <CEffectCreatePersistent id="FleshrenderShredCreatePersistent">
        <WhichLocation Value="TargetUnit"/>
        <InitialEffect value="FleshrenderShredSet"/>
        <EditorCategories value="Race:Dragon"/>
    </CEffectCreatePersistent>
    <CEffectCreatePersistent id="FleshrenderCinderSpikeCreatePersistent">
        <WhichLocation Value="TargetUnit"/>
        <InitialEffect value="FleshrenderCinderSpikeSet"/>
        <EditorCategories value="Race:Dragon"/>
    </CEffectCreatePersistent>
    <CEffectSet id="FleshrenderCinderSpikeSet">
        <ValidatorArray value="TargetIsAllyorPlayer"/>
        <EffectArray value="FleshrenderCinderSpikeLaunchMissile1"/>
        <EditorCategories value="Race:Dragon"/>
    </CEffectSet>
    <CEffectCreatePersistent id="SkyrazerAttackCreatePersistent">
        <InitialEffect value="SkyrazerAttackLaunchMissile1"/>
        <WhichLocation Value="TargetUnit"/>
        <TimeScaleSource Value="Caster"/>
        <PeriodCount value="1"/>
        <PeriodicEffectArray value="SkyrazerAttackSet"/>
        <PeriodicPeriodArray value="0.125"/>
        <EditorCategories value="Race:Dragon"/>
    </CEffectCreatePersistent>
    <CEffectCreatePersistent id="SkyrazerAscendedAttackCreatePersistent" parent="SkyrazerAttackCreatePersistent">
        <PeriodCount value="2"/>
        <PeriodicEffectArray value="SkyrazerAttackLaunchMissile1"/>
        <PeriodicPeriodArray index="0" value="0.0625"/>
    </CEffectCreatePersistent>
    <CEffectDamage id="SkyrazerAttackDamage" parent="DU_WEAP_MISSILE">
        <Amount value="8"/>
        <Death value="Fire"/>
        <AttributeBonus index="Armored" value="3"/>
        <EditorCategories value="Race:Dragon"/>
    </CEffectDamage>
    <CEffectDamage id="FleshrenderShredDamage" parent="DU_WEAP">
        <Amount value="5"/>
        <EditorCategories value="Race:Dragon"/>
    </CEffectDamage>
    <CEffectLaunchMissile id="SkyrazerAttackLaunchMissile1">
        <ImpactEffect value="SkyrazerAttackSwitch"/>
        <Flags index="Retarget" value="1"/>
        <AmmoUnit value="SkyrazerAttackMissile"/>
        <RetargetFilters value="Visible;Player,Ally,Missile,Stasis,Dead,Hidden,Invulnerable"/>
        <RetargetRange value="3"/>
        <EditorCategories value="Race:Dragon"/>
    </CEffectLaunchMissile>
    <CEffectSet id="FleshrenderShredSet">
        <ValidatorArray value="TargetIsAllyorPlayer"/>
        <EffectArray value="FleshrenderShredDamage"/>
        <EditorCategories value="Race:Dragon"/>
    </CEffectSet>
    <CEffectLaunchMissile id="SkyrazerAttackLaunchMissile2">
        <ImpactEffect value="SkyrazerAttackDamage"/>
        <!--ImpactEffect value="SkyrazerAttackSwitch"/-->
        <Flags index="Retarget" value="1"/>
        <AmmoUnit value="SkyrazerAttackMissile"/>
        <RetargetFilters value="Visible;Player,Ally,Missile,Stasis,Dead,Hidden,Invulnerable"/>
        <RetargetRange value="3"/>
        <EditorCategories value="Race:Dragon"/>
    </CEffectLaunchMissile>
    <CEffectEnumArea id="SkyrazerAttackSearchArea">
        <SearchFilters value="Visible;Player,Ally,Missile,Stasis,Dead,Hidden,Invulnerable"/>
        <AreaArray Radius="5" Effect="SkyrazerAttackLaunchMissile2"/>
        <MaxCount value="1"/>
        <ExcludeArray Value="Target"/>
        <EditorCategories value="Race:Dragon"/>
    </CEffectEnumArea>
    <CEffectEnumArea id="FrontierDeepOneInvigorateSearchArea">
        <ExcludeArray/>
        <SearchFilters value="Biological,Visible;Self,Neutral,Enemy,Missile,UnderConstruction,Dead,Hidden,Invulnerable,Summoned"/>
        <AreaArray Radius="7" Effect="DragonInvigorateCreatePersistent"/>
        <MaxCount value="1"/>
        <SearchFlags index="ExtendByUnitRadius" value="1"/>
        <TargetSorts RequestCount="4294967295" RequestPercentage="1">
            <SortArray value="TSLifeFraction"/>
        </TargetSorts>
        <EditorCategories value="Race:Dragon"/>
    </CEffectEnumArea>
    <CEffectSet id="SkyrazerAttackSet">
        <ValidatorArray value="IsAirUnitorHasCrushingGravity"/>
        <EffectArray value="SkyrazerAttackLaunchMissile1"/>
        <EditorCategories value="Race:Dragon"/>
    </CEffectSet>
    <CEffectDamage id="SkyrazerSavageClawsDamage" parent="DU_WEAP">
        <Amount value="14"/>
        <EditorCategories value="Race:Dragon"/>
    </CEffectDamage>
    <CEffectDamage id="BrimstoneDemolisherBrutalThrashDamage" parent="DU_WEAP">
        <ValidatorArray value="noMarkers"/>
        <Amount value="18"/>
        <SearchFilters value="Ground,Visible;Self,Player,Ally,Missile,Stasis,Dead,Hidden,Invulnerable"/>
        <EditorCategories value="Race:Dragon"/>
    </CEffectDamage>
    <CEffectLaunchMissile id="FlamespitterSeekerFlameLaunchMissile1">
        <LaunchEffect value="FlamespitterAttackApplyBehavior"/>
        <ImpactEffect value="FlamespitterSeekerFlameSwitch"/>
        <Flags index="Retarget" value="1"/>
        <AmmoUnit value="FlamespitterAttackMissile"/>
        <RetargetFilters value="Ground,Visible;Player,Ally,Missile,Stasis,Dead,Hidden,Invulnerable"/>
        <RetargetRange value="3"/>
        <EditorCategories value="Race:Dragon"/>
    </CEffectLaunchMissile>
    <CEffectSet id="DeepOne3x3Set">
        <EffectArray value="RemovewithCaster"/>
        <EffectArray value="DeepOne3x3RemoveBehavior"/>
        <EditorCategories value="Race:Dragon"/>
    </CEffectSet>
    <CEffectApplyBehavior id="RemovewithCaster">
        <EditorCategories value="Race:Dragon"/>
    </CEffectApplyBehavior>
    <CEffectCreateUnit id="DeepOne3x3CreateUnit">
        <WhichLocation Value="CasterPoint"/>
        <CreateFlags index="Birth" value="0"/>
        <CreateFlags index="DropOff" value="0"/>
        <CreateFlags index="OffsetByRadius" value="0"/>
        <CreateFlags index="Placement" value="0"/>
        <CreateFlags index="PlacementIgnoreBlockers" value="1"/>
        <CreateFlags index="PlacementIgnoreCliffTest" value="1"/>
        <CreateFlags index="ProvideFood" value="0"/>
        <CreateFlags index="TechComplete" value="0"/>
        <CreateFlags index="UseFood" value="0"/>
        <SpawnOwner Value="Neutral"/>
        <SpawnEffect value="DeepOne3x3Set"/>
        <SpawnUnit value="DeepOne3x3"/>
        <EditorCategories value="Race:Dragon"/>
    </CEffectCreateUnit>
    <CEffectRemoveBehavior id="DeepOne3x3RemoveBehavior">
        <WhichUnit Value="Caster"/>
        <BehaviorLink value="DeepOne3x3"/>
        <EditorCategories value="Race:Dragon"/>
    </CEffectRemoveBehavior>
    <CEffectEnumArea id="GrimGliderMortalitysEclipseSearchArea">
        <ExcludeArray Value="Target"/>
        <SearchFilters value="-;Structure,Missile,Item,Stasis,Dead,Hidden,Hallucination,Invulnerable,Summoned"/>
        <AreaArray Radius="10" Effect="GrimGliderMortalitysEclipseApplyBehavior1"/>
        <SearchFlags index="ExtendByUnitRadius" value="1"/>
        <EditorCategories value="Race:Dragon"/>
    </CEffectEnumArea>
    <CEffectApplyBehavior id="GravitonBeamHeightBehavior">
        <ValidatorArray index="0" value="TargetIsNotAir"/>
    </CEffectApplyBehavior>
    <CEffectApplyBehavior id="GrimGliderMortalitysEclipseApplyBehavior1">
        <ValidatorArray index="0" value="TargetCanAttack"/>
        <ValidatorArray value="NotBaneling"/>
        <ValidatorArray value="NotGrimGlider"/>
        <Behavior value="GrimGliderMortalitysEclipse"/>
        <EditorCategories value="Race:Dragon"/>
    </CEffectApplyBehavior>
    <CEffectApplyBehavior id="GrimGliderMortalitysEclipseApplyBehavior2">
        <Behavior value="GrimGliderShade"/>
        <EditorCategories value="Race:Dragon"/>
    </CEffectApplyBehavior>
    <CEffectCreateUnit id="GrimGliderMortalitysEclipseCreateUnit">
        <WhichLocation Value="SourcePoint"/>
        <Origin Value="SourcePoint"/>
        <CreateFlags index="Birth" value="0"/>
        <CreateFlags index="DropOff" value="0"/>
        <CreateFlags index="OffsetByRadius" value="0"/>
        <CreateFlags index="Placement" value="0"/>
        <CreateFlags index="PlacementIgnoreBlockers" value="1"/>
        <CreateFlags index="PlacementIgnoreCliffTest" value="1"/>
        <CreateFlags index="ProvideFood" value="0"/>
        <CreateFlags index="TechComplete" value="0"/>
        <CreateFlags index="UseFood" value="0"/>
        <SpawnOwner Value="Source"/>
        <SpawnEffect value="GrimGliderMortalitysEclipseApplyBehavior2"/>
        <TypeFallbackUnit Value="Source"/>
        <ValidatorArray value="NoEnemyGrimGliders"/>
        <EditorCategories value="Race:Dragon"/>
    </CEffectCreateUnit>
    <CEffectApplyBehavior id="HandofPowerCrushingGravityApplyBehavior1">
        <ValidatorArray index="0" value="NotGravitonBeamd"/>
        <Behavior value="HandofPowerCrushingGravity"/>
        <EditorCategories value="Race:Dragon"/>
    </CEffectApplyBehavior>
    <CEffectApplyBehavior id="HandofPowerCrushingGravityApplyBehavior2">
        <ValidatorArray index="0" value="HasCrushingGravity"/>
        <ValidatorArray value="TargetIsAir"/>
        <Behavior value="HandofPowerCrushingGravityAir"/>
        <EditorCategories value="Race:Dragon"/>
    </CEffectApplyBehavior>
    <CEffectApplyBehavior id="HandofPowerCrushingGravityApplyBehavior3">
        <ValidatorArray index="0" value="HasCrushingGravity"/>
        <ValidatorArray value="TargetIsNotAir"/>
        <Behavior value="HandofPowerCrushingGravityGround"/>
        <EditorCategories value="Race:Dragon"/>
    </CEffectApplyBehavior>
    <CEffectApplyBehavior id="HandofPowerCrushingGravityApplyBehavior4">
        <ValidatorArray index="0" value="HasCrushingGravity"/>
        <ValidatorArray value="TargetIsNotAir"/>
        <Behavior value="HandofPowerCrushingGravityPush"/>
        <EditorCategories value="Race:Dragon"/>
    </CEffectApplyBehavior>
    <CEffectApplyForce id="HandofPowerCrushingGravityApplyForce1">
        <Amount value="1"/>
        <MassFraction value="0"/>
        <TimeScaleSource Value="Global"/>
        <EditorCategories value="Race:Dragon"/>
    </CEffectApplyForce>
    <CEffectApplyForce id="HandofPowerCrushingGravityApplyForce2">
        <ValidatorArray value="HasCrushingGravity"/>
        <WhichLocation Value="TargetUnit"/>
        <WhichUnit Value="Source"/>
        <Amount value="1"/>
        <MassFraction value="0"/>
        <TimeScaleSource Value="Global"/>
        <EditorCategories value="Race:Dragon"/>
    </CEffectApplyForce>
    <CEffectCreatePersistent id="HandofPowerCrushingGravityCreatePersistent">
        <InitialEffect value="HandofPowerCrushingGravitySearchArea1"/>
        <PeriodCount value="78"/>
        <PeriodicEffectArray value="HandofPowerCrushingGravitySearchArea1"/>
        <PeriodicPeriodArray value="0.0625"/>
        <EditorCategories value="Race:Dragon"/>
    </CEffectCreatePersistent>
    <CEffectModifyUnit id="HandofPowerCrushingGravityModifyUnit1">
        <Height value="-3"/>
        <HeightTime value="0.375"/>
        <EditorCategories value="Race:Dragon"/>
    </CEffectModifyUnit>
    <CEffectEnumArea id="HandofPowerCrushingGravitySearchArea2">
        <ExcludeArray Value="Target"/>
        <SearchFilters value="Ground;Missile,Stasis,Dead,Hidden,Invulnerable"/>
        <AreaArray Effect="HandofPowerCrushingGravitySet3"/>
        <SearchFlags index="ExtendByUnitRadius" value="1"/>
        <EditorCategories value="Race:Dragon"/>
    </CEffectEnumArea>
    <CEffectSet id="HandofPowerCrushingGravitySet1">
        <EffectArray value="HandofPowerCrushingGravityApplyBehavior2"/>
        <EffectArray value="HandofPowerCrushingGravityApplyBehavior3"/>
        <EditorCategories value="Race:Dragon"/>
    </CEffectSet>
    <CEffectModifyUnit id="HandofPowerCrushingGravityModifyUnit2">
        <Height value="3"/>
        <HeightTime value="0.375"/>
        <EditorCategories value="Race:Dragon"/>
    </CEffectModifyUnit>
    <CEffectEnumArea id="HandofPowerCrushingGravitySearchArea1">
        <SearchFilters value="-;Player,Ally,Massive,Structure,Missile,Stasis,Dead,Hidden,Invulnerable"/>
        <AreaArray Radius="2" Effect="HandofPowerCrushingGravityApplyBehavior1"/>
        <EditorCategories value="Race:Dragon"/>
    </CEffectEnumArea>
    <CEffectSet id="HandofPowerCrushingGravitySet2">
        <EffectArray value="HandofPowerCrushingGravityModifyUnit2"/>
        <EffectArray value="HandofPowerCrushingGravityApplyBehavior3"/>
        <EditorCategories value="Race:Dragon"/>
    </CEffectSet>
    <CEffectSet id="HandofPowerCrushingGravitySet3">
        <EffectArray value="HandofPowerCrushingGravityApplyForce1"/>
        <EffectArray value="HandofPowerCrushingGravityApplyForce2"/>
        <EffectArray value="HandofPowerCrushingGravityApplyBehavior4"/>
        <EditorCategories value="Race:Dragon"/>
    </CEffectSet>
    <CEffectApplyForce id="HandofPowerPortalApplyForce1">
        <WhichLocation Effect="HandofPowerPortalExitSet" Value="TargetPoint"/>
        <Amount value="-1"/>
        <MassFraction value="0"/>
        <TimeScaleSource Value="Global"/>
        <EditorCategories value="Race:Dragon"/>
    </CEffectApplyForce>
    <CEffectApplyForce id="HandofPowerPortalApplyForce2">
        <WhichLocation Effect="HandofPowerPortalExitSearchArea" Value="TargetPoint"/>
        <Amount value="1"/>
        <MassFraction value="0"/>
        <TimeScaleSource Value="Global"/>
        <EditorCategories value="Race:Dragon"/>
    </CEffectApplyForce>
    <CEffectCreatePersistent id="HandofPowerPortalCreatePersistent">
        <InitialEffect value="HandofPowerPortalSearchArea"/>
        <PeriodCount value="160"/>
        <PeriodicEffectArray value="HandofPowerPortalSearchArea"/>
        <PeriodicPeriodArray value="0.0625"/>
        <EditorCategories value="Race:Dragon"/>
    </CEffectCreatePersistent>
    <CEffectApplyBehavior id="HandofPowerPortalApplyBehavior1">
        <ValidatorArray index="0" value="HandofPowerPortalTarget"/>
        <Behavior value="HandofPowerPortalTarget1"/>
        <EditorCategories value="Race:Dragon"/>
    </CEffectApplyBehavior>
    <CEffectApplyBehavior id="HandofPowerPortalApplyBehavior2">
        <Behavior value="HandofPowerPortalTarget2"/>
        <EditorCategories value="Race:Dragon"/>
    </CEffectApplyBehavior>
    <CEffectCreateUnit id="HandofPowerPortalEntranceCreateUnit">
        <WhichLocation Value="TargetPoint"/>
        <CreateFlags index="Birth" value="0"/>
        <CreateFlags index="DropOff" value="0"/>
        <CreateFlags index="OffsetByRadius" value="0"/>
        <CreateFlags index="Placement" value="0"/>
        <CreateFlags index="ProvideFood" value="0"/>
        <CreateFlags index="TechComplete" value="0"/>
        <CreateFlags index="UseFood" value="0"/>
        <SpawnUnit value="HandofPowerPortalEntranceUnit"/>
        <ValidatorArray value="Pathable"/>
        <ValidatorArray value="HandofPowerPortalEntrance"/>
        <EditorCategories value="Race:Dragon"/>
    </CEffectCreateUnit>
    <CEffectApplyBehavior id="HandofPowerPortalExitApplyBehavior">
        <Behavior value="HandofPowerPortalActive"/>
        <EditorCategories value="Race:Dragon"/>
    </CEffectApplyBehavior>
    <CEffectCreateUnit id="HandofPowerPortalExitCreateUnit">
        <WhichLocation Effect="HandofPowerPortalExitSearchArea" Value="TargetPoint"/>
        <CreateFlags index="Birth" value="0"/>
        <CreateFlags index="DropOff" value="0"/>
        <CreateFlags index="OffsetByRadius" value="0"/>
        <CreateFlags index="Placement" value="0"/>
        <CreateFlags index="ProvideFood" value="0"/>
        <CreateFlags index="TechComplete" value="0"/>
        <CreateFlags index="UseFood" value="0"/>
        <SpawnUnit value="HandofPowerPortalExitUnit"/>
        <EditorCategories value="Race:Dragon"/>
    </CEffectCreateUnit>
    <CEffectRemoveBehavior id="HandofPowerPortalExitRemoveBehavior">
        <BehaviorLink value="HandofPowerPortal"/>
        <EditorCategories value="Race:Dragon"/>
    </CEffectRemoveBehavior>
    <CEffectEnumArea id="HandofPowerPortalExitSearchArea">
        <SearchFilters value="-;Ally,Neutral,Enemy"/>
        <TargetSorts>
            <SortArray value="TSDistanceToTarget"/>
        </TargetSorts>
        <AreaArray Radius="12" Effect="HandofPowerPortalExitSet"/>
        <MinCount value="1"/>
        <MaxCount value="1"/>
        <ValidatorArray value="Pathable"/>
        <ValidatorArray value="HasVision"/>
        <ValidatorArray value="HandofPowerPortalExit"/>
        <ImpactLocation Value="TargetPoint"/>
        <EditorCategories value="Race:Dragon"/>
    </CEffectEnumArea>
    <CEffectSet id="HandofPowerPortalExitSet">
        <ValidatorArray value="IsPortalEntrance"/>
        <ValidatorArray value="PortalNotActive"/>
        <EffectArray value="HandofPowerPortalExitCreateUnit"/>
        <EffectArray value="HandofPowerPortalExitRemoveBehavior"/>
        <EffectArray value="HandofPowerPortalExitApplyBehavior"/>
        <EffectArray value="HandofPowerPortalCreatePersistent"/>
        <EditorCategories value="Race:Dragon"/>
    </CEffectSet>
    <CEffectEnumArea id="HornedMagusFireShieldSearchArea1">
        <ValidatorArray value="OuterIsAirUnit"/>
        <SearchFilters value="Air;Missile,Stasis,Dead,Hidden,Invulnerable"/>
        <AreaArray Radius="1" Effect="HornedMagusFireShieldApplyBehavior2"/>
        <SearchFlags index="ExtendByUnitRadius" value="1"/>
        <EditorCategories value="Race:Dragon"/>
    </CEffectEnumArea>
    <CEffectEnumArea id="HandofPowerPortalSearchArea">
        <SearchFilters value="Ground;Massive,Structure,Missile,Stasis,Dead,Hidden,Invulnerable"/>
        <AreaArray Radius="1.5" Effect="HandofPowerPortalApplyBehavior1"/>
        <EditorCategories value="Race:Dragon"/>
    </CEffectEnumArea>
    <CEffectSet id="HandofPowerPortalSet">
        <EffectArray value="HandofPowerPortalTeleport"/>
        <EffectArray value="HandofPowerPortalApplyBehavior2"/>
        <EditorCategories value="Race:Dragon"/>
    </CEffectSet>
    <CEffectTeleport id="HandofPowerPortalTeleport">
        <MinDistance value="0"/>
        <PlacementArc value="360"/>
        <PlacementAround Effect="HandofPowerPortalExitSearchArea"/>
        <SourceLocation Value="TargetUnit"/>
        <TargetLocation Effect="HandofPowerPortalExitSearchArea" Value="TargetPoint"/>
        <TeleportFlags index="TestFog" value="0"/>
        <EditorCategories value="Race:Dragon"/>
    </CEffectTeleport>
    <CEffectEnumArea id="HornedMagusFireShieldSearchArea2" parent="HornedMagusFireShieldSearchArea1">
        <ValidatorArray index="0" value="OuterisGroundUnit"/>
        <SearchFilters value="Ground;Missile,Stasis,Dead,Hidden,Invulnerable"/>
        <SearchFlags index="SameCliff" value="1"/>
    </CEffectEnumArea>
    <CEffectLaunchMissile id="HornedMagusMysticBoltLaunchMissile1">
        <ImpactEffect value="HornedMagusMysticBoltSwitch"/>
        <Flags index="Retarget" value="1"/>
        <AmmoUnit value="HornedMagusAttackMissile"/>
        <RetargetFilters value="Visible;Player,Ally,Missile,Stasis,Dead,Hidden,Invulnerable"/>
        <RetargetRange value="3.5"/>
        <EditorCategories value="Race:Dragon"/>
    </CEffectLaunchMissile>
    <CEffectLaunchMissile id="FlamespitterSeekerFlameLaunchMissile2">
        <ImpactEffect value="FlamespitterSeekerFlameSwitch"/>
        <Flags index="Retarget" value="1"/>
        <AmmoUnit value="FlamespitterAttackMissile"/>
        <RetargetFilters value="Ground,Visible;Player,Ally,Missile,Stasis,Dead,Hidden,Invulnerable"/>
        <RetargetRange value="3"/>
        <EditorCategories value="Race:Dragon"/>
    </CEffectLaunchMissile>
    <CEffectLaunchMissile id="HornedMagusMysticBoltLaunchMissile2">
        <ImpactEffect value="HornedMagusMysticBoltSwitch"/>
        <Flags index="Retarget" value="1"/>
        <AmmoUnit value="HornedMagusAttackMissile"/>
        <RetargetFilters value="Visible;Player,Ally,Missile,Stasis,Dead,Hidden,Invulnerable"/>
        <RetargetRange value="3.5"/>
        <EditorCategories value="Race:Dragon"/>
    </CEffectLaunchMissile>
    <CEffectEnumArea id="FlamespitterSeekerFlameSearchArea">
        <SearchFilters value="Ground,Visible;Player,Ally,Missile,Stasis,Dead,Hidden,Invulnerable"/>
        <AreaArray Radius="3" Effect="FlamespitterSeekerFlameLaunchMissile2"/>
        <MaxCount value="1"/>
        <ExcludeArray Value="Target"/>
        <EditorCategories value="Race:Dragon"/>
    </CEffectEnumArea>
    <CEffectApplyBehavior id="HandofPowerFrenzyApplyBehavior">
        <ValidatorArray index="0" value="TargetCanAttack"/>
        <Behavior value="HandofPowerFrenzy"/>
        <EditorCategories value="Race:Dragon"/>
    </CEffectApplyBehavior>
    <CEffectEnumArea id="HornedMagusMysticBoltSearchArea">
        <SearchFilters value="Visible;Player,Ally,Missile,Stasis,Dead,Hidden,Invulnerable"/>
        <AreaArray Radius="3.5" Effect="HornedMagusMysticBoltLaunchMissile2"/>
        <MaxCount value="1"/>
        <ExcludeArray Value="Target"/>
        <EditorCategories value="Race:Dragon"/>
    </CEffectEnumArea>
    <CEffectSwitch id="FlamespitterSeekerFlameSwitch">
        <CaseArray Validator="DragonRetarget" Effect="FlamespitterSeekerFlameDamage"/>
        <CaseDefault value="FlamespitterSeekerFlameSearchArea"/>
        <EditorCategories value="Race:Dragon"/>
    </CEffectSwitch>
    <CEffectApplyBehavior id="HornedMagusFireShieldApplyBehavior1">
        <ValidatorArray index="0" value="NoFireShield"/>
        <ValidatorArray value="NotTownHall"/>
        <Behavior value="HornedMagusFireShield"/>
        <EditorCategories value="Race:Dragon"/>
    </CEffectApplyBehavior>
    <CEffectApplyBehavior id="DragonInvigorateApplyBehavior">
        <Behavior value="DragonInvigorateTarget"/>
        <EditorCategories value="Race:Dragon"/>
    </CEffectApplyBehavior>
    <CEffectEnumArea id="HandofPowerFrenzySearchArea">
        <SearchFilters value="Biological;Self,Structure,Missile,Uncommandable,Dead,Hidden,Invulnerable"/>
        <AreaArray Radius="3" Effect="HandofPowerFrenzyApplyBehavior"/>
        <ImpactLocation Value="TargetPoint"/>
        <EditorCategories value="Race:Dragon"/>
    </CEffectEnumArea>
    <CEffectModifyUnit id="DragonInvigorateModifyUnit1">
        <ImpactUnit Value="Caster"/>
        <VitalArray index="Energy">
            <Change value="-0.125"/>
        </VitalArray>
        <EditorCategories value="Race:Dragon"/>
    </CEffectModifyUnit>
    <CEffectCreatePersistent id="DragonInvigorateCreatePersistent">
        <ValidatorArray value="DragonInvigorateBehavior"/>
        <ValidatorArray value="DragonInvigorateEnergy"/>
        <ValidatorArray value="DragonInvigorateLife"/>
        <WhichLocation Value="TargetUnit"/>
        <InitialEffect value="DragonInvigorateApplyBehavior"/>
        <PeriodCount value="8"/>
        <PeriodicValidator value="DragonInvigorate"/>
        <PeriodicEffectArray value="DragonInvigorateSet"/>
        <PeriodicPeriodArray value="0"/>
        <EditorCategories value="Race:Dragon"/>
    </CEffectCreatePersistent>
    <CEffectModifyUnit id="DragonInvigorateModifyUnit2">
        <VitalArray index="Life">
            <Change value="0.375"/>
        </VitalArray>
        <EditorCategories value="Race:Dragon"/>
    </CEffectModifyUnit>
    <CEffectDamage id="HornedMagusFireShieldDamage">
        <Amount value="2"/>
        <Death value="Fire"/>
        <ValidatorArray value="NoFireShield"/>
        <Flags index="NoDealtMinimum" value="1"/>
        <EditorCategories value="Race:Dragon"/>
    </CEffectDamage>
    <CEffectEnumArea id="HornedMagusInvigorateSearchArea">
        <ExcludeArray/>
        <SearchFilters value="Biological,Visible;Self,Neutral,Enemy,Missile,UnderConstruction,Dead,Hidden,Invulnerable,Summoned"/>
        <AreaArray Radius="5" Effect="DragonInvigorateCreatePersistent"/>
        <MaxCount value="1"/>
        <SearchFlags index="ExtendByUnitRadius" value="1"/>
        <TargetSorts RequestCount="4294967295" RequestPercentage="1">
            <SortArray value="TSLifeFraction"/>
        </TargetSorts>
        <EditorCategories value="Race:Dragon"/>
    </CEffectEnumArea>
    <CEffectSet id="DragonHunterMeleeSet">
        <EditorCategories value="Race:Dragon"/>
        <EffectArray value="DragonHunterMeleeModifyUnit"/>
        <EffectArray value="DragonHunterMeleeDamage"/>
    </CEffectSet>
    <CEffectApplyBehavior id="HunterTongueLashApplyBehavior">
        <Behavior value="HunterTongueLash"/>
        <ValidatorArray index="0" value="NotMassive"/>
        <ValidatorArray value="IsNotBuried"/>
        <EditorCategories value="Race:Dragon"/>
    </CEffectApplyBehavior>
    <CEffectDamage id="HunterTongueLashDamage" parent="DU_WEAP">
        <Amount value="9"/>
        <AttributeBonus index="Light" value="6"/>
        <EditorCategories value="Race:Dragon"/>
    </CEffectDamage>
    <CEffectDamage id="DragonHunterMeleeDamage" parent="HunterTongueLashDamage">
        <AttributeBonus index="Light" value="0"/>
        <Amount value="8"/>
    </CEffectDamage>
    <CEffectApplyForce id="HunterTongueLashForce">
        <WhichLocation Value="CasterUnit"/>
        <Amount value="-1"/>
        <MassFraction value="0"/>
        <EditorCategories value="Race:Dragon"/>
    </CEffectApplyForce>
    <CEffectLaunchMissile id="HunterTongueLashLaunchMissile">
        <ImpactEffect value="HunterTongueLashSet"/>
        <Flags index="Return" value="1"/>
        <AmmoUnit value="DragonHunterAttackMissile"/>
        <ReturnMovers Link="HunterReturnMissile" IfRangeLTE="500"/>
        <FinishEffect value="HunterTongueLashModifyUnit"/>
        <ReturnDelay value="0.25"/>
        <EditorCategories value="Race:Dragon"/>
    </CEffectLaunchMissile>
    <CEffectModifyUnit id="HunterTongueLashModifyUnit">
        <ValidatorArray value="HunterFeast"/>
        <ValidatorArray value="HunterTongueLashModifyUnit"/>
        <ImpactUnit Value="Caster"/>
        <VitalArray index="Life">
            <Change value="6"/>
        </VitalArray>
        <EditorCategories value="Race:Dragon"/>
    </CEffectModifyUnit>
    <CEffectModifyUnit id="DragonHunterMeleeModifyUnit" parent="HunterTongueLashModifyUnit">
        <ValidatorArray index="1" value="IsBiological"/>
    </CEffectModifyUnit>
    <CEffectSet id="HunterTongueLashSet">
        <EffectArray value="HunterTongueLashDamage"/>
        <EffectArray value="HunterTongueLashApplyBehavior"/>
        <EditorCategories value="Race:Dragon"/>
    </CEffectSet>
    <CEffectCreateHealer id="MedivacHeal">
        <ValidatorArray value="NotShade"/>
    </CEffectCreateHealer>
    <CEffectDamage id="PlodderPincerDamage" parent="DU_WEAP">
        <Amount value="5"/>
        <EditorCategories value="Race:Dragon"/>
    </CEffectDamage>
    <CEffectDamage id="BerserkerCrushingBlowDamage" parent="DU_WEAP">
        <Amount value="17"/>
        <EditorCategories value="Race:Dragon"/>
    </CEffectDamage>
    <CEffectApplyBehavior id="BerserkerMadnessApplyBehavior">
        <ValidatorArray index="0" value="TargetAttacksGround"/>
        <Behavior value="Madness"/>
        <EditorCategories value="Race:Dragon"/>
    </CEffectApplyBehavior>
    <CEffectIssueOrder id="BerserkerMadnessIssueOrder">
        <ValidatorArray value="Madness"/>
        <ValidatorArray value="IsEnemy"/>
        <WhichUnit Effect="BerserkerMadnessSearchArea2"/>
        <Abil value="attack"/>
        <Target Value="TargetUnit"/>
        <EditorCategories value="Race:Dragon"/>
    </CEffectIssueOrder>
    <CEffectEnumArea id="BerserkerMadnessSearchArea1">
        <ExcludeArray Value="Target"/>
        <SearchFilters value="Ground;Player,Ally,Neutral,Missile,Stasis,Dead,Hidden,Invulnerable"/>
        <AreaArray Radius="1.5" Effect="BerserkerMadnessApplyBehavior"/>
        <SearchFlags index="ExtendByUnitRadius" value="1"/>
        <SearchFlags index="SameCliff" value="1"/>
        <EditorCategories value="Race:Dragon"/>
    </CEffectEnumArea>
    <CEffectEnumArea id="BerserkerMadnessSearchArea2">
        <LaunchLocation Value="TargetUnit"/>
        <ExcludeArray Value="Target"/>
        <SearchFilters value="Ground;Missile,Stasis,Dead,Hidden,Invulnerable"/>
        <TargetSorts>
            <SortArray value="TSDistanceToTarget"/>
        </TargetSorts>
        <AreaArray Radius="1.5" Effect="BerserkerMadnessIssueOrder"/>
        <MaxCount value="1"/>
        <SearchFlags index="ExtendByUnitRadius" value="1"/>
        <SearchFlags index="SameCliff" value="1"/>
        <EditorCategories value="Race:Dragon"/>
    </CEffectEnumArea>
    <CEffectDamage id="BerserkerAscendedCrushingBlowDamage" parent="BerserkerCrushingBlowDamage">
        <Marker Link="Effect/RavagerCrushingBlowDamage"/>
        <Amount value="24"/>
    </CEffectDamage>
    <CEffectCreatePersistent id="BerserkerMadnessCreatePersistent">
        <WhichLocation Value="TargetUnit"/>
        <EditorCategories value="Race:Dragon"/>
    </CEffectCreatePersistent>
    <CEffectDamage id="RazorbackSpikedCarapaceDamage" parent="DU_WEAP">
        <Amount value="3"/>
        <EditorCategories value="Race:Dragon"/>
    </CEffectDamage>
    <CEffectApplyBehavior id="VolcanicHarbingerOverload1">
        <ValidatorArray index="0" value="VolcanicHarbingerOverload1"/>
        <WhichUnit Value="Caster"/>
        <EditorCategories value="Race:Dragon"/>
    </CEffectApplyBehavior>
    <CEffectApplyBehavior id="VolcanicHarbingerOverload2">
        <ValidatorArray index="0" value="VolcanicHarbingerOverload2"/>
        <WhichUnit Value="Caster"/>
        <EditorCategories value="Race:Dragon"/>
    </CEffectApplyBehavior>
    <CEffectApplyBehavior id="VolcanicHarbingerOverload3">
        <ValidatorArray index="0" value="VolcanicHarbingerOverload3"/>
        <WhichUnit Value="Caster"/>
        <EditorCategories value="Race:Dragon"/>
    </CEffectApplyBehavior>
    <CEffectRemoveBehavior id="VolcanicHarbingerDischargeRemoveBehavior1">
        <WhichUnit Value="Caster"/>
        <BehaviorLink value="VolcanicHarbingerOverload1"/>
        <EditorCategories value="Race:Dragon"/>
    </CEffectRemoveBehavior>
    <CEffectCreateHealer id="Repair">
        <ValidatorArray value="NotShade"/>
    </CEffectCreateHealer>
    <CEffectRemoveBehavior id="VolcanicHarbingerDischargeRemoveBehavior2">
        <WhichUnit Value="Caster"/>
        <BehaviorLink value="VolcanicHarbingerOverload2"/>
        <EditorCategories value="Race:Dragon"/>
    </CEffectRemoveBehavior>
    <CEffectDamage id="FlamespitterSeekerFlameDamage" parent="DU_WEAP_MISSILE">
        <Amount value="7"/>
        <Death value="Fire"/>
        <AttributeBonus index="Armored" value="2"/>
        <EditorCategories value="Race:Dragon"/>
    </CEffectDamage>
    <CEffectRemoveBehavior id="VolcanicHarbingerDischargeRemoveBehavior3">
        <WhichUnit Value="Caster"/>
        <BehaviorLink value="VolcanicHarbingerOverload3"/>
        <EditorCategories value="Race:Dragon"/>
    </CEffectRemoveBehavior>
    <CEffectApplyBehavior id="FlamespitterAttackApplyBehavior">
        <WhichUnit Value="Caster"/>
        <Behavior value="FlamespitterOverheated"/>
        <EditorCategories value="Race:Dragon"/>
    </CEffectApplyBehavior>
    <CEffectDamage id="HornedMagusMysticBoltDamage" parent="DU_WEAP_MISSILE">
        <AttributeBonus index="Light" value="7"/>
        <Amount value="7"/>
        <Death value="Fire"/>
        <EditorCategories value="Race:Dragon"/>
    </CEffectDamage>
    <CEffectCreatePersistent id="VolcanicHarbingerPlasmaFlareCreatePersistent">
        <PeriodCount value="3"/>
        <PeriodicEffectArray value="VolcanicHarbingerPlasmaFlareDamage1"/>
        <PeriodicEffectArray value="VolcanicHarbingerPlasmaFlareDamage2"/>
        <PeriodicEffectArray value="VolcanicHarbingerPlasmaFlareDamage3"/>
        <PeriodicOffsetArray value="0,-0.5,0"/>
        <PeriodicOffsetArray value="0,-0.75,0"/>
        <PeriodicOffsetArray value="0,-1,0"/>
        <EditorCategories value="Race:Dragon"/>
    </CEffectCreatePersistent>
    <CEffectSet id="FlamespitterMeleeSet">
        <EffectArray value="FlamespitterAttackApplyBehavior"/>
        <EffectArray value="FlamespitterClawsDamage"/>
        <EditorCategories value="Race:Dragon"/>
    </CEffectSet>
    <CEffectDamage id="FlamespitterClawsDamage" parent="DU_WEAP">
        <Amount value="6"/>
        <EditorCategories value="Race:Dragon"/>
    </CEffectDamage>
    <CEffectDamage id="HornedMagusHeadbuttDamage" parent="DU_WEAP">
        <Amount value="10"/>
        <EditorCategories value="Race:Dragon"/>
    </CEffectDamage>
    <CEffectApplyBehavior id="SuicidewithCaster">
        <ValidatorArray index="0" value="NotRazorback"/>
        <EditorCategories value="Race:Dragon"/>
    </CEffectApplyBehavior>
    <CEffectSet id="SunkenGuardianImpaleSet">
        <EffectArray value="SunkenGuardianImpaleApplyBehavior"/>
        <EffectArray value="SunkenGuardianImpaleDamage"/>
        <EditorCategories value="Race:Dragon"/>
    </CEffectSet>
    <CEffectApplyBehavior id="VolcanicHarbinger">
        <WhichUnit Value="Caster"/>
        <Behavior value="VolcanicHarbingerOverload"/>
        <EditorCategories value="Race:Dragon"/>
    </CEffectApplyBehavior>
    <CEffectDamage id="VolcanicHarbingerPlasmaFlareDamage" parent="DU_WEAP_MISSILE">
        <Amount value="16"/>
        <Death value="Fire"/>
        <AttributeBonus index="Armored" value="4"/>
        <EditorCategories value="Race:Dragon"/>
    </CEffectDamage>
</Catalog>
