<?xml version="1.0" encoding="us-ascii"?>
<Catalog>
    <CFootprint id="DeepOne3x3">
        <Layers index="Check" Area="-1,-1,2,2">
            <Rows value="..."/>
            <Rows value="..."/>
            <Rows value="..."/>
        </Layers>
        <Layers index="Place" Area="-1,-1,2,2">
            <Sets index="0">
                <Positive index="GroundNoSpawn" value="0"/>
            </Sets>
            <Rows value="xxx"/>
            <Rows value="xxx"/>
            <Rows value="xxx"/>
        </Layers>
        <Shape>
            <Radius value="1.5"/>
            <Offsets value="-1,-1;-0.5,-1;0.5,-1;1,-1;-1,1;-0.5,1;0.5,1;1,1;-1,-0.5;-1,0.5;1,-0.5;1,0.5;-1.5,0;0,1.5;0,-1.5;1.5,0"/>
            <Borders value="0,8,0;1,0,0;2,14,0;3,2,0;4,5,0;5,13,0;6,7,0;7,11,0;8,12,0;9,4,0;10,3,0;11,15,0;12,9,0;13,6,0;14,1,0;15,10,0"/>
        </Shape>
    </CFootprint>
    <CFootprint id="DeepOne4x4">
        <Layers index="Check" Area="-2,-2,2,2">
            <Rows value="...."/>
            <Rows value="...."/>
            <Rows value="...."/>
            <Rows value="...."/>
        </Layers>
        <Layers index="Place" Area="-2,-2,2,2">
            <Sets index="0">
                <Positive index="GroundNoSpawn" value="0"/>
            </Sets>
            <Rows value="xxxx"/>
            <Rows value="xxxx"/>
            <Rows value="xxxx"/>
            <Rows value="xxxx"/>
        </Layers>
        <Shape>
            <Radius value="2"/>
            <Offsets value="-1,-1.5;-0.5,-1.5;0.5,-1.5;1,-1.5;-1,1.5;-0.5,1.5;0.5,1.5;1,1.5;-1.5,-1;-1.5,-0.5;-1.5,0.5;-1.5,1;1.5,-1;1.5,-0.5;1.5,0.5;1.5,1;-2,0;0,2;0,-2;2,0"/>
            <Borders value="0,8,0;1,0,0;2,18,0;3,2,0;4,5,0;5,17,0;6,7,0;7,15,0;8,9,0;9,16,0;10,11,0;11,4,0;12,3,0;13,12,0;14,19,0;15,14,0;16,10,0;17,6,0;18,1,0;19,13,0"/>
        </Shape>
    </CFootprint>
    <CFootprint id="DeepOne5x5">
        <Layers index="Check" Area="-2,-2,3,3">
            <Rows value="....."/>
            <Rows value="....."/>
            <Rows value="....."/>
            <Rows value="....."/>
            <Rows value="....."/>
        </Layers>
        <Layers index="Place" Area="-2,-2,3,3">
            <Rows value="xxxxx"/>
            <Rows value="xxxxx"/>
            <Rows value="xxxxx"/>
            <Rows value="xxxxx"/>
            <Rows value="xxxxx"/>
        </Layers>
        <Shape>
            <Radius value="2.5"/>
            <Offsets value="-1,-2;-0.5,-2;0.5,-2;1,-2;-1,2;-0.5,2;0.5,2;1,2;-2,-1;-2,-0.5;-2,0.5;-2,1;2,-1;2,-0.5;2,0.5;2,1;-2.5,0;0,2.5;0,-2.5;2.5,0"/>
            <Borders value="0,8,0;1,0,0;2,18,0;3,2,0;4,5,0;5,17,0;6,7,0;7,15,0;8,9,0;9,16,0;10,11,0;11,4,0;12,3,0;13,12,0;14,19,0;15,14,0;16,10,0;17,6,0;18,1,0;19,13,0"/>
        </Shape>
    </CFootprint>
</Catalog>
