<?xml version="1.0" encoding="utf-8"?>
<Catalog>
    <CGameUI id="Dflt">
        <ResourceArray index="Custom" Icon="Assets\Textures\icon-energy-zerg.dds"/>
        <LoadingScreenHelp Race="Dragon" index="51" Text="LoadingScreen/Help51"/>
        <LoadingScreenHelp Race="Dragon" index="52" Text="LoadingScreen/Help52"/>
        <LoadingScreenHelp Race="Dragon" index="53" Text="LoadingScreen/Help53"/>
        <LoadingScreenHelp Race="Dragon" index="54" Text="LoadingScreen/Help54"/>
        <LoadingScreenHelp Race="Dragon" index="55" Text="LoadingScreen/Help55"/>
        <LoadingScreenHelp Race="Dragon" index="56" Text="LoadingScreen/Help56"/>
        <LoadingScreenHelp Race="Dragon" index="57" Text="LoadingScreen/Help57"/>
        <LoadingScreenHelp Race="Dragon" index="58" Text="LoadingScreen/Help58"/>
        <LoadingScreenHelp Race="Dragon" index="59" Text="LoadingScreen/Help59"/>
        <LoadingScreenHelp Race="Dragon" index="60" Text="LoadingScreen/Help60"/>
        <LoadingScreenHelp Race="Dragon" index="61" Text="LoadingScreen/Help61"/>
        <LoadingScreenHelp Race="Dragon" index="62" Text="LoadingScreen/Help62"/>
        <LoadingScreenHelp Race="Dragon" index="63" Text="LoadingScreen/Help63"/>
        <LoadingScreenHelp Race="Dragon" index="64" Text="LoadingScreen/Help64"/>
        <LoadingScreenHelp Race="Dragon" index="65" Text="LoadingScreen/Help65"/>
        <LoadingScreenHelp Race="Dragon" index="66" Text="LoadingScreen/Help66"/>
        <LoadingScreenHelp Race="Dragon" index="67" Text="LoadingScreen/Help67"/>
        <LoadingScreenHelp Race="Dragon" index="68" Text="LoadingScreen/Help68"/>
        <LoadingScreenHelp Race="Dragon" index="69" Text="LoadingScreen/Help69"/>
        <LoadingScreenHelp Race="Dragon" index="70" Text="LoadingScreen/Help70"/>
        <LoadingScreenHelp Race="Dragon" index="71" Text="LoadingScreen/Help71"/>
        <LoadingScreenHelp Race="Dragon" index="72" Text="LoadingScreen/Help72"/>
        <LoadingScreenHelp Race="Dragon" index="73" Text="LoadingScreen/Help73"/>
        <LoadingScreenHelp Race="Dragon" index="74" Text="LoadingScreen/Help74"/>
        <LoadingScreenHelp Race="Dragon" index="75" Text="LoadingScreen/Help75"/>
        <LoadingScreenHelp Race="Dragon" index="76" Text="LoadingScreen/Help76"/>
        <LoadingScreenHelp Race="Dragon" index="77" Text="LoadingScreen/Help77"/>
        <LoadingScreenHelp Race="Dragon" index="78" Text="LoadingScreen/Help78"/>
        <LoadingScreenHelp Race="Dragon" index="79" Text="LoadingScreen/Help79"/>
        <LoadingScreenHelp Race="Dragon" index="80" Text="LoadingScreen/Help80"/>
        <LoadingScreenHelp Race="Dragon" index="81" Text="LoadingScreen/Help81"/>
        <LoadingScreenHelp Race="Dragon" index="82" Text="LoadingScreen/Help82"/>
        <LoadingScreenHelp Race="Dragon" index="83" Text="LoadingScreen/Help83"/>
        <LoadingScreenHelp Race="Dragon" index="84" Text="LoadingScreen/Help84"/>
        <LoadingScreenHelp Race="Dragon" index="85" Text="LoadingScreen/Help85"/>
        <LoadingScreenHelp Race="Dragon" index="86" Text="LoadingScreen/Help86"/>
        <LoadingScreenHelp Race="Dragon" index="87" Text="LoadingScreen/Help87"/>
        <LoadingScreenHelp Race="Dragon" index="88" Text="LoadingScreen/Help88"/>
        <LoadingScreenHelp Race="Dragon" index="89" Text="LoadingScreen/Help89"/>
        <LoadingScreenHelp Race="Dragon" index="90" Text="LoadingScreen/Help90"/>
        <LoadingScreenHelp Race="Dragon" index="91" Text="LoadingScreen/Help91"/>
        <LoadingScreenHelp Race="Dragon" index="92" Text="LoadingScreen/Help92"/>
        <LoadingScreenHelp Race="Dragon" index="93" Text="LoadingScreen/Help93"/>
        <LoadingScreenHelp Race="Dragon" index="94" Text="LoadingScreen/Help94"/>
        <LoadingScreenHelp Race="Dragon" index="95" Text="LoadingScreen/Help95"/>
        <LoadingScreenHelp Race="Dragon" index="96" Text="LoadingScreen/Help96"/>
        <LoadingScreenHelp Race="Dragon" index="97" Text="LoadingScreen/Help97"/>
        <LoadingScreenHelp Race="Dragon" index="98" Text="LoadingScreen/Help98"/>
        <LoadingScreenHelp Race="Dragon" index="99" Text="LoadingScreen/Help99"/>
    </CGameUI>
</Catalog>
