<?xml version="1.0" encoding="utf-8"?>
<Catalog>
    <CModel id="Arkwyrm" parent="Unit">
        <Model value="Assets\Units\Zerg\Leviathan\Leviathan.m3"/>
        <Occlusion value="Show"/>
        <Radius value="1.000000"/>
        <ScaleMax value="0.312500,0.312500,0.312500"/>
        <ScaleMin value="0.312500,0.312500,0.312500"/>
        <SelectionRadius value="3.200000"/>
        <ShadowRadius value="1.250000"/>
        <SquibTypeDefault value="Flesh"/>
        <UnitGlossaryCamera value="Star2CameraHigher24"/>
    </CModel>
    <CModel id="AuroraConduit" parent="Unit">
        <Model value="Assets\Units\Zerg\MutaliskEx1A\MutaliskEx1A.m3"/>
        <Occlusion value="Show"/>
        <ScaleMax value="0.750000,0.750000,0.750000"/>
        <ScaleMin value="0.750000,0.750000,0.750000"/>
        <SelectionRadius value="0.833300"/>
        <ShadowRadius value="0.781200"/>
        <SquibTypeDefault value="Flesh"/>
        <UnitGlossaryCamera value="Star2CameraHigh08"/>
        <Radius value="0.625000"/>
    </CModel>
    <CModel id="AuroraConduitAttack1Launch" parent="LaunchFX">
        <Model value="Assets\Effects\Zerg\ZurvanPsiArcImpact\ZurvanPsiArcImpact.m3"/>
        <Lighting value="AuroraConduitAttackLaunch"/>
        <ScaleMax value="0.500000,0.500000,0.500000"/>
        <ScaleMin value="0.500000,0.500000,0.500000"/>
    </CModel>
    <CModel id="AuroraConduitNetherShockModel" parent="BuffFX">
        <Model value="Assets\Effects\Zerg\ZurvanPsiArcImpact\ZurvanPsiArcImpact.m3"/>
        <ScaleMax value="0.750000,0.750000,0.750000"/>
        <ScaleMin value="0.750000,0.750000,0.750000"/>
    </CModel>
    <CModel id="DragonAscend" parent="OneShotSpellFX">
        <Model value="Assets\Effects\Protoss\FeedbackImpact\FeedbackImpact.m3"/>
    </CModel>
    <CModel id="DragonBuildDeath0" parent="PersistentSpellFX">
        <Model value="Assets\Doodads\CharIntestines\CharIntestines_00.m3"/>
    </CModel>
    <CModel id="DragonBuildDeath1" parent="PersistentSpellFX">
        <Model value="Assets\Doodads\CharIntestines\CharIntestines_01.m3"/>
    </CModel>
    <CModel id="DragonBuildDeath2" parent="PersistentSpellFX">
        <Model value="Assets\Doodads\CharIntestines\CharIntestines_02.m3"/>
    </CModel>
    <CModel id="DragonBuildUnit" parent="PersistentSpellFX">
        <Model value="Assets\Doodads\CharIntestines\CharIntestines.m3"/>
        <ScaleMax value="0.062500,0.125000,0.062500"/>
        <ScaleMin value="0.125000,0.250000,0.125000"/>
        <VariationCount value="3"/>
    </CModel>
    <CModel id="FleshrenderInfernalAscendMissile" parent="MissileFX">
        <Model value="Assets\Effects\Protoss\MotherShipCoreMissile\MotherShipCoreMissile.m3"/>
    </CModel>
    <CModel id="GrimGliderMortalitysEclipseModel" parent="PersistentSpellFX">
        <Model value="Assets\Effects\Protoss\NullField\NullField.m3"/>
        <ScaleMax value="2.200000,2.200000,2.200000"/>
        <ScaleMin value="2.200000,2.200000,2.200000"/>
    </CModel>
    <CModel id="HandofPowerCrushingGravityModel" parent="PersistentSpellFX">
        <Model value="Assets\Effects\Protoss\ProtossSummoning\ProtossSummoning.m3"/>
        <ScaleMax value="0.400000,0.400000,0.400000"/>
        <ScaleMin value="0.400000,0.400000,0.400000"/>
    </CModel>
    <CModel id="HandofPowerCrushingGravityRocks" parent="PersistentSpellFX">
        <Model value="Assets\Effects\Protoss\AntiGravAreaImpact\AntiGravAreaImpact.m3"/>
    </CModel>
    <CModel id="HandofPowerCrushingGravityTarget" parent="PersistentSpellFX">
        <Model value="Assets\Effects\Protoss\AntiGravUnitImpact\AntiGravUnitImpact.m3"/>
        <ScaleMax value="1.000000,1.000000,0.400000"/>
        <ScaleMin value="1.000000,1.000000,0.400000"/>
    </CModel>
    <CModel id="HandofPowerFrenzyImpact" parent="ImpactFX">
        <Model value="Assets\Effects\Zerg\FuryCast\FuryCast.m3"/>
        <ScaleMax value="2.000000,2.000000,2.000000"/>
        <ScaleMin value="2.000000,2.000000,2.000000"/>
    </CModel>
    <CModel id="HandofPowerFrenzyModel" parent="BuffFX">
        <Model value="Assets\Effects\Zerg\WildMutationBuff\WildMutationBuff.m3"/>
        <ScaleMax value="1.500000,1.500000,1.500000"/>
        <ScaleMin value="1.500000,1.500000,1.500000"/>
    </CModel>
    <CModel id="AugmentationPitResearchModel" parent="BuffFX">
        <Model value="Assets\Effects\Zerg\PsionicShadowImpact\PsionicShadowImpact.m3"/>
        <ScaleMax value="0.750000,0.750000,0.500000"/>
        <ScaleMin value="0.750000,0.750000,0.500000"/>
    </CModel>
    <CModel id="DragonAscended" parent="PersistentSpellFX">
        <Model value="Assets\Effects\Zerg\DisablingCloudImpact\DisablingCloudImpact.m3"/>
        <EditorCategories value="Race:Neutral"/>
    </CModel>
    <CModel id="AuroraConduitAttackMissile" parent="MissileFX">
        <Model value="Assets\Effects\Terran\ArcadeTerraTronMissileSpinnerMissile\ArcadeTerraTronMissileSpinnerMissile.m3"/>
    </CModel>
    <CModel id="FleshrenderInfernalEffigyImpact" parent="ImpactFX">
        <Model value="Assets\Effects\Terran\YamatoMissileImpact\YamatoMissileImpact.m3"/>
        <ScaleMax value="0.375000,0.375000,0.375000"/>
        <ScaleMin value="0.375000,0.375000,0.375000"/>
    </CModel>
    <CModel id="FleshrenderInfernalEffigyLaunch" parent="LaunchFX">
        <Model value="Assets\Effects\Terran\YamatoMissileImpact\YamatoMissileImpact.m3"/>
        <ScaleMax value="0.250000,0.250000,0.250000"/>
        <ScaleMin value="0.250000,0.250000,0.250000"/>
    </CModel>
    <CModel id="FleshrenderInfernalEffigyMissile" parent="MissileFX">
        <Model value="Assets\Effects\Terran\YamatoMissile\YamatoMissile.m3"/>
        <ScaleMax value="0.250000,0.250000,0.250000"/>
        <ScaleMin value="0.250000,0.250000,0.250000"/>
    </CModel>
    <CModel id="RazorbackUrticatingQuillsImpact" parent="ImpactFX">
        <Model value="Assets\Effects\Zerg\HydraliskMissileLaunch\HydraliskMissileLaunch.m3"/>
    </CModel>
    <CModel id="RazorbackUrticatingQuillsLaunch" parent="LaunchFX">
        <Model value="Assets\Effects\Zerg\HydraliskMissileLaunch\HydraliskMissileLaunch.m3"/>
        <ScaleMax value="2.000000,2.000000,2.000000"/>
        <ScaleMin value="2.000000,2.000000,2.000000"/>
    </CModel>
    <CModel id="RazorbackUrticatingQuillsMissile" parent="MissileFX">
        <Model value="Assets\Effects\Zerg\HydraliskMissile\HydraliskMissile.m3"/>
        <ScaleMax value="1.500000,0.750000,1.500000"/>
        <ScaleMin value="1.500000,0.750000,1.500000"/>
    </CModel>
    <CModel id="HornedMagusInvigorateActivate" parent="OneShotSpellFX">
        <Model value="Assets\Effects\Protoss\HallucinateColossusBirth\HallucinateColossusBirth.m3"/>
    </CModel>
    <CModel id="HornedMagusInvigorateDeactivate" parent="OneShotSpellFX">
        <Model value="Assets\Effects\Protoss\HallucinateColossusDeath\HallucinateColossusDeath.m3"/>
    </CModel>
    <CModel id="UnseenBeast" parent="Unit">
        <Model value="Assets\Units\Neutral\YetiStandard\YetiStandard.m3"/>
        <Occlusion value="Show"/>
        <Radius value="0.625000"/>
        <ScaleMax value="0.625000,0.625000,0.625000"/>
        <ScaleMin value="0.625000,0.625000,0.625000"/>
        <SelectionRadius value="1.000000"/>
        <ShadowRadius value="0.781200"/>
        <SquibTypeDefault value="Flesh"/>
        <Tipability value="0.750000"/>
        <TipabilityLength value="0.800000"/>
        <TipabilityWidth value="0.800000"/>
        <UnitGlossaryCamera value="Star2CameraHigher11"/>
    </CModel>
    <CModel id="UnseenBeastCloakModel" parent="OneShotSpellFX">
        <Model value="Assets\Effects\Protoss\EnergyTransferImpact\EnergyTransferImpact.m3"/>
        <ScaleMax value="1.250000,1.250000,0.800000"/>
        <ScaleMin value="1.250000,1.250000,0.800000"/>
    </CModel>
    <CModel id="UnseenBeastDeath" parent="UnitDeath">
        <Model value="Assets\Units\Neutral\YetiStandard\YetiStandard.m3"/>
        <Occlusion value="Show"/>
        <Radius value="0.625000"/>
        <ShadowRadius value="0.937500"/>
        <SquibTypeDefault value="Flesh"/>
    </CModel>
    <CModel id="UnseenBeastPortrait" parent="Portrait">
        <Model value="Assets\Portraits\Critters\YetiMommaPortrait\YetiMommaPortrait.m3"/>
        <RequiredAnims value="Assets\Portraits\Zerg\PrimalZergPortrait_RequiredAnims\PrimalZergPortrait_RequiredAnims.m3a"/>
    </CModel>
    <CModel id="GenesisPit" parent="Building">
        <Model value="Assets\Buildings\Zerg\PrimalBaseDefense\PrimalBaseDefense.m3"/>
        <Occlusion value="Show"/>
        <Radius value="1.500000"/>
        <SelectionLayer value="2"/>
        <SelectionRadius value="1.500000"/>
        <ShadowRadius value="1.500000"/>
        <SquibTypeDefault value="Flesh"/>
        <AttachProps Id="Ref_Target">
            <Keys index="Weapon" value="0"/>
        </AttachProps>
    </CModel>
    <CModel id="AugmentationPit" parent="Building">
        <Model value="Assets\Buildings\Zerg\PrimalProductionA\PrimalProductionA.m3"/>
        <Occlusion value="Show"/>
        <Radius value="1.000000"/>
        <ScaleMax value="0.500000,0.500000,0.300000"/>
        <ScaleMin value="0.500000,0.500000,0.300000"/>
        <SelectionLayer value="2"/>
        <SelectionRadius value="2.000000"/>
        <ShadowRadius value="1.000000"/>
        <SquibTypeDefault value="Flesh"/>
    </CModel>
    <CModel id="AugmentationPitBuild" parent="Building">
        <Model value="Assets\Units\Test\InvisibleUnit\InvisibleUnit.m3"/>
        <Occlusion value="Show"/>
        <Radius value="1.000000"/>
        <SelectionLayer value="2"/>
        <SelectionRadius value="1.000000"/>
        <ShadowRadius value="1.000000"/>
        <SquibTypeDefault value="Flesh"/>
    </CModel>
    <CModel id="AugmentationPitDeath" parent="BuildingDeath">
        <Model value="Assets\Buildings\Zerg\PrimalProductionADeath\PrimalProductionADeath.m3"/>
        <Radius value="1.000000"/>
        <SquibTypeDefault value="Flesh"/>
        <ShadowRadius value="1.000000"/>
    </CModel>
    <CModel id="DragonHunterFeast" parent="OneShotSpellFX">
        <Model value="Assets\Effects\Other\BloodTargetImpact\BloodTargetImpact.m3"/>
    </CModel>
    <CModel id="PhlogistonGuardianBuild" parent="Building">
        <Model value="Assets\Units\Test\InvisibleUnit\InvisibleUnit.m3"/>
        <Occlusion value="Show"/>
        <Radius value="1.000000"/>
        <SelectionLayer value="2"/>
        <SquibTypeDefault value="Flesh"/>
        <ShadowRadius value="1.000000"/>
    </CModel>
    <CModel id="GenesisPitBuild" parent="Building">
        <Model value="Assets\Units\Test\InvisibleUnit\InvisibleUnit.m3"/>
        <Occlusion value="Show"/>
        <Radius value="1.500000"/>
        <SelectionLayer value="2"/>
        <SquibTypeDefault value="Flesh"/>
        <SelectionRadius value="1.500000"/>
        <ShadowRadius value="1.500000"/>
    </CModel>
    <CModel id="GenesisPitDeath" parent="BuildingDeath">
        <Model value="Assets\Units\Zerg\PrimalSunkenColonyDeath\PrimalSunkenColonyDeath.m3"/>
        <Radius value="1.500000"/>
        <SquibTypeDefault value="Flesh"/>
        <ShadowRadius value="1.500000"/>
    </CModel>
    <CModel id="SunkenGuardianBuild" parent="Building">
        <Model value="Assets\Units\Test\InvisibleUnit\InvisibleUnit.m3"/>
        <Occlusion value="Show"/>
        <Radius value="1.000000"/>
        <SelectionLayer value="2"/>
        <SquibTypeDefault value="Flesh"/>
        <ShadowRadius value="1.000000"/>
    </CModel>
    <CModel id="UnseenBeastSpiritSmashLaunch" parent="LaunchFX">
        <Model value="Assets\Effects\Protoss\PsiStormImpact\PsiStormImpact.m3"/>
        <ScaleMax value="0.375000,0.375000,0.375000"/>
        <ScaleMin value="0.375000,0.375000,0.375000"/>
    </CModel>
    <CModel id="UnseenBeastSpiritSmashImpact" parent="ImpactFX">
        <Model value="Assets\Effects\Protoss\ImmortalMissileImpact\ImmortalMissileImpact.m3"/>
    </CModel>
    <CModel id="VolcanicHarbinger" parent="Unit">
        <Model value="Assets\Units\Zerg\SwarmGuardian\SwarmGuardian.m3"/>
        <Occlusion value="Show"/>
        <Radius value="0.750000"/>
        <ScaleMax value="0.750000,0.750000,0.750000"/>
        <ScaleMin value="0.750000,0.750000,0.750000"/>
        <SelectionOffset value="0.000000,0.000000,-0.500000"/>
        <SelectionRadius value="1.000000"/>
        <ShadowRadius value="0.937500"/>
        <SquibTypeDefault value="Flesh"/>
        <UnitGlossaryCamera value="Star2CameraMid08"/>
    </CModel>
    <CModel id="AuroraConduitAttackLaunch" parent="ImpactFX">
        <Model value="Assets\Effects\Terran\BattlecruiserMissileImpact\BattlecruiserMissileImpact.m3"/>
    </CModel>
    <CModel id="VolcanicHarbingerAttack1Impact" parent="ImpactFX">
        <Model value="Assets\Effects\Protoss\TempestPlasmaMissileImpact\TempestPlasmaMissileImpact.m3"/>
        <ScaleMax value="0.750000,0.750000,0.750000"/>
        <ScaleMin value="0.750000,0.750000,0.750000"/>
    </CModel>
    <CModel id="VolcanicHarbingerAttack2Impact" parent="ImpactFX">
        <Model value="Assets\Effects\Protoss\TempestPlasmaMissileImpact\TempestPlasmaMissileImpact.m3"/>
        <ScaleMax value="1.125000,1.125000,1.125000"/>
        <ScaleMin value="1.125000,1.125000,1.125000"/>
    </CModel>
    <CModel id="VolcanicHarbingerAttack3Impact" parent="ImpactFX">
        <Model value="Assets\Effects\Protoss\TempestPlasmaMissileImpact\TempestPlasmaMissileImpact.m3"/>
        <ScaleMax value="1.500000,1.500000,1.500000"/>
        <ScaleMin value="1.500000,1.500000,1.500000"/>
    </CModel>
    <CModel id="VolcanicHarbingerAttackAttachment" parent="PersistentSpellFX">
        <Model value="Assets\Effects\Protoss\TempestPlasmaMissile\TempestPlasmaMissile.m3"/>
    </CModel>
    <CModel id="VolcanicHarbingerAttackAttachment1" parent="OneShotSpellFX">
        <Model value="Assets\Effects\Protoss\HallucinateBirth\HallucinateBirth.m3"/>
        <ScaleMax value="0.500000,0.500000,0.500000"/>
        <ScaleMin value="0.500000,0.500000,0.500000"/>
    </CModel>
    <CModel id="VolcanicHarbingerAttackAttachment2" parent="OneShotSpellFX">
        <Model value="Assets\Effects\Protoss\HallucinateBirth\HallucinateBirth.m3"/>
        <ScaleMax value="0.625000,0.625000,0.625000"/>
        <ScaleMin value="0.625000,0.625000,0.625000"/>
    </CModel>
    <CModel id="VolcanicHarbingerAttackAttachment3" parent="OneShotSpellFX">
        <Model value="Assets\Effects\Protoss\HallucinateBirth\HallucinateBirth.m3"/>
        <ScaleMax value="0.750000,0.750000,0.750000"/>
        <ScaleMin value="0.750000,0.750000,0.750000"/>
    </CModel>
    <CModel id="VolcanicHarbingerAttackBeam" parent="MissileFX">
        <Model value="Assets\Effects\Protoss\WarpRayMissile\WarpRayMissile.m3"/>
    </CModel>
    <CModel id="VolcanicHarbingerAttackImpact" parent="ImpactFX">
        <Model value="Assets\Effects\Protoss\ImmortalMissileImpact\ImmortalMissileImpact.m3"/>
    </CModel>
    <CModel id="VolcanicHarbingerAttackLaunch" parent="LaunchFX">
        <Model value="Assets\Effects\Protoss\PhoenixMissileImpact\PhoenixMissileImpact.m3"/>
        <ScaleMax value="2.000000,2.000000,2.000000"/>
        <ScaleMin value="2.000000,2.000000,2.000000"/>
    </CModel>
    <CModel id="VolcanicHarbingerDeath" parent="UnitDeath">
        <Model value="Assets\Units\Zerg\SwarmGuardianDeath\SwarmGuardianDeath.m3"/>
        <Occlusion value="Show"/>
        <Radius value="0.750000"/>
        <ShadowRadius value="0.937500"/>
        <SquibTypeDefault value="Flesh"/>
    </CModel>
    <CModel id="VolcanicHarbingerPortrait" parent="Portrait">
        <Model value="Assets\Portraits\Zerg\PrimalGuardianPortrait\PrimalGuardianPortrait.m3"/>
    </CModel>
    <CModel id="DragonHoleModel" parent="OneShotSpellFX">
        <Model value="Assets\Splats\Splat_ZerglingBurrowed\Splat_ZerglingBurrowed.m3"/>
        <ScaleMax value="0.750000,0.750000,0.750000"/>
        <ScaleMin value="0.750000,0.750000,0.750000"/>
        <VariationCount value="3"/>
    </CModel>
    <CModel id="HornedMagusAttackLaunch" parent="LaunchFX">
        <Model value="Assets\Effects\Terran\BattleCruiserPlasmaLaunch\BattleCruiserPlasmaLaunch.m3"/>
    </CModel>
    <CModel id="PhlogistonGuardianAttackImpact" parent="ImpactFX">
        <Model value="Assets\Effects\Zerg\YagdraFireBreathImpact\YagdraFireBreathImpact.m3"/>
        <ScaleMax value="0.312500,0.312500,0.312500"/>
        <ScaleMin value="0.312500,0.312500,0.312500"/>
    </CModel>
    <CModel id="PhlogistonGuardianAttackMissile" parent="MissileFX">
        <Model value="Assets\Effects\Zerg\YagdraFireBallMissile\YagdraFireBallMissile.m3"/>
        <ScaleMax value="0.312500,0.312500,0.312500"/>
        <ScaleMin value="0.312500,0.312500,0.312500"/>
    </CModel>
    <CModel id="PhlogistonGuardian" parent="Building">
        <Model value="Assets\Buildings\Zerg\SporeCannon\SporeCannon.m3"/>
        <Occlusion value="Show"/>
        <Radius value="1.000000"/>
        <ScaleMax value="0.500000,0.500000,0.500000"/>
        <ScaleMin value="0.500000,0.500000,0.500000"/>
        <SelectionLayer value="2"/>
        <SelectionRadius value="2.000000"/>
        <ShadowRadius value="1.000000"/>
        <SquibTypeDefault value="Flesh"/>
        <UnitGlossaryCamera value="Star2CameraHigher11"/>
    </CModel>
    <CModel id="SunkenGuardianAttackModel" parent="ImpactFX">
        <Model value="Assets\Effects\Zerg\PrimalSunkenColonyAttackImpact\PrimalSunkenColonyAttackImpact.m3"/>
        <ScaleMax value="0.500000,0.500000,0.500000"/>
        <ScaleMin value="0.500000,0.500000,0.500000"/>
    </CModel>
    <CModel id="SunkenGuardianCracksModel" parent="OneShotSpellFX">
        <Model value="Assets\Effects\Zerg\PrimalLurkerMissile\PrimalLurkerMissile.m3"/>
    </CModel>
    <CModel id="SunkenGuardian" parent="Building">
        <Model value="Assets\Units\Zerg\PrimalSunkenColony\PrimalSunkenColony.m3"/>
        <Occlusion value="Show"/>
        <Radius value="1.000000"/>
        <ScaleMax value="0.750000,0.750000,0.750000"/>
        <ScaleMin value="0.750000,0.750000,0.750000"/>
        <SelectionLayer value="2"/>
        <SelectionRadius value="1.333300"/>
        <ShadowRadius value="1.000000"/>
        <SquibTypeDefault value="Flesh"/>
        <UnitGlossaryCamera value="Star2CameraHigh07"/>
    </CModel>
    <CModel id="SunkenGuardianDeath" parent="BuildingDeath">
        <Model value="Assets\Units\Zerg\PrimalSunkenColonyDeath\PrimalSunkenColonyDeath.m3"/>
        <Radius value="1.000000"/>
        <ShadowRadius value="1.000000"/>
        <SquibTypeDefault value="Flesh"/>
    </CModel>
    <CModel id="FleshrenderAttackImpact" parent="ImpactFX">
        <Model value="Assets\Effects\Zerg\YagdraFireBreathImpact\YagdraFireBreathImpact.m3"/>
        <ScaleMax value="0.187500,0.187500,0.187500"/>
        <ScaleMin value="0.187500,0.187500,0.187500"/>
    </CModel>
    <CModel id="FleshrenderAttackMissile" parent="MissileFX">
        <Model value="Assets\Effects\Terran\BattleCruiserMissile\BattleCruiserMissile.m3"/>
        <ScaleMax value="0.500000,0.500000,0.500000"/>
        <ScaleMin value="0.500000,0.500000,0.500000"/>
    </CModel>
    <CModel id="Fleshrender" parent="Unit">
        <Model value="Assets\Units\Zerg\Scourge\Scourge.m3"/>
        <Occlusion value="Show"/>
        <Radius value="0.375000"/>
        <SelectionRadius value="0.375000"/>
        <ShadowRadius value="0.468700"/>
        <SquibTypeDefault value="Flesh"/>
        <UnitGlossaryCamera value="Star2CameraMid05"/>
    </CModel>
    <CModel id="ArkwyrmDeath" parent="UnitDeath">
        <Model value="Assets\Units\Zerg\LeviathanDeath\LeviathanDeath.m3"/>
        <Occlusion value="Show"/>
        <Radius value="1.000000"/>
        <ShadowRadius value="1.250000"/>
        <SquibTypeDefault value="Flesh"/>
    </CModel>
    <CModel id="FleshrenderDeath" parent="UnitDeath">
        <Model value="Assets\Units\Zerg\ScourgeDeath\ScourgeDeath.m3"/>
        <Occlusion value="Show"/>
        <Radius value="0.375000"/>
        <ShadowRadius value="0.468700"/>
        <SquibTypeDefault value="Flesh"/>
    </CModel>
    <CModel id="ArkwyrmPortrait" parent="Portrait">
        <Model value="Assets\Portraits\Zerg\LeviathanPortrait\LeviathanPortrait.m3"/>
        <RequiredAnims value="Assets\Portraits\Zerg\PrimalZergPortrait_RequiredAnims\PrimalZergPortrait_RequiredAnims.m3a"/>
    </CModel>
    <CModel id="AuroraConduitDeath" parent="UnitDeath">
        <Model value="Assets\Units\Zerg\MutaliskEx1ADeath\MutaliskEx1ADeath.m3"/>
        <Occlusion value="Show"/>
        <Radius value="0.625000"/>
        <ShadowRadius value="0.781200"/>
        <SquibTypeDefault value="Flesh"/>
    </CModel>
    <CModel id="FleshrenderPortrait" parent="Portrait">
        <Model value="Assets\Portraits\Zerg\ScourgePortrait\ScourgePortrait.m3"/>
    </CModel>
    <CModel id="BrimstoneDemolisher" parent="Unit">
        <Model value="Assets\Units\Zerg\PrimalKing\PrimalKing.m3"/>
        <RequiredAnims value="Assets\Units\Zerg\PrimalZerg_RequiredAnims\PrimalZerg_RequiredAnims.m3a"/>
        <RequiredAnims value="Assets\Units\Zerg\PrimalZergMeleeHeavy_SwarmAnims\PrimalZergMeleeHeavy_SwarmAnims.m3a"/>
        <Occlusion value="Show"/>
        <ScaleMax value="1.600000,1.600000,1.600000"/>
        <ScaleMin value="1.600000,1.600000,1.600000"/>
        <SelectionRadius value="0.625000"/>
        <SquibTypeDefault value="Flesh"/>
        <Tipability value="0.750000"/>
        <TipabilityLength value="0.800000"/>
        <TipabilityWidth value="0.800000"/>
        <UnitGlossaryCamera value="Star2CameraMid03"/>
        <Radius value="1.000000"/>
        <ShadowRadius value="1.250000"/>
    </CModel>
    <CModel id="BrimstoneDemolisherDeath" parent="UnitDeath">
        <Model value="Assets\Units\Zerg\PrimalKingDeath\PrimalKingDeath.m3"/>
        <Occlusion value="Show"/>
        <Radius value="1.000000"/>
        <ShadowRadius value="1.250000"/>
        <SquibTypeDefault value="Flesh"/>
    </CModel>
    <CModel id="BrimstoneDemolisherPortrait" parent="Portrait">
        <Model value="Assets\Portraits\Zerg\PrimalZergKingPortrait\PrimalZergKingPortrait.m3"/>
    </CModel>
    <CModel id="BrimstoneDemolisherScorchingBlazeModel" parent="PersistentSpellFX">
        <Model value="Assets\Effects\Zerg\YagdraFireBreath\YagdraFireBreath.m3"/>
        <EditorCategories value="Race:Neutral"/>
        <ScaleMax value="0.500000,1.000000,0.500000"/>
        <ScaleMin value="0.500000,1.000000,0.500000"/>
    </CModel>
    <CModel id="BrimstoneDemolisherInfernalBreathModel" parent="PersistentSpellFX">
        <Model value="Assets\Effects\Zerg\YagdraFireBreath\YagdraFireBreath.m3"/>
        <EditorCategories value="Race:Neutral"/>
        <ScaleMax value="0.500000,1.625000,0.500000"/>
        <ScaleMin value="0.500000,1.625000,0.500000"/>
    </CModel>
    <CModel id="Coagulater" parent="Building">
        <Model value="Assets\Buildings\Zerg\LurkerDen\LurkerDen.m3"/>
        <Occlusion value="Show"/>
        <Radius value="1.500000"/>
        <ScaleMax value="0.875000,0.875000,0.875000"/>
        <ScaleMin value="0.875000,0.875000,0.875000"/>
        <SelectionLayer value="2"/>
        <SelectionRadius value="1.714200"/>
        <ShadowRadius value="1.500000"/>
        <SquibTypeDefault value="Flesh"/>
    </CModel>
    <CModel id="CoagulaterDeath" parent="BuildingDeath">
        <Model value="Assets\Buildings\Zerg\LurkerDenDeath\LurkerDenDeath.m3"/>
        <Radius value="1.500000"/>
        <ShadowRadius value="1.500000"/>
        <SquibTypeDefault value="Flesh"/>
    </CModel>
    <CModel id="DragonDirtModel" parent="OneShotSpellFX">
        <Model value="Assets\Effects\Zerg\BurrowFXLarge\BurrowFXLarge.m3"/>
        <ScaleMax value="0.750000,0.750000,0.750000"/>
        <ScaleMin value="0.750000,0.750000,0.750000"/>
    </CModel>
    <CModel id="DragonExplodeModel" parent="OneShotSpellFX">
        <Model value="Assets\Effects\Zerg\ZergLargeBuildingDeath\ZergLargeBuildingDeath.m3"/>
        <ScaleMax value="0.250000,0.250000,0.250000"/>
        <ScaleMin value="0.250000,0.250000,0.250000"/>
    </CModel>
    <CModel id="DragonSpawnModelB" parent="Building">
        <Model value="Assets\Buildings\Zerg\MorphZergSpire\MorphZergSpire.m3"/>
        <Occlusion value="Show"/>
        <Radius value="1.000000"/>
        <ScaleMax value="0.750000,0.750000,0.750000"/>
        <ScaleMin value="0.750000,0.750000,0.750000"/>
        <SelectionLayer value="2"/>
        <SquibTypeDefault value="Flesh"/>
    </CModel>
    <CModel id="DragonBuildCracks" parent="OneShotSpellFX">
        <Model value="Assets\Effects\Zerg\PrimalLurkerMissile\PrimalLurkerMissile.m3"/>
        <ScaleMax value="2.000000,2.000000,2.000000"/>
        <ScaleMin value="2.000000,2.000000,2.000000"/>
    </CModel>
    <CModel id="DragonSpawnModelA" parent="Building">
        <Model value="Assets\Buildings\Zerg\MorphZergDen\MorphZergDen.m3"/>
        <Occlusion value="Show"/>
        <Radius value="1.000000"/>
        <ScaleMax value="0.625000,0.625000,0.625000"/>
        <ScaleMin value="0.625000,0.625000,0.625000"/>
        <SelectionLayer value="2"/>
        <SquibTypeDefault value="Flesh"/>
    </CModel>
    <CModel id="AuroraConduitPortrait" parent="Portrait">
        <Model value="Assets\Portraits\Zerg\MutaliskPortrait\MutaliskPortrait.m3"/>
    </CModel>
    <CModel id="FrontierDeepOne" parent="Building">
        <Model value="Assets\Buildings\Zerg\NydusWormCreeper\NydusWormCreeper.m3"/>
        <AttachProps Id="Ref_Overhead">
            <Keys index="Target" value="1"/>
        </AttachProps>
        <Occlusion value="Show"/>
        <PlanetPanelCamera value="Star2CameraHigher16"/>
        <Radius value="1.000000"/>
        <ScaleMax value="0.625000,0.625000,0.625000"/>
        <ScaleMin value="0.625000,0.625000,0.625000"/>
        <SelectionLayer value="2"/>
        <SelectionRadius value="1.600000"/>
        <ShadowRadius value="1.000000"/>
        <SquibTypeDefault value="Flesh"/>
        <UnitGlossaryCamera value="Star2CameraHigher16"/>
    </CModel>
    <CModel id="AuroraConduitAttackBeam" parent="OneShotSpellFX">
        <Model value="Assets\Effects\Protoss\TempestGroundBeam\TempestGroundBeam.m3"/>
        <TextureDeclares Prefix="PhotonWisps_">
            <Adaptions Slot="generic01"/>
        </TextureDeclares>
        <TextureDeclares Prefix="Flare2">
            <Adaptions Slot="generic02"/>
        </TextureDeclares>
        <TextureDeclares Prefix="Glow_">
            <Adaptions Slot="generic03"/>
        </TextureDeclares>
        <TextureDeclares Prefix="Flare1_">
            <Adaptions Slot="generic04"/>
        </TextureDeclares>
        <TextureDeclares Prefix="Lightning_">
            <Adaptions Slot="generic05"/>
        </TextureDeclares>
    </CModel>
    <CModel id="AuroraConduitAttackImpact" parent="ImpactFX">
        <Model value="Assets\Effects\Terran\WraithMissileImpact\WraithMissileImpact.m3"/>
    </CModel>
    <CModel id="SkyrazerAttackLaunch" parent="LaunchFX">
        <Model value="Assets\Effects\Zerg\YagdraFireBreathImpact\YagdraFireBreathImpact.m3"/>
        <ScaleMax value="0.187500,0.187500,0.187500"/>
        <ScaleMin value="0.187500,0.187500,0.187500"/>
    </CModel>
    <CModel id="FrontierDeepOneDeath" parent="BuildingDeath">
        <Model value="Assets\Buildings\Zerg\NydusWormCreeperDeath\NydusWormCreeperDeath.m3"/>
        <Radius value="1.000000"/>
        <ShadowRadius value="1.000000"/>
        <SquibTypeDefault value="Flesh"/>
    </CModel>
    <CModel id="SkyrazerAttackImpact" parent="ImpactFX">
        <Model value="Assets\Effects\Zerg\YagdraFireBreathImpact\YagdraFireBreathImpact.m3"/>
        <ScaleMax value="0.250000,0.250000,0.250000"/>
        <ScaleMin value="0.250000,0.250000,0.250000"/>
    </CModel>
    <CModel id="FrontierDeepOneInvigorate" parent="PersistentSpellFX">
        <Model value="Assets\Effects\Protoss\HybridSpellChannel\HybridSpellChannel.m3"/>
        <ScaleMax value="0.750000,0.750000,0.750000"/>
        <ScaleMin value="0.750000,0.750000,0.750000"/>
    </CModel>
    <CModel id="RazorbackBuild" parent="Building">
        <Model value="Assets\Units\Test\InvisibleUnit\InvisibleUnit.m3"/>
        <Occlusion value="Show"/>
        <Radius value="1.000000"/>
        <SelectionLayer value="2"/>
        <SelectionRadius value="1.000000"/>
        <ShadowRadius value="1.000000"/>
        <SquibTypeDefault value="Flesh"/>
    </CModel>
    <CModel id="SkyrazerAttackMissile" parent="MissileFX">
        <Model value="Assets\Effects\Zerg\YagdraFireBallMissile\YagdraFireBallMissile.m3"/>
        <ScaleMax value="0.250000,0.250000,0.250000"/>
        <ScaleMin value="0.250000,0.250000,0.250000"/>
    </CModel>
    <CModel id="Skyrazer" parent="Unit">
        <Model value="Assets\Units\Zerg\Terrorzor\Terrorzor.m3"/>
        <RequiredAnims value="Assets\Units\Zerg\PrimalZerg_RequiredAnims\PrimalZerg_RequiredAnims.m3a"/>
        <Occlusion value="Show"/>
        <ScaleMax value="1.100000,1.100000,1.100000"/>
        <ScaleMin value="1.100000,1.100000,1.100000"/>
        <SelectionRadius value="0.625000"/>
        <SquibTypeDefault value="Flesh"/>
        <Tipability value="0.750000"/>
        <TipabilityLength value="0.800000"/>
        <TipabilityWidth value="0.800000"/>
        <UnitGlossaryCamera value="Star2CameraHigh05"/>
        <Radius value="0.687500"/>
        <ShadowRadius value="0.859300"/>
    </CModel>
    <CModel id="SkyrazerDeath" parent="UnitDeath">
        <Model value="Assets\Units\Zerg\TerrorzorDeath\TerrorzorDeath.m3"/>
        <Occlusion value="Show"/>
        <Radius value="0.750000"/>
        <ShadowRadius value="0.937500"/>
        <SquibTypeDefault value="Flesh"/>
    </CModel>
    <CModel id="SkyrazerPortrait" parent="Portrait">
        <Model value="Assets\Portraits\Zerg\PrimalZerg04Portrait\PrimalZerg04Portrait.m3"/>
        <RequiredAnims value="Assets\Portraits\Zerg\PrimalZergPortrait_RequiredAnims\PrimalZergPortrait_RequiredAnims.m3a"/>
    </CModel>
    <CModel id="LesserDeepOne" parent="Building">
        <Model value="Assets\Buildings\Zerg\NydusCanalEx1\NydusCanalEx1.m3"/>
        <AttachProps Id="Ref_Target">
            <Keys index="Weapon" value="0"/>
        </AttachProps>
        <Occlusion value="Show"/>
        <PlanetPanelCamera value="Star2CameraHigher16"/>
        <Radius value="1.500000"/>
        <ScaleMax value="0.875000,0.875000,0.875000"/>
        <ScaleMin value="0.875000,0.875000,0.875000"/>
        <SelectionLayer value="2"/>
        <SelectionRadius value="1.714200"/>
        <ShadowRadius value="1.500000"/>
        <SquibTypeDefault value="Flesh"/>
        <UnitGlossaryCamera value="Star2CameraHigher16"/>
    </CModel>
    <CModel id="GreaterDeepOne" parent="Building">
        <Model value="Assets\Units\Zerg\NydusDragon\NydusDragon.m3"/>
        <AttachProps Id="Ref_Target">
            <Keys index="Weapon" value="0"/>
        </AttachProps>
        <Occlusion value="Show"/>
        <PlanetPanelCamera value="Star2CameraHigher16"/>
        <Radius value="2.000000"/>
        <ScaleMax value="1.312500,1.312500,1.312500"/>
        <ScaleMin value="1.312500,1.312500,1.312500"/>
        <SelectionLayer value="2"/>
        <SelectionRadius value="1.523800"/>
        <ShadowRadius value="2.000000"/>
        <SquibTypeDefault value="Flesh"/>
        <UnitGlossaryCamera value="Star2CameraHigher16"/>
    </CModel>
    <CModel id="PhlogistonGuardianDeath" parent="BuildingDeath">
        <Model value="Assets\Buildings\Zerg\SporeCannonDeath\SporeCannonDeath.m3"/>
        <Radius value="1.000000"/>
        <ShadowRadius value="1.000000"/>
        <SquibTypeDefault value="Flesh"/>
    </CModel>
    <CModel id="ToweringDeepOne" parent="Building">
        <Model value="Assets\Buildings\Zerg\ZergNydusAttacker\ZergNydusAttacker.m3"/>
        <Occlusion value="Show"/>
        <PlanetPanelCamera value="Star2CameraHigher16"/>
        <Radius value="1.500000"/>
        <ScaleMax value="0.625000,0.625000,0.625000"/>
        <ScaleMin value="0.625000,0.625000,0.625000"/>
        <SelectionLayer value="2"/>
        <SelectionRadius value="1.714200"/>
        <ShadowRadius value="1.500000"/>
        <SquibTypeDefault value="Flesh"/>
        <UnitGlossaryCamera value="Star2CameraHigher16"/>
    </CModel>
    <CModel id="DragonRocksModel" parent="PersistentSpellFX">
        <Model value="Assets\Effects\Zerg\NydusRumble\NydusRumble.m3"/>
        <ScaleMax value="0.375000,0.375000,0.375000"/>
        <ScaleMin value="0.375000,0.375000,0.375000"/>
    </CModel>
    <CModel id="LesserDeepOneDeath" parent="BuildingDeath">
        <Model value="Assets\Buildings\Zerg\NydusCanalDeathEx1\NydusCanalDeathEx1.m3"/>
        <Radius value="1.500000"/>
        <ShadowRadius value="1.500000"/>
        <SquibTypeDefault value="Flesh"/>
    </CModel>
    <CModel id="DragonBuildingPortrait" parent="Portrait">
        <Model value="Assets\Portraits\Zerg\ZurvanPortrait\ZurvanPortrait.m3"/>
    </CModel>
    <CModel id="DeepOneSmoke" parent="PersistentSpellFX">
        <Model value="Assets\Doodads\SmokeEmbersMedium\SmokeEmbersMedium.m3"/>
        <ScaleMax value="0.500000,0.500000,0.500000"/>
        <ScaleMin value="0.500000,0.500000,0.500000"/>
    </CModel>
    <CModel id="DeepOneBase" parent="PersistentSpellFX">
        <Model value="Assets\Effects\Zerg\YagdraBase\YagdraBase.m3"/>
        <ScaleMax value="0.200000,0.200000,0.100000"/>
        <ScaleMin value="0.200000,0.200000,0.100000"/>
    </CModel>
    <CModel id="DenizenoftheDeep" parent="Building">
        <Model value="Assets\Buildings\Zerg\PrimalTownHall\PrimalTownHall.m3"/>
        <Occlusion value="Show"/>
        <Radius value="2.500000"/>
        <ScaleMax value="1.250000,1.250000,1.250000"/>
        <ScaleMin value="1.250000,1.250000,1.250000"/>
        <SelectionLayer value="2"/>
        <SelectionRadius value="2.000000"/>
        <ShadowRadius value="2.500000"/>
        <SquibTypeDefault value="Flesh"/>
        <UnitGlossaryCamera value="Star2CameraHigher16"/>
        <AttachProps Id="Ref_Weapon"/>
        <AttachProps Id="Ref_Target">
            <Keys index="Weapon" value="0"/>
        </AttachProps>
    </CModel>
    <CModel id="DenizenoftheDeepDeath" parent="BuildingDeath">
        <Model value="Assets\Buildings\Zerg\PrimalTownHallDeath\PrimalTownHallDeath.m3"/>
        <Radius value="2.500000"/>
        <ShadowRadius value="2.500000"/>
        <SquibTypeDefault value="Flesh"/>
    </CModel>
    <CModel id="DragonTrainImpact" parent="ImpactFX">
        <Model value="Assets\Effects\Zerg\InfestedTerranSpawnMissile\InfestedTerranSpawnMissile.m3"/>
        <ScaleMax value="2.500000,2.500000,2.000000"/>
        <ScaleMin value="2.500000,2.500000,2.000000"/>
    </CModel>
    <CModel id="DragonTrainLaunch" parent="LaunchFX">
        <Model value="Assets\Effects\Zerg\BrutaliskMissileLaunch\BrutaliskMissileLaunch.m3"/>
    </CModel>
    <CModel id="Flamespitter" parent="Unit">
        <Model value="Assets\Units\Zerg\PrimalZergMelee\PrimalZergMelee_00.m3"/>
        <RequiredAnims value="Assets\Units\Zerg\PrimalZerg_RequiredAnims\PrimalZerg_RequiredAnims.m3a"/>
        <Occlusion value="Show"/>
        <ScaleMax value="0.800000,0.800000,0.800000"/>
        <ScaleMin value="0.800000,0.800000,0.800000"/>
        <SquibTypeDefault value="Flesh"/>
        <Tipability value="0.750000"/>
        <TipabilityLength value="0.800000"/>
        <TipabilityWidth value="0.800000"/>
        <UnitGlossaryCamera value="Star2CameraHigh07"/>
        <SelectionRadius value="0.625000"/>
        <ShadowRadius value="0.625000"/>
    </CModel>
    <CModel id="DragonTrainMissile" parent="MissileFX">
        <Model value="Assets\Effects\Zerg\InfestedTerranSpawnMissile\InfestedTerranSpawnMissile.m3"/>
        <ScaleMax value="2.500000,2.500000,2.000000"/>
        <ScaleMin value="2.500000,2.500000,2.000000"/>
    </CModel>
    <CModel id="HandofPowerPortalActive" parent="PersistentSpellFX">
        <Model value="Assets\Effects\Protoss\SingularityAreaImpact\SingularityAreaImpact.m3"/>
        <ScaleMax value="0.375000,0.375000,0.125000"/>
        <ScaleMin value="0.375000,0.375000,0.125000"/>
    </CModel>
    <CModel id="HandofPowerPortalEntranceUnit" parent="PersistentSpellFX">
        <Model value="Assets\Effects\Protoss\HybridSpellChannel\HybridSpellChannel.m3"/>
        <EditorCategories value="Race:Neutral"/>
        <ShadowRadius value="0.000000"/>
    </CModel>
    <CModel id="FlamespitterAttackLaunch" parent="LaunchFX">
        <Model value="Assets\Effects\Zerg\YagdraFireBreathImpact\YagdraFireBreathImpact.m3"/>
        <Flags index="Ignorable" value="0"/>
        <ScaleMax value="0.125000,0.125000,0.125000"/>
        <ScaleMin value="0.125000,0.125000,0.125000"/>
    </CModel>
    <CModel id="HandofPowerPortalExitUnit" parent="PersistentSpellFX">
        <Model value="Assets\Effects\Protoss\OracleBeamIndicator\OracleBeamIndicator.m3"/>
        <EditorCategories value="Race:Neutral"/>
        <ScaleMax value="4.000000,4.000000,1.000000"/>
        <ScaleMin value="4.000000,4.000000,1.000000"/>
        <ShadowRadius value="0.000000"/>
    </CModel>
    <CModel id="HandofPowerPortalEntranceModel" parent="OneShotSpellFX">
        <Model value="Assets\Effects\Protoss\FeedbackLaunch\FeedbackLaunch.m3"/>
    </CModel>
    <CModel id="HandofPowerPortalExitModel" parent="OneShotSpellFX">
        <Model value="Assets\Effects\Protoss\FeedbackImpact\FeedbackImpact.m3"/>
    </CModel>
    <CModel id="GreaterDeepOneDeath" parent="BuildingDeath">
        <Model value="Assets\Units\Zerg\NydusDragonDeath\NydusDragonDeath.m3"/>
        <Radius value="2.000000"/>
        <ShadowRadius value="2.000000"/>
        <SquibTypeDefault value="Flesh"/>
    </CModel>
    <CModel id="ToweringDeepOneDeath" parent="BuildingDeath">
        <Model value="Assets\Buildings\Zerg\ZergNydusAttackerDeath\ZergNydusAttackerDeath.m3"/>
        <Radius value="1.500000"/>
        <ShadowRadius value="1.500000"/>
        <SquibTypeDefault value="Flesh"/>
    </CModel>
    <CModel id="Berserker" parent="Unit">
        <Model value="Assets\Units\Zerg\PrimalZergMeleeHeavy\PrimalZergMeleeHeavy_00.m3"/>
        <RequiredAnims value="Assets\Units\Zerg\PrimalZerg_RequiredAnims\PrimalZerg_RequiredAnims.m3a"/>
        <RequiredAnims value="Assets\Units\Zerg\PrimalZergMeleeHeavy_SwarmAnims\PrimalZergMeleeHeavy_SwarmAnims.m3a"/>
        <Occlusion value="Show"/>
        <Radius value="0.875000"/>
        <ScaleMax value="1.375000,1.375000,1.375000"/>
        <ScaleMin value="1.375000,1.375000,1.375000"/>
        <SelectionRadius value="0.636300"/>
        <ShadowRadius value="1.093700"/>
        <SquibTypeDefault value="Flesh"/>
        <Tipability value="0.750000"/>
        <TipabilityLength value="0.800000"/>
        <TipabilityWidth value="0.800000"/>
        <UnitGlossaryCamera value="Star2CameraMid04"/>
    </CModel>
    <CModel id="GrimGlider" parent="Unit">
        <Model value="Assets\Units\Critters\ZerusAlienTreeHover\ZerusAlienTreeHover.m3"/>
        <Occlusion value="Show"/>
        <Radius value="1.000000"/>
        <ScaleMax value="1.500000,1.500000,1.500000"/>
        <ScaleMin value="1.500000,1.500000,1.500000"/>
        <SelectionRadius value="0.666660"/>
        <ShadowRadius value="1.250000"/>
        <SquibTypeDefault value="Flesh"/>
        <UnitGlossaryCamera value="Star2CameraMid04"/>
    </CModel>
    <CModel id="HandofPower" parent="Unit">
        <Model value="Assets\Units\Zerg\LurkerEx1A\LurkerEx1A.m3"/>
        <Occlusion value="Show"/>
        <Radius value="0.750000"/>
        <SelectionRadius value="0.750000"/>
        <ShadowRadius value="0.937500"/>
        <SquibTypeDefault value="Flesh"/>
        <Tipability value="0.750000"/>
        <TipabilityLength value="0.800000"/>
        <TipabilityWidth value="0.800000"/>
        <UnitGlossaryCamera value="Star2CameraHigh07"/>
    </CModel>
    <CModel id="BerserkerDeath" parent="UnitDeath">
        <Model value="Assets\Units\Zerg\PrimalZergMeleeHeavyDeath\PrimalZergMeleeHeavyDeath.m3"/>
        <Occlusion value="Show"/>
        <Radius value="0.875000"/>
        <ShadowRadius value="1.093700"/>
        <SquibTypeDefault value="Flesh"/>
    </CModel>
    <CModel id="GrimGliderDeath" parent="UnitDeath">
        <Model value="Assets\Units\Critters\ZerusAlienTreeHoverDeath\ZerusAlienTreeHoverDeath.m3"/>
        <Occlusion value="Show"/>
        <Radius value="1.000000"/>
        <ShadowRadius value="1.250000"/>
        <SquibTypeDefault value="Flesh"/>
    </CModel>
    <CModel id="HandofPowerDeath" parent="UnitDeath">
        <Model value="Assets\Units\Zerg\LurkerEx1ADeath\LurkerEx1ADeath.m3"/>
        <Occlusion value="Show"/>
        <Radius value="0.750000"/>
        <ShadowRadius value="0.937500"/>
        <SquibTypeDefault value="Flesh"/>
    </CModel>
    <CModel id="GrimGliderShade" parent="PersistentSpellFX">
        <Model value="Assets\Effects\Protoss\HybridGravitronPrisonImpactSwarm\HybridGravitronPrisonImpactSwarm.m3"/>
    </CModel>
    <CModel id="BerserkerMadness" parent="PersistentSpellFX">
        <Model value="Assets\Effects\Zerg\KerriganFury\KerriganFury.m3"/>
        <EditorCategories value="Race:Neutral"/>
        <ScaleMax value="1.500000,1.500000,1.500000"/>
        <ScaleMin value="1.500000,1.500000,1.500000"/>
    </CModel>
    <CModel id="BerserkerPortrait" parent="Portrait">
        <Model value="Assets\Portraits\Zerg\PrimalZerg03Portrait\PrimalZerg03Portrait.m3"/>
        <RequiredAnims value="Assets\Portraits\Zerg\PrimalZergPortrait_RequiredAnims\PrimalZergPortrait_RequiredAnims.m3a"/>
    </CModel>
    <CModel id="HornedMagusFireShield" parent="PersistentSpellFX">
        <Model value="Assets\Effects\Terran\FlameTurretLaunch\FlameTurretLaunch.m3"/>
        <ScaleMax value="1.000000,0.250000,0.125000"/>
        <ScaleMin value="1.000000,0.250000,0.125000"/>
    </CModel>
    <CModel id="Plodder" parent="Unit">
        <Model value="Assets\Units\Critters\Crabeetle\Crabeetle.m3"/>
        <Radius value="0.375000"/>
        <ScaleMax value="0.750000,0.750000,0.750000"/>
        <ScaleMin value="0.750000,0.750000,0.750000"/>
        <ShadowRadius value="0.468700"/>
        <Tipability value="0.750000"/>
        <TipabilityLength value="0.800000"/>
        <TipabilityWidth value="0.800000"/>
        <UnitGlossaryCamera value="Star2CameraHigh07"/>
        <SquibTypeDefault value="Flesh"/>
    </CModel>
    <CModel id="HornedMagusAttackImpact" parent="ImpactFX">
        <Model value="Assets\Effects\Terran\BattlecruiserMissileImpact\BattlecruiserMissileImpact.m3"/>
    </CModel>
    <CModel id="FlamespitterAttackMissile" parent="MissileFX">
        <Model value="Assets\Effects\Zerg\YagdraFireBallMissile\YagdraFireBallMissile.m3"/>
        <ScaleMax value="0.187500,0.187500,0.187500"/>
        <ScaleMin value="0.187500,0.187500,0.187500"/>
    </CModel>
    <CModel id="DragonHunterAttackLaunch" parent="LaunchFX">
        <Model value="Assets\Effects\Zerg\HydraliskMissileLaunch\HydraliskMissileLaunch.m3"/>
        <ScaleMax value="2.000000,2.000000,2.000000"/>
        <ScaleMin value="2.000000,2.000000,2.000000"/>
    </CModel>
    <CModel id="DragonHunterAttackMissile" parent="MissileFX">
        <Model value="Assets\Effects\Zerg\TentacleMissile\TentacleMissile.m3"/>
    </CModel>
    <CModel id="DragonHunter" parent="Unit">
        <Model value="Assets\Units\Zerg\PrimalZergRanged\PrimalZergRanged_00.m3"/>
        <RequiredAnims value="Assets\Units\Zerg\PrimalZerg_RequiredAnims\PrimalZerg_RequiredAnims.m3a"/>
        <Occlusion value="Show"/>
        <Radius value="0.625000"/>
        <SelectionRadius value="0.625000"/>
        <ShadowRadius value="0.781200"/>
        <SquibTypeDefault value="Flesh"/>
        <Tipability value="0.750000"/>
        <TipabilityLength value="0.800000"/>
        <TipabilityWidth value="0.800000"/>
        <UnitGlossaryCamera value="Star2CameraHigh06"/>
    </CModel>
    <CModel id="DragonInvigorate" parent="OneShotSpellFX">
        <Model value="Assets\Effects\Zerg\ViperCorruptionTentacle\ViperCorruptionTentacle.m3"/>
    </CModel>
    <CModel id="DragonHunterDeath" parent="UnitDeath">
        <Model value="Assets\Units\Zerg\PrimalZergRangedDeath\PrimalZergRangedDeath.m3"/>
        <Occlusion value="Show"/>
        <Radius value="0.625000"/>
        <ShadowRadius value="0.781200"/>
        <SquibTypeDefault value="Flesh"/>
    </CModel>
    <CModel id="DragonHunterPortrait" parent="Portrait">
        <Model value="Assets\Portraits\Zerg\PrimalZerg02Portrait\PrimalZerg02Portrait.m3"/>
        <RequiredAnims value="Assets\Portraits\Zerg\PrimalZergPortrait_RequiredAnims\PrimalZergPortrait_RequiredAnims.m3a"/>
    </CModel>
    <CModel id="PlodderDeath" parent="UnitDeath">
        <Model value="Assets\Units\Critters\Crabeetle\Crabeetle.m3"/>
        <Radius value="0.375000"/>
        <ShadowRadius value="0.468700"/>
        <SquibTypeDefault value="Flesh"/>
    </CModel>
    <CModel id="GrimGliderPortrait" parent="Portrait">
        <Model value="Assets\Portraits\Zerg\PrimalGuardianPortrait\PrimalGuardianPortrait.m3"/>
        <RequiredAnims value="Assets\Portraits\Zerg\PrimalZergPortrait_RequiredAnims\PrimalZergPortrait_RequiredAnims.m3a"/>
    </CModel>
    <CModel id="HandofPowerPortrait" parent="Portrait">
        <Model value="Assets\Portraits\Zerg\LurkerPortrait\LurkerPortrait.m3"/>
        <RequiredAnims value="Assets\Portraits\Zerg\PrimalZergPortrait_RequiredAnims\PrimalZergPortrait_RequiredAnims.m3a"/>
    </CModel>
    <CModel id="Razorback" parent="Unit">
        <Model value="Assets\Units\Zerg\SpaceCow\SpaceCow.m3"/>
        <Occlusion value="Show"/>
        <Radius value="1.000000"/>
        <SelectionRadius value="1.000000"/>
        <ShadowRadius value="1.250000"/>
        <SquibTypeDefault value="Flesh"/>
        <Tipability value="0.750000"/>
        <TipabilityLength value="0.800000"/>
        <TipabilityWidth value="0.800000"/>
        <UnitGlossaryCamera value="Star2CameraHigh06"/>
        <SelectionLayer value="2"/>
    </CModel>
    <CModel id="HornedMagusAttackMissile" parent="MissileFX">
        <Model value="Assets\Effects\Terran\WraithLaserMissile\WraithLaserMissile.m3"/>
        <ScaleMax value="2.000000,2.000000,2.000000"/>
        <ScaleMin value="2.000000,2.000000,2.000000"/>
    </CModel>
    <CModel id="FlamespitterDeath" parent="UnitDeath">
        <Model value="Assets\Units\Zerg\PrimalZergMeleeDeath\PrimalZergMeleeDeath.m3"/>
        <Occlusion value="Show"/>
        <SquibTypeDefault value="Flesh"/>
        <ShadowRadius value="0.625000"/>
    </CModel>
    <CModel id="FlamespitterAttackImpact" parent="ImpactFX">
        <Model value="Assets\Effects\Zerg\YagdraFireBreathImpact\YagdraFireBreathImpact.m3"/>
        <ScaleMax value="0.187500,0.187500,0.187500"/>
        <ScaleMin value="0.187500,0.187500,0.187500"/>
    </CModel>
    <CModel id="HornedMagus" parent="Unit">
        <Model value="Assets\Units\Critters\Tastelope\Tastelope.m3"/>
        <Occlusion value="Show"/>
        <ScaleMax value="0.800000,0.800000,0.800000"/>
        <ScaleMin value="0.800000,0.800000,0.800000"/>
        <SelectionRadius value="0.625000"/>
        <SquibTypeDefault value="Flesh"/>
        <Tipability value="0.750000"/>
        <TipabilityLength value="0.800000"/>
        <TipabilityWidth value="0.800000"/>
        <UnitGlossaryCamera value="Star2CameraHigher07"/>
        <ShadowRadius value="0.625000"/>
    </CModel>
    <CModel id="HornedMagusInvigorateUnit" parent="HornedMagus">
        <Model value="Assets\Units\Critters\Artosilope\Artosilope.m3"/>
        <UnitGlossaryCamera value="Star2CameraMid04"/>
    </CModel>
    <CModel id="RazorbackDeath" parent="UnitDeath">
        <Model value="Assets\Units\Zerg\SpaceCowDeath\SpaceCowDeath.m3"/>
        <Occlusion value="Show"/>
        <Radius value="1.000000"/>
        <ShadowRadius value="1.250000"/>
        <SquibTypeDefault value="Flesh"/>
    </CModel>
    <CModel id="FlamespitterPortrait" parent="Portrait">
        <Model value="Assets\Portraits\Zerg\PrimalZerg01Portrait\PrimalZerg01Portrait.m3"/>
        <RequiredAnims value="Assets\Portraits\Zerg\PrimalZergPortrait_RequiredAnims\PrimalZergPortrait_RequiredAnims.m3a"/>
    </CModel>
    <CModel id="HornedMagusDeath" parent="UnitDeath">
        <Model value="Assets\Units\Critters\Tastelope\Tastelope.m3"/>
        <Occlusion value="Show"/>
        <SquibTypeDefault value="Flesh"/>
        <ShadowRadius value="0.625000"/>
    </CModel>
    <CModel id="HornedMagusInvigorateDeath" parent="HornedMagusDeath">
        <Model value="Assets\Units\Critters\Artosilope\Artosilope.m3"/>
        <SquibTypeDefault value="None"/>
        <ShadowRadius value="0.500000"/>
    </CModel>
    <CModel id="RazorbackPortrait" parent="Portrait">
        <Model value="Assets\Portraits\Critters\SpaceCowPortrait\SpaceCowPortrait.m3"/>
    </CModel>
    <CModel id="HornedMagusPortrait" parent="Portrait">
        <Model value="Assets\Portraits\Critters\TastelopePortrait\TastelopePortrait.m3"/>
    </CModel>
</Catalog>
