<?xml version="1.0" encoding="utf-8"?>
<Catalog>
    <CMoverMissile id="Arkwyrm500">
        <MotionPhases>
            <Driver value="Ballistic"/>
            <Speed value="12"/>
            <Gravity value="60"/>
            <BlendType value="Linear"/>
            <RotationLaunchActorType value="LaunchToTarget2D"/>
            <RotationActorType value="LookAtTarget2D"/>
            <OutroAltitude value="-0.75,-0.5"/>
        </MotionPhases>
        <MotionPhases Driver="Guidance" Speed="16" YawPitchRoll="MAX"/>
    </CMoverMissile>
    <CMoverMissile id="Arkwyrm1">
        <MotionPhases>
            <Driver value="Guidance"/>
            <Acceleration value="60"/>
            <Speed value="12"/>
            <YawPitchRoll value="MAX"/>
        </MotionPhases>
    </CMoverMissile>
    <CMoverMissile id="DragonBuildMissile">
        <MotionPhases Driver="Guidance" Speed="8" YawPitchRoll="MAX"/>
    </CMoverMissile>
    <CMoverMissile id="DragonLesserDeepOneMissile">
        <MotionPhases>
            <Driver value="Ballistic"/>
            <Speed value="5"/>
            <Gravity value="50"/>
            <BlendType value="Linear"/>
            <RotationLaunchActorType value="LaunchToTarget2D"/>
            <RotationActorType value="LookAtTarget2D"/>
            <OutroAltitude value="-0.75,-0.5"/>
        </MotionPhases>
        <MotionPhases Driver="Guidance" Speed="8" YawPitchRoll="MAX"/>
    </CMoverMissile>
    <CMoverMissile id="DragonGenesisPitMissile">
        <MotionPhases>
            <Driver value="Ballistic"/>
            <Speed value="5"/>
            <Gravity value="100"/>
            <BlendType value="Linear"/>
            <RotationLaunchActorType value="LaunchToTarget2D"/>
            <RotationActorType value="LookAtTarget2D"/>
            <OutroAltitude value="-0.75,-0.5"/>
        </MotionPhases>
        <MotionPhases Driver="Guidance" Speed="8" YawPitchRoll="MAX"/>
    </CMoverMissile>
    <CMoverMissile id="DragonToweringDeepOneMissile">
        <MotionPhases Driver="Guidance" Speed="20" YawPitchRoll="MAX"/>
    </CMoverMissile>
    <CMoverMissile id="DragonGreaterDeepOneMissile">
        <MotionPhases>
            <Driver value="Ballistic"/>
            <Speed value="8"/>
            <Gravity value="80"/>
            <BlendType value="Linear"/>
            <RotationLaunchActorType value="LaunchToTarget2D"/>
            <RotationActorType value="LookAtTarget2D"/>
            <OutroAltitude value="-0.75,-0.5"/>
        </MotionPhases>
        <MotionPhases Driver="Guidance" Speed="16" YawPitchRoll="MAX"/>
    </CMoverMissile>
    <CMoverMissile id="FlamespitterAttackMissile">
        <MotionPhases>
            <Driver value="Guidance"/>
            <Speed value="18"/>
            <RotationLaunchActorType value="LaunchToTarget"/>
            <YawPitchRoll value="MAX"/>
        </MotionPhases>
    </CMoverMissile>
    <CMoverMissile id="DragonTrainMissile">
        <MotionPhases>
            <Driver value="Ballistic"/>
            <Speed value="6"/>
            <Gravity value="30"/>
            <BlendType value="Linear"/>
            <RotationLaunchActorType value="LaunchToTarget2D"/>
            <RotationActorType value="LookAtTarget2D"/>
            <OutroAltitude value="-0.25,-0.125"/>
        </MotionPhases>
        <MotionPhases Driver="Guidance" Speed="12" YawPitchRoll="MAX"/>
    </CMoverMissile>
    <CMoverMissile id="FleshrenderAttackMissile">
        <MotionPhases>
            <Driver value="Guidance"/>
            <Speed value="24"/>
            <RotationLaunchActorType value="LaunchToTarget"/>
            <YawPitchRoll value="MAX"/>
        </MotionPhases>
    </CMoverMissile>
    <CMoverMissile id="Fleshrender">
        <MotionPhases>
            <Driver value="Guidance"/>
            <Acceleration value="18"/>
            <Speed value="6"/>
            <RotationLaunchActorType value="LaunchToTarget"/>
            <YawPitchRoll value="MAX"/>
        </MotionPhases>
    </CMoverMissile>
    <CMoverMissile id="AuroraConduitAttackMissile">
        <MotionPhases>
            <Driver value="Throw"/>
            <Speed value="3"/>
            <Outro value="0.5,1"/>
            <ThrowVector value="0,-1,0"/>
            <YawPitchRoll value="360"/>
        </MotionPhases>
        <MotionPhases>
            <Driver value="Guidance"/>
            <Acceleration value="30"/>
            <MaxSpeed value="30"/>
            <YawPitchRoll value="MAX"/>
        </MotionPhases>
    </CMoverMissile>
    <CMoverMissile id="AuroraConduitAttackBounce">
        <MotionPhases>
            <Driver value="Guidance"/>
            <Acceleration value="30"/>
            <Speed value="12"/>
            <MaxSpeed value="30"/>
            <RotationLaunchActorType value="LaunchToTarget"/>
            <YawPitchRoll value="MAX"/>
        </MotionPhases>
    </CMoverMissile>
    <CMoverMissile id="FleshrenderInfernalAscendBounce">
        <MotionPhases>
            <Driver value="Guidance"/>
            <Speed value="20"/>
            <RotationLaunchActorType value="LaunchToTarget"/>
            <YawPitchRoll value="MAX"/>
        </MotionPhases>
    </CMoverMissile>
    <CMoverMissile id="FleshrenderInfernalEffigyMissile">
        <MotionPhases>
            <Driver value="Guidance"/>
            <Speed value="28"/>
            <RotationLaunchActorType value="LaunchToTarget"/>
            <YawPitchRoll value="MAX"/>
        </MotionPhases>
    </CMoverMissile>
    <CMoverMissile id="FleshrenderInfernalAscendMissile">
        <MotionPhases>
            <Driver value="Throw"/>
            <Acceleration value="5"/>
            <Speed value="10"/>
            <MaxSpeed value="20"/>
            <Outro value="2,3"/>
            <ThrowVector value="0,0,1"/>
            <YawPitchRoll value="360"/>
        </MotionPhases>
        <MotionPhases>
            <Driver value="Guidance"/>
            <Acceleration value="5"/>
            <Speed value="10"/>
            <MaxSpeed value="20"/>
            <YawPitchRoll value="MAX"/>
        </MotionPhases>
    </CMoverMissile>
    <CMoverMissile id="RazorbackUrticatingQuillsMissile">
        <MotionPhases>
            <Driver value="Guidance"/>
            <Speed value="20"/>
            <RotationLaunchActorType value="LaunchToTarget"/>
            <YawPitchRoll value="MAX"/>
        </MotionPhases>
    </CMoverMissile>
    <CMoverMissile id="PhlogistonGuardianAttackMissile">
        <MotionPhases>
            <Driver value="Guidance"/>
            <Speed value="28"/>
            <RotationLaunchActorType value="LaunchToTarget"/>
            <YawPitchRoll value="MAX"/>
        </MotionPhases>
    </CMoverMissile>
    <CMoverMissile id="SunkenGuardianAttackMissile">
        <MotionPhases>
            <Driver value="Guidance"/>
            <Speed value="10.5"/>
            <RotationLaunchActorType value="LaunchToTarget"/>
            <YawPitchRoll value="MAX"/>
        </MotionPhases>
    </CMoverMissile>
    <CMoverMissile id="HornedMagusAttackMissile">
        <MotionPhases>
            <Driver value="Guidance"/>
            <Speed value="28"/>
            <RotationLaunchActorType value="LaunchToTarget"/>
            <YawPitchRoll value="MAX"/>
        </MotionPhases>
    </CMoverMissile>
    <CMoverMissile id="DragonHunterAttackMissile">
        <MotionPhases>
            <Driver value="Guidance"/>
            <Acceleration value="640"/>
            <TurnType value="RevertToUp"/>
            <ActorTracking value="Actual"/>
            <YawPitchRoll value="MAX"/>
        </MotionPhases>
    </CMoverMissile>
    <CMoverMissile id="Hunter">
        <PathMode value="Jumper"/>
        <MotionPhases>
            <Driver value="AdaptableParabola"/>
            <Speed value="9"/>
            <ActorTracking value="Actual"/>
            <AdaptableParabolaIsUpright value="1"/>
            <AdaptableParabolaClearance value="1.25,0.5"/>
            <AdaptableParabolaDistances index="Launch" value="1"/>
            <AdaptableParabolaDistances index="PreApex" value="0.9"/>
            <AdaptableParabolaDistances index="PostApex" value="0.1"/>
            <AdaptableParabolaDistances index="Land" value="3"/>
            <AdaptableParabolaAccels index="Launch" value="15"/>
            <AdaptableParabolaAccels index="Ascent" value="1"/>
            <AdaptableParabolaAccels index="Apex" value="-13"/>
            <AdaptableParabolaAccels index="Descent" value="12"/>
            <AdaptableParabolaAccels index="Land" value="-6"/>
        </MotionPhases>
        <RespectUnitHeightAtDestination value="1"/>
    </CMoverMissile>
    <CMoverMissile id="HunterJumpDown">
        <PathMode value="Jumper"/>
        <MotionPhases>
            <Driver value="AdaptableParabola"/>
            <Acceleration value="5"/>
            <Speed value="1"/>
            <MinSpeed value="6"/>
            <MaxSpeed value="20"/>
            <ActorTracking value="Actual"/>
            <AdaptableParabolaIsUpright value="1"/>
            <AdaptableParabolaClearance value="1,0.5"/>
            <AdaptableParabolaDistances index="Launch" value="2"/>
            <AdaptableParabolaDistances index="PreApex" value="0.9"/>
            <AdaptableParabolaDistances index="PostApex" value="0.1"/>
            <AdaptableParabolaDistances index="Land" value="3"/>
            <AdaptableParabolaAccels index="Launch" value="5"/>
            <AdaptableParabolaAccels index="Ascent" value="1"/>
            <AdaptableParabolaAccels index="Apex" value="-13"/>
            <AdaptableParabolaAccels index="Descent" value="17"/>
            <AdaptableParabolaAccels index="Land" value="17"/>
        </MotionPhases>
    </CMoverMissile>
    <CMoverMissile id="HunterJumpUp">
        <PathMode value="Jumper"/>
        <MotionPhases>
            <Driver value="AdaptableParabola"/>
            <Acceleration value="5"/>
            <Speed value="1"/>
            <MinSpeed value="6"/>
            <MaxSpeed value="20"/>
            <ActorTracking value="Actual"/>
            <AdaptableParabolaIsUpright value="1"/>
            <AdaptableParabolaClearance value="1.5,0.5"/>
            <AdaptableParabolaDistances index="Launch" value="2"/>
            <AdaptableParabolaDistances index="PreApex" value="0.9"/>
            <AdaptableParabolaDistances index="PostApex" value="0.1"/>
            <AdaptableParabolaDistances index="Land" value="3"/>
            <AdaptableParabolaAccels index="Launch" value="10"/>
            <AdaptableParabolaAccels index="Ascent" value="1"/>
            <AdaptableParabolaAccels index="Apex" value="-20"/>
            <AdaptableParabolaAccels index="Descent" value="17"/>
            <AdaptableParabolaAccels index="Land" value="17"/>
        </MotionPhases>
    </CMoverMissile>
    <CMoverMissile id="HunterReturnMissile">
        <MotionPhases>
            <Driver value="Guidance"/>
            <Acceleration value="80"/>
            <Speed value="10"/>
            <TurnType value="RevertToUp"/>
            <YawPitchRoll value="MAX"/>
        </MotionPhases>
    </CMoverMissile>
    <CMoverMissile id="SkyrazerAttackMissile">
        <MotionPhases>
            <Driver value="Guidance"/>
            <Speed value="18"/>
            <RotationLaunchActorType value="LaunchToTarget"/>
            <YawPitchRoll value="MAX"/>
        </MotionPhases>
    </CMoverMissile>
    <CMoverMissile id="SkyrazerEmberCoreMissile" parent="SkyrazerAttackMissile">
        <MotionPhases index="0">
            <Driver value="Guidance"/>
            <Speed value="24"/>
            <RotationLaunchActorType value="LaunchToTarget"/>
            <YawPitchRoll value="MAX"/>
        </MotionPhases>
    </CMoverMissile>
</Catalog>
