<?xml version="1.0" encoding="utf-8"?>
<Catalog>
    <CRace id="Dragon">
        <AttributeId value="Drag"/>
        <GameMusic value="Music_ZergLow"/>
        <Flags index="Selectable" value="1"/>
        <Flags index="TrialAllowed" value="1"/>
        <StartingUnitArray Unit="DenizenoftheDeep">
            <Flags index="ResourceSetRally" value="1"/>
        </StartingUnitArray>
        <StartingUnitArray Count="12" Unit="Plodder">
            <Flags index="ResourceRally" value="1"/>
            <Offset value="0,-3"/>
            <Offset value="1,-3"/>
            <Offset value="2,-3"/>
            <Offset value="3,-3"/>
            <Offset value="3,-2"/>
            <Offset value="3,-1"/>
            <Offset value="3,0"/>
            <Offset value="3,1"/>
            <Offset value="3,2"/>
            <Offset value="3,3"/>
            <Offset value="2,3"/>
            <Offset value="1,3"/>
            <Offset value="0,3"/>
            <Offset value="-1,3"/>
            <Offset value="-2,3"/>
            <Offset value="-3,3"/>
            <Offset value="-3,2"/>
            <Offset value="-3,1"/>
            <Offset value="-3,0"/>
            <Offset value="-3,-1"/>
            <Offset value="-3,-2"/>
            <Offset value="-3,-3"/>
            <Offset value="-2,-3"/>
            <Offset value="-1,-3"/>
        </StartingUnitArray>
        <StartingUnitArray Unit="Razorback">
            <Offset value="0,-3"/>
            <Offset value="1,-3"/>
            <Offset value="2,-3"/>
            <Offset value="3,-3"/>
            <Offset value="3,-2"/>
            <Offset value="3,-1"/>
            <Offset value="3,0"/>
            <Offset value="3,1"/>
            <Offset value="3,2"/>
            <Offset value="3,3"/>
            <Offset value="2,3"/>
            <Offset value="1,3"/>
            <Offset value="0,3"/>
            <Offset value="-1,3"/>
            <Offset value="-2,3"/>
            <Offset value="-3,3"/>
            <Offset value="-3,2"/>
            <Offset value="-3,1"/>
            <Offset value="-3,0"/>
            <Offset value="-3,-1"/>
            <Offset value="-3,-2"/>
            <Offset value="-3,-3"/>
            <Offset value="-2,-3"/>
            <Offset value="-1,-3"/>
        </StartingUnitArray>
        <StartingResource index="Minerals" value="50"/>
        <GlossaryTeamColorIndex value="4"/>
        <MiniMapBorderColor value="100,255,128,64"/>
        <PlacementGridColorBlindColor value="100,255,128,64"/>
        <VictorySound value="UI_MissionComplete"/>
        <DefeatSound value="UI_MissionFailed"/>
        <ShowResource index="Custom" value="1"/>
        <DefaultConsoleSkin value="ConsoleZerg_Abathur"/>
        <Icon value="Assets\Textures\icon-1v1-dragon.dds"/>
    </CRace>
</Catalog>
