<?xml version="1.0" encoding="utf-8"?>
<Catalog>
    <CRequirement id="ArkwyrmTransport">
        <NodeArray index="Use" Link="EqCountBehaviorArkwyrmUnloadCasterCompleteOnlyAtUnit0"/>
        <EditorCategories value="Race:Dragon,TechType:Ability"/>
    </CRequirement>
    <CRequirement id="Ascended">
        <NodeArray index="Use" Link="CountBehaviorDragonAscendedCompleteOnlyAtUnit"/>
        <EditorCategories value="Race:Dragon,TechType:Ability"/>
    </CRequirement>
    <CRequirement id="AugmentArcaneEssense">
        <NodeArray index="Show" Link="NotCountUpgradeHornedMagusArcaneEssenceQueuedOrBetter"/>
        <EditorCategories value="Race:Dragon,TechType:Ability"/>
    </CRequirement>
    <CRequirement id="AugmentBrimstoneDemolisher">
        <NodeArray index="Show" Link="NotCountUpgradeBrimstoneDemolisherQueuedOrBetter"/>
        <EditorCategories value="Race:Dragon,TechType:Ability"/>
    </CRequirement>
    <CRequirement id="AugmentProliferation">
        <NodeArray index="Show" Link="NotCountUpgradeFleshrenderProliferationQueuedOrBetter"/>
        <EditorCategories value="Race:Dragon,TechType:Ability"/>
    </CRequirement>
    <CRequirement id="AugmentDragonFireAttacksLevel1">
        <NodeArray index="Show" Link="NotCountUpgradeDragonFireAttacksLevel1QueuedOrBetter"/>
        <EditorCategories value="Race:Dragon,TechType:Ability"/>
    </CRequirement>
    <CRequirement id="AugmentDragonFireAttacksLevel2">
        <NodeArray index="Use" Link="AndCountUpgradeDragonFireAttacksLevel1CompleteOnlyOrCountUnitGreaterDeepOneNoFootprintCompleteOnlyCountUnitToweringDeepOneNoFootprintCompleteOnly"/>
        <NodeArray index="Show" Link="NotCountUpgradeDragonFireAttacksLevel2QueuedOrBetter"/>
        <EditorCategories value="Race:Dragon,TechType:Ability"/>
    </CRequirement>
    <CRequirement id="AugmentDragonFireAttacksLevel3">
        <NodeArray index="Use" Link="AndCountUpgradeDragonFireAttacksLevel2CompleteOnlyCountUpgradeDragonLineageCompleteOnly"/>
        <NodeArray index="Show" Link="NotCountUpgradeDragonFireAttacksLevel3QueuedOrBetter"/>
        <EditorCategories value="Race:Dragon,TechType:Ability"/>
    </CRequirement>
    <CRequirement id="AugmentDragonMeleeAttacksLevel1">
        <NodeArray index="Show" Link="NotCountUpgradeDragonMeleeAttacksLevel1QueuedOrBetter"/>
        <EditorCategories value="Race:Dragon,TechType:Ability"/>
    </CRequirement>
    <CRequirement id="AugmentDragonMeleeAttacksLevel2">
        <NodeArray index="Use" Link="AndCountUpgradeDragonMeleeAttacksLevel1CompleteOnlyOrCountUnitGreaterDeepOneNoFootprintCompleteOnlyCountUnitToweringDeepOneNoFootprintCompleteOnly"/>
        <NodeArray index="Show" Link="NotCountUpgradeDragonMeleeAttacksLevel2QueuedOrBetter"/>
        <EditorCategories value="Race:Dragon,TechType:Ability"/>
    </CRequirement>
    <CRequirement id="AugmentDragonMeleeAttacksLevel3">
        <NodeArray index="Use" Link="AndCountUpgradeDragonMeleeAttacksLevel2CompleteOnlyCountUpgradeDragonLineageCompleteOnly"/>
        <NodeArray index="Show" Link="NotCountUpgradeDragonMeleeAttacksLevel3QueuedOrBetter"/>
        <EditorCategories value="Race:Dragon,TechType:Ability"/>
    </CRequirement>
    <CRequirement id="AugmentDragonPlateArmorLevel1">
        <NodeArray index="Show" Link="NotCountUpgradeDragonPlateArmorLevel1QueuedOrBetter"/>
        <EditorCategories value="Race:Dragon,TechType:Ability"/>
    </CRequirement>
    <CRequirement id="AugmentDragonPlateArmorLevel2">
        <NodeArray index="Use" Link="AndCountUpgradeDragonPlateArmorLevel1CompleteOnlyOrCountUnitGreaterDeepOneNoFootprintCompleteOnlyCountUnitToweringDeepOneNoFootprintCompleteOnly"/>
        <NodeArray index="Show" Link="NotCountUpgradeDragonPlateArmorLevel2QueuedOrBetter"/>
        <EditorCategories value="Race:Dragon,TechType:Ability"/>
    </CRequirement>
    <CRequirement id="AugmentDragonPlateArmorLevel3">
        <NodeArray index="Use" Link="AndCountUpgradeDragonPlateArmorLevel2CompleteOnlyCountUpgradeDragonLineageCompleteOnly"/>
        <NodeArray index="Show" Link="NotCountUpgradeDragonPlateArmorLevel3QueuedOrBetter"/>
        <EditorCategories value="Race:Dragon,TechType:Ability"/>
    </CRequirement>
    <CRequirement id="AugmentDragonScaleArmorLevel1">
        <NodeArray index="Show" Link="NotCountUpgradeDragonScaleArmorLevel1QueuedOrBetter"/>
        <EditorCategories value="Race:Dragon,TechType:Ability"/>
    </CRequirement>
    <CRequirement id="AugmentDragonScaleArmorLevel2">
        <NodeArray index="Use" Link="AndCountUpgradeDragonScaleArmorLevel1CompleteOnlyOrCountUnitGreaterDeepOneNoFootprintCompleteOnlyCountUnitToweringDeepOneNoFootprintCompleteOnly"/>
        <NodeArray index="Show" Link="NotCountUpgradeDragonScaleArmorLevel2QueuedOrBetter"/>
        <EditorCategories value="Race:Dragon,TechType:Ability"/>
    </CRequirement>
    <CRequirement id="AugmentDragonScaleArmorLevel3">
        <NodeArray index="Use" Link="AndCountUpgradeDragonScaleArmorLevel2CompleteOnlyCountUpgradeDragonLineageCompleteOnly"/>
        <NodeArray index="Show" Link="NotCountUpgradeDragonScaleArmorLevel3QueuedOrBetter"/>
        <EditorCategories value="Race:Dragon,TechType:Ability"/>
    </CRequirement>
    <CRequirement id="AugmentEmberCore">
        <NodeArray index="Show" Link="NotCountUpgradeSkyrazerEmberCoreQueuedOrBetter"/>
        <EditorCategories value="Race:Dragon,TechType:Ability"/>
    </CRequirement>
    <CRequirement id="AugmentFeast">
        <NodeArray index="Use" Link="OrCountUnitGreaterDeepOneNoFootprintCompleteOnlyCountUnitToweringDeepOneNoFootprintCompleteOnly"/>
        <NodeArray index="Show" Link="NotCountUpgradeHunterFeastQueuedOrBetter"/>
        <EditorCategories value="Race:Dragon,TechType:Ability"/>
    </CRequirement>
    <CRequirement id="AugmentFervidReconstitution">
        <NodeArray index="Use" Link="CountUnitToweringDeepOneNoFootprintCompleteOnly"/>
        <NodeArray index="Show" Link="NotCountUpgradeFlamespitterFervidReconstitutionQueuedOrBetter"/>
        <EditorCategories value="Race:Dragon,TechType:Ability"/>
    </CRequirement>
    <CRequirement id="AugmentDragonLineage">
        <NodeArray index="Use" Link="OrCountUnitGreaterDeepOneNoFootprintCompleteOnlyCountUnitToweringDeepOneNoFootprintCompleteOnly"/>
        <NodeArray index="Show" Link="NotCountUpgradeDragonLineageQueuedOrBetter"/>
        <EditorCategories value="Race:Dragon,TechType:Ability"/>
    </CRequirement>
    <CRequirement id="AugmentFrenzy">
        <NodeArray index="Show" Link="NotCountUpgradeHandofPowerFrenzyQueuedOrBetter"/>
        <EditorCategories value="Race:Dragon,TechType:Ability"/>
    </CRequirement>
    <CRequirement id="AugmentGrimGlider">
        <NodeArray index="Show" Link="NotCountUpgradeGrimGliderQueuedOrBetter"/>
        <EditorCategories value="Race:Dragon,TechType:Ability"/>
    </CRequirement>
    <CRequirement id="AugmentInfernalBreath">
        <NodeArray index="Show" Link="NotCountUpgradeBrimstoneDemolisherInfernalBreathQueuedOrBetter"/>
        <EditorCategories value="Race:Dragon,TechType:Ability"/>
    </CRequirement>
    <CRequirement id="AugmentMadness">
        <NodeArray index="Show" Link="NotCountUpgradeBerserkerMadnessQueuedOrBetter"/>
        <EditorCategories value="Race:Dragon,TechType:Ability"/>
    </CRequirement>
    <CRequirement id="AugmentMightyFist">
        <NodeArray index="Show" Link="NotCountUpgradeHandofPowerMightyFistQueuedOrBetter"/>
        <EditorCategories value="Race:Dragon,TechType:Ability"/>
    </CRequirement>
    <CRequirement id="AugmentCelerity">
        <NodeArray index="Show" Link="NotCountUpgradeAuroraConduitCelerityQueuedOrBetter"/>
        <EditorCategories value="Race:Dragon,TechType:Ability"/>
    </CRequirement>
    <CRequirement id="AugmentPlasmaCatalyst">
        <NodeArray index="Show" Link="NotCountUpgradeVolcanicHarbingerPlasmaCatalystQueuedOrBetter"/>
        <EditorCategories value="Race:Dragon,TechType:Ability"/>
    </CRequirement>
    <CRequirement id="AugmentShroud">
        <NodeArray index="Show" Link="NotCountUpgradeHornedMagusShroudQueuedOrBetter"/>
        <EditorCategories value="Race:Dragon,TechType:Ability"/>
    </CRequirement>
    <CRequirement id="AugmentAbundance">
        <NodeArray index="Use" Link="CountUnitLesserDeepOneNoFootprintCompleteOnly"/>
        <NodeArray index="Show" Link="NotCountUpgradeRazorbackAbundanceQueuedOrBetter"/>
        <EditorCategories value="Race:Dragon,TechType:Ability"/>
    </CRequirement>
    <CRequirement id="AugmentUnseenBeast">
        <NodeArray index="Show" Link="NotCountUpgradeUnseenBeastQueuedOrBetter"/>
        <EditorCategories value="Race:Dragon,TechType:Ability"/>
    </CRequirement>
    <CRequirement id="AugmentWraithNight">
        <NodeArray index="Show" Link="NotCountUpgradeGrimGliderWraithNightQueuedOrBetter"/>
        <EditorCategories value="Race:Dragon,TechType:Ability"/>
    </CRequirement>
    <CRequirement id="AugmentationPit">
        <NodeArray index="Use" Link="CountBehaviorAugmentationPitCompleteOnlyAtUnit763288653"/>
        <EditorCategories value="Race:Dragon,TechType:Ability"/>
    </CRequirement>
    <CRequirement id="BrimstoneDemolisher">
        <NodeArray index="Use" Link="AndCountBehaviorAugmentationPitCompleteOnlyAtUnit763288653CountUpgradeBrimstoneDemolisherCompleteOnly220872439"/>
        <EditorCategories value="Race:Dragon,TechType:Ability"/>
    </CRequirement>
    <CRequirement id="BrimstoneDemolisherInfernalBreath">
        <NodeArray index="Use" Link="CountUpgradeBrimstoneDemolisherInfernalBreathCompleteOnly375886769"/>
        <EditorCategories value="Race:Dragon,TechType:Ability"/>
    </CRequirement>
    <CRequirement id="Coagulator">
        <NodeArray index="Use" Link="AndCountBehaviorAugmentationPitCompleteOnlyAtUnit4009903090CountUpgradeRazorbackAbundanceCompleteOnly2219638757"/>
        <EditorCategories value="Race:Dragon,TechType:Ability"/>
    </CRequirement>
    <CRequirement id="HasDragonCommander">
        <EditorCategories value="Race:Dragon,TechType:Upgrade"/>
        <NodeArray index="Show" Link="CountUpgradeDragonCommanderCompleteOnly"/>
    </CRequirement>
    <CRequirement id="FissionAscended">
        <NodeArray index="Use" Link="AndCountBehaviorDragonAscendedCompleteOnlyAtUnitNotCountBehaviorDragonFissionCompleteOnlyAtUnit"/>
        <NodeArray index="Show" Link="AndCountBehaviorDragonAscendedCompleteOnlyAtUnitNotCountBehaviorDragonFissionCompleteOnlyAtUnit"/>
        <EditorCategories value="Race:Dragon,TechType:Ability"/>
    </CRequirement>
    <CRequirement id="FissionDisabled">
        <NodeArray index="Use" Link="And3695770947CountBehaviorDragonFissionCompleteOnlyAtUnitNotCountBehaviorDragonFissionCompleteOnlyAtUnit"/>
        <EditorCategories value="Race:Dragon,TechType:Ability"/>
    </CRequirement>
    <CRequirement id="FlamespitterFervidReconstitution">
        <NodeArray index="Show" Link="CountUpgradeFlamespitterFervidReconstitutionCompleteOnly"/>
        <EditorCategories value="Race:Dragon,TechType:Ability"/>
    </CRequirement>
    <CRequirement id="FlamespitterFervidReconstitutionNegate">
        <NodeArray index="Show" Link="NotCountUpgradeFlamespitterFervidReconstitutionCompleteOnly"/>
        <EditorCategories value="Race:Dragon,TechType:Ability"/>
    </CRequirement>
    <CRequirement id="HaveLesserDeepOne">
        <NodeArray index="Use" Link="CountUnitLesserDeepOneNoFootprintCompleteOnly"/>
        <EditorCategories value="Race:Dragon,TechType:Ability"/>
    </CRequirement>
    <CRequirement id="GrimGlider">
        <NodeArray index="Use" Link="AndCountBehaviorAugmentationPitCompleteOnlyAtUnit763288653CountUpgradeGrimGliderCompleteOnly1362390753"/>
        <EditorCategories value="Race:Dragon,TechType:Ability"/>
    </CRequirement>
    <CRequirement id="GrimGliderWraithNight">
        <NodeArray index="Use" Link="CountUpgradeGrimGliderWraithNightCompleteOnly3079867151TechTreeCheat"/>
        <EditorCategories value="Race:Dragon,TechType:Ability"/>
    </CRequirement>
    <CRequirement id="HandofPowerFrenzy">
        <NodeArray index="Use" Link="CountUpgradeHandofPowerFrenzyCompleteOnly3605573692TechTreeCheat"/>
        <EditorCategories value="Race:Dragon,TechType:Ability"/>
    </CRequirement>
    <CRequirement id="HornedMagusShroud">
        <NodeArray index="Use" Link="CountUpgradeHornedMagusShroudCompleteOnly2931001875"/>
        <EditorCategories value="Race:Dragon,TechType:Ability"/>
    </CRequirement>
    <CRequirement id="HunterFeast">
        <NodeArray index="Use" Link="CountUpgradeHunterFeastCompleteOnly909739678"/>
        <EditorCategories value="Race:Dragon,TechType:Ability"/>
    </CRequirement>
    <CRequirement id="HaveFrontierDeepOne">
        <NodeArray index="Use" Link="CountUnitFrontierDeepOneCompleteOnly"/>
        <EditorCategories value="Race:Dragon,TechType:Ability"/>
    </CRequirement>
    <CRequirement id="NotAscended">
        <NodeArray index="Use" Link="NotCountBehaviorDragonAscendedCompleteOnlyAtUnit"/>
        <NodeArray index="Show" Link="NotCountBehaviorDragonAscendedCompleteOnlyAtUnit"/>
        <EditorCategories value="Race:Dragon,TechType:Ability"/>
    </CRequirement>
    <CRequirement id="Fission">
        <NodeArray index="Use" Link="NotOrCountBehaviorDragonAscendedCompleteOnlyAtUnitCountBehaviorDragonFissionCompleteOnlyAtUnit"/>
        <NodeArray index="Show" Link="NotOrCountBehaviorDragonAscendedCompleteOnlyAtUnitCountBehaviorDragonFissionCompleteOnlyAtUnit"/>
        <EditorCategories value="Race:Dragon,TechType:Ability"/>
    </CRequirement>
    <CRequirement id="BerserkerMadness">
        <NodeArray index="Use" Link="CountUpgradeBerserkerMadnessCompleteOnly3248460708"/>
        <EditorCategories value="Race:Dragon,TechType:Ability"/>
    </CRequirement>
    <CRequirement id="DragonLineage">
        <NodeArray index="Use" Link="CountUpgradeDragonLineageCompleteOnly"/>
        <EditorCategories value="Race:Dragon,TechType:Ability"/>
    </CRequirement>
    <CRequirement id="SkyrazerEmberCore">
        <NodeArray index="Use" Link="CountUpgradeSkyrazerEmberCoreCompleteOnly4150053550"/>
        <EditorCategories value="Race:Dragon,TechType:Ability"/>
    </CRequirement>
    <CRequirement id="UnseenBeast">
        <NodeArray index="Use" Link="AndCountBehaviorAugmentationPitCompleteOnlyAtUnit763288653CountUpgradeUnseenBeastCompleteOnly1127497187"/>
        <EditorCategories value="Race:Dragon,TechType:Ability"/>
    </CRequirement>
    <CRequirement id="VolcanicHarbingerOverload">
        <NodeArray index="Use" Link="LT3765000727CountUnitVolcanicHarbingerOverloadQueuedOrBetterAtUnit3"/>
        <EditorCategories value="Race:Dragon,TechType:Ability"/>
    </CRequirement>
    <CRequirement id="VolcanicHarbingerOverload1">
        <NodeArray index="Use" Link="EqCountUnitVolcanicHarbingerOverloadCompleteOnlyAtUnit1"/>
        <EditorCategories value="Race:Dragon,TechType:Ability"/>
    </CRequirement>
    <CRequirement id="VolcanicHarbingerOverload2">
        <NodeArray index="Use" Link="EqCountUnitVolcanicHarbingerOverloadCompleteOnlyAtUnit2"/>
        <EditorCategories value="Race:Dragon,TechType:Ability"/>
    </CRequirement>
    <CRequirement id="VolcanicHarbingerOverload3">
        <NodeArray index="Use" Link="EqCountUnitVolcanicHarbingerOverloadCompleteOnlyAtUnit3"/>
        <EditorCategories value="Race:Dragon,TechType:Ability"/>
    </CRequirement>
</Catalog>
