<?xml version="1.0" encoding="utf-8"?>
<Catalog>
    <CRequirementAnd id="And3695770947CountBehaviorDragonFissionCompleteOnlyAtUnitNotCountBehaviorDragonFissionCompleteOnlyAtUnit">
        <OperandArray value="CountBehaviorDragonFissionCompleteOnlyAtUnit"/>
        <OperandArray value="NotCountBehaviorDragonFissionCompleteOnlyAtUnit"/>
    </CRequirementAnd>
    <CRequirementAnd id="AndCountBehaviorAugmentationPitCompleteOnlyAtUnit4009903090CountUpgradeRazorbackAbundanceCompleteOnly2219638757">
        <Tooltip value=""/>
        <OperandArray value="CountBehaviorAugmentationPitCompleteOnlyAtUnit4009903090"/>
        <OperandArray value="CountUpgradeRazorbackAbundanceCompleteOnly2219638757"/>
    </CRequirementAnd>
    <CRequirementAnd id="AndCountBehaviorAugmentationPitCompleteOnlyAtUnit763288653CountUpgradeBrimstoneDemolisherCompleteOnly220872439">
        <Tooltip value=""/>
        <OperandArray value="CountBehaviorAugmentationPitCompleteOnlyAtUnit763288653"/>
        <OperandArray value="CountUpgradeBrimstoneDemolisherCompleteOnly220872439"/>
    </CRequirementAnd>
    <CRequirementAnd id="AndCountBehaviorAugmentationPitCompleteOnlyAtUnit763288653CountUpgradeGrimGliderCompleteOnly1362390753">
        <Tooltip value=""/>
        <OperandArray value="CountBehaviorAugmentationPitCompleteOnlyAtUnit763288653"/>
        <OperandArray value="CountUpgradeGrimGliderCompleteOnly1362390753"/>
    </CRequirementAnd>
    <CRequirementAnd id="AndCountBehaviorAugmentationPitCompleteOnlyAtUnit763288653CountUpgradeUnseenBeastCompleteOnly1127497187">
        <Tooltip value=""/>
        <OperandArray value="CountBehaviorAugmentationPitCompleteOnlyAtUnit763288653"/>
        <OperandArray value="CountUpgradeUnseenBeastCompleteOnly1127497187"/>
    </CRequirementAnd>
    <CRequirementAnd id="AndCountBehaviorDragonAscendedCompleteOnlyAtUnitNotCountBehaviorDragonFissionCompleteOnlyAtUnit">
        <Tooltip value=""/>
        <OperandArray value="CountBehaviorDragonAscendedCompleteOnlyAtUnit"/>
        <OperandArray value="NotCountBehaviorDragonFissionCompleteOnlyAtUnit"/>
    </CRequirementAnd>
    <CRequirementAnd id="AndCountUpgradeDragonFireAttacksLevel1CompleteOnlyOrCountUnitGreaterDeepOneNoFootprintCompleteOnlyCountUnitToweringDeepOneNoFootprintCompleteOnly">
        <Tooltip value=""/>
        <OperandArray value="CountUpgradeDragonFireAttacksLevel1CompleteOnly"/>
        <OperandArray value="OrCountUnitGreaterDeepOneNoFootprintCompleteOnlyCountUnitToweringDeepOneNoFootprintCompleteOnly"/>
    </CRequirementAnd>
    <CRequirementAnd id="AndCountUpgradeDragonFireAttacksLevel2CompleteOnlyCountUpgradeDragonLineageCompleteOnly">
        <OperandArray value="CountUpgradeDragonFireAttacksLevel2CompleteOnly"/>
        <OperandArray value="CountUpgradeDragonLineageCompleteOnly"/>
    </CRequirementAnd>
    <CRequirementAnd id="AndCountUpgradeDragonMeleeAttacksLevel1CompleteOnlyOrCountUnitGreaterDeepOneNoFootprintCompleteOnlyCountUnitToweringDeepOneNoFootprintCompleteOnly">
        <Tooltip value=""/>
        <OperandArray value="CountUpgradeDragonMeleeAttacksLevel1CompleteOnly"/>
        <OperandArray value="OrCountUnitGreaterDeepOneNoFootprintCompleteOnlyCountUnitToweringDeepOneNoFootprintCompleteOnly"/>
    </CRequirementAnd>
    <CRequirementAnd id="AndCountUpgradeDragonMeleeAttacksLevel2CompleteOnlyCountUpgradeDragonLineageCompleteOnly">
        <OperandArray value="CountUpgradeDragonMeleeAttacksLevel2CompleteOnly"/>
        <OperandArray value="CountUpgradeDragonLineageCompleteOnly"/>
    </CRequirementAnd>
    <CRequirementAnd id="AndCountUpgradeDragonPlateArmorLevel1CompleteOnlyOrCountUnitGreaterDeepOneNoFootprintCompleteOnlyCountUnitToweringDeepOneNoFootprintCompleteOnly">
        <Tooltip value=""/>
        <OperandArray value="CountUpgradeDragonPlateArmorLevel1CompleteOnly"/>
        <OperandArray value="OrCountUnitGreaterDeepOneNoFootprintCompleteOnlyCountUnitToweringDeepOneNoFootprintCompleteOnly"/>
    </CRequirementAnd>
    <CRequirementAnd id="AndCountUpgradeDragonPlateArmorLevel2CompleteOnlyCountUpgradeDragonLineageCompleteOnly">
        <OperandArray value="CountUpgradeDragonPlateArmorLevel2CompleteOnly"/>
        <OperandArray value="CountUpgradeDragonLineageCompleteOnly"/>
    </CRequirementAnd>
    <CRequirementAnd id="AndCountUpgradeDragonScaleArmorLevel1CompleteOnlyOrCountUnitGreaterDeepOneNoFootprintCompleteOnlyCountUnitToweringDeepOneNoFootprintCompleteOnly">
        <Tooltip value=""/>
        <OperandArray value="CountUpgradeDragonScaleArmorLevel1CompleteOnly"/>
        <OperandArray value="OrCountUnitGreaterDeepOneNoFootprintCompleteOnlyCountUnitToweringDeepOneNoFootprintCompleteOnly"/>
    </CRequirementAnd>
    <CRequirementAnd id="AndCountUpgradeDragonScaleArmorLevel2CompleteOnlyCountUpgradeDragonLineageCompleteOnly">
        <OperandArray value="CountUpgradeDragonScaleArmorLevel2CompleteOnly"/>
        <OperandArray value="CountUpgradeDragonLineageCompleteOnly"/>
    </CRequirementAnd>
    <CRequirementCountBehavior id="CountBehaviorArkwyrmUnloadCasterCompleteOnlyAtUnit">
        <Flags index="TechTreeCheat" value="0"/>
        <Tooltip value=""/>
        <Count Link="ArkwyrmUnloadCaster" State="CompleteOnlyAtUnit"/>
    </CRequirementCountBehavior>
    <CRequirementCountBehavior id="CountBehaviorAugmentationPitCompleteOnlyAtUnit4009903090">
        <Flags index="TechTreeCheat" value="0"/>
        <Count Link="AugmentationPit" State="CompleteOnlyAtUnit"/>
    </CRequirementCountBehavior>
    <CRequirementCountBehavior id="CountBehaviorAugmentationPitCompleteOnlyAtUnit763288653">
        <Flags index="TechTreeCheat" value="0"/>
        <Count Link="AugmentationPit" State="CompleteOnlyAtUnit"/>
    </CRequirementCountBehavior>
    <CRequirementCountBehavior id="CountBehaviorDragonAscendedCompleteOnlyAtUnit">
        <Flags index="TechTreeCheat" value="0"/>
        <Tooltip value=""/>
        <Count Link="DragonAscended" State="CompleteOnlyAtUnit"/>
    </CRequirementCountBehavior>
    <CRequirementCountBehavior id="CountBehaviorDragonFissionCompleteOnlyAtUnit">
        <Flags index="TechTreeCheat" value="0"/>
        <Tooltip value=""/>
        <Count Link="DragonFission" State="CompleteOnlyAtUnit"/>
    </CRequirementCountBehavior>
    <CRequirementCountUnit id="CountUnitFrontierDeepOneCompleteOnly">
        <Flags index="TechTreeCheat" value="0"/>
        <Tooltip value=""/>
        <Count Link="FrontierDeepOne" State="CompleteOnly"/>
    </CRequirementCountUnit>
    <CRequirementCountUnit id="CountUnitGreaterDeepOneNoFootprintCompleteOnly">
        <Flags index="TechTreeCheat" value="0"/>
        <Tooltip value=""/>
        <Count Link="GreaterDeepOneNoFootprint" State="CompleteOnly"/>
    </CRequirementCountUnit>
    <CRequirementCountUnit id="CountUnitLesserDeepOneNoFootprintCompleteOnly">
        <Flags index="TechTreeCheat" value="0"/>
        <Tooltip value=""/>
        <Count Link="LesserDeepOneNoFootprint" State="CompleteOnly"/>
    </CRequirementCountUnit>
    <CRequirementCountUnit id="CountUnitToweringDeepOneNoFootprintCompleteOnly">
        <Flags index="TechTreeCheat" value="0"/>
        <Tooltip value=""/>
        <Count Link="ToweringDeepOneNoFootprint" State="CompleteOnly"/>
    </CRequirementCountUnit>
    <CRequirementCountUnit id="CountUnitVolcanicHarbingerOverloadCompleteOnlyAtUnit">
        <Flags index="TechTreeCheat" value="0"/>
        <Tooltip value=""/>
        <Count Link="VolcanicHarbingerOverload" State="CompleteOnlyAtUnit"/>
    </CRequirementCountUnit>
    <CRequirementCountUnit id="CountUnitVolcanicHarbingerOverloadQueuedOrBetterAtUnit">
        <Flags index="TechTreeCheat" value="0"/>
        <Tooltip value=""/>
        <Count Link="VolcanicHarbingerOverload" State="QueuedOrBetterAtUnit"/>
    </CRequirementCountUnit>
    <CRequirementCountUpgrade id="CountUpgradeAuroraConduitCelerityQueuedOrBetter">
        <Flags index="TechTreeCheat" value="0"/>
        <Tooltip value=""/>
        <Count Link="AuroraConduitCelerity" State="QueuedOrBetter"/>
    </CRequirementCountUpgrade>
    <CRequirementCountUpgrade id="CountUpgradeBerserkerMadnessCompleteOnly3248460708">
        <Flags index="TechTreeCheat" value="0"/>
        <Count Link="BerserkerMadness" State="CompleteOnly"/>
    </CRequirementCountUpgrade>
    <CRequirementCountUpgrade id="CountUpgradeBerserkerMadnessQueuedOrBetter">
        <Flags index="TechTreeCheat" value="0"/>
        <Count Link="BerserkerMadness" State="QueuedOrBetter"/>
    </CRequirementCountUpgrade>
    <CRequirementCountUpgrade id="CountUpgradeBrimstoneDemolisherCompleteOnly220872439">
        <Flags index="TechTreeCheat" value="0"/>
        <Count Link="BrimstoneDemolisher" State="CompleteOnly"/>
    </CRequirementCountUpgrade>
    <CRequirementCountUpgrade id="CountUpgradeBrimstoneDemolisherInfernalBreathCompleteOnly375886769">
        <Flags index="TechTreeCheat" value="0"/>
        <Count Link="BrimstoneDemolisherInfernalBreath" State="CompleteOnly"/>
    </CRequirementCountUpgrade>
    <CRequirementCountUpgrade id="CountUpgradeBrimstoneDemolisherInfernalBreathQueuedOrBetter">
        <Flags index="TechTreeCheat" value="0"/>
        <Tooltip value=""/>
        <Count Link="BrimstoneDemolisherInfernalBreath" State="QueuedOrBetter"/>
    </CRequirementCountUpgrade>
    <CRequirementCountUpgrade id="CountUpgradeBrimstoneDemolisherQueuedOrBetter">
        <Flags index="TechTreeCheat" value="0"/>
        <Tooltip value=""/>
        <Count Link="BrimstoneDemolisher" State="QueuedOrBetter"/>
    </CRequirementCountUpgrade>
    <CRequirementCountUpgrade id="CountUpgradeDragonCommanderCompleteOnly">
        <Flags index="TechTreeCheat" value="0"/>
        <Tooltip value="RequirementNode/Tooltip/##id##"/>
        <Count Link="DragonCommander" State="CompleteOnly"/>
    </CRequirementCountUpgrade>
    <CRequirementCountUpgrade id="CountUpgradeDragonFireAttacksLevel1CompleteOnly">
        <Flags index="TechTreeCheat" value="0"/>
        <Tooltip value=""/>
        <Count Link="DragonFireAttacksLevel1" State="CompleteOnly"/>
    </CRequirementCountUpgrade>
    <CRequirementCountUpgrade id="CountUpgradeDragonFireAttacksLevel1QueuedOrBetter">
        <Flags index="TechTreeCheat" value="0"/>
        <Tooltip value=""/>
        <Count Link="DragonFireAttacksLevel1" State="QueuedOrBetter"/>
    </CRequirementCountUpgrade>
    <CRequirementCountUpgrade id="CountUpgradeDragonFireAttacksLevel2CompleteOnly">
        <Flags index="TechTreeCheat" value="0"/>
        <Tooltip value=""/>
        <Count Link="DragonFireAttacksLevel2" State="CompleteOnly"/>
    </CRequirementCountUpgrade>
    <CRequirementCountUpgrade id="CountUpgradeDragonFireAttacksLevel2QueuedOrBetter">
        <Flags index="TechTreeCheat" value="0"/>
        <Tooltip value=""/>
        <Count Link="DragonFireAttacksLevel2" State="QueuedOrBetter"/>
    </CRequirementCountUpgrade>
    <CRequirementCountUpgrade id="CountUpgradeDragonFireAttacksLevel3QueuedOrBetter">
        <Flags index="TechTreeCheat" value="0"/>
        <Tooltip value=""/>
        <Count Link="DragonFireAttacksLevel3" State="QueuedOrBetter"/>
    </CRequirementCountUpgrade>
    <CRequirementCountUpgrade id="CountUpgradeDragonLineageCompleteOnly">
        <Flags index="TechTreeCheat" value="0"/>
        <Tooltip value=""/>
        <Count Link="DragonLineage" State="CompleteOnly"/>
    </CRequirementCountUpgrade>
    <CRequirementCountUpgrade id="CountUpgradeDragonLineageQueuedOrBetter">
        <Flags index="TechTreeCheat" value="0"/>
        <Tooltip value=""/>
        <Count Link="DragonLineage" State="QueuedOrBetter"/>
    </CRequirementCountUpgrade>
    <CRequirementCountUpgrade id="CountUpgradeDragonMeleeAttacksLevel1CompleteOnly">
        <Flags index="TechTreeCheat" value="0"/>
        <Tooltip value=""/>
        <Count Link="DragonMeleeAttacksLevel1" State="CompleteOnly"/>
    </CRequirementCountUpgrade>
    <CRequirementCountUpgrade id="CountUpgradeDragonMeleeAttacksLevel1QueuedOrBetter">
        <Flags index="TechTreeCheat" value="0"/>
        <Tooltip value=""/>
        <Count Link="DragonMeleeAttacksLevel1" State="QueuedOrBetter"/>
    </CRequirementCountUpgrade>
    <CRequirementCountUpgrade id="CountUpgradeDragonMeleeAttacksLevel2CompleteOnly">
        <Flags index="TechTreeCheat" value="0"/>
        <Tooltip value=""/>
        <Count Link="DragonMeleeAttacksLevel2" State="CompleteOnly"/>
    </CRequirementCountUpgrade>
    <CRequirementCountUpgrade id="CountUpgradeDragonMeleeAttacksLevel2QueuedOrBetter">
        <Flags index="TechTreeCheat" value="0"/>
        <Tooltip value=""/>
        <Count Link="DragonMeleeAttacksLevel2" State="QueuedOrBetter"/>
    </CRequirementCountUpgrade>
    <CRequirementCountUpgrade id="CountUpgradeDragonMeleeAttacksLevel3QueuedOrBetter">
        <Flags index="TechTreeCheat" value="0"/>
        <Tooltip value=""/>
        <Count Link="DragonMeleeAttacksLevel3" State="QueuedOrBetter"/>
    </CRequirementCountUpgrade>
    <CRequirementCountUpgrade id="CountUpgradeDragonPlateArmorLevel1CompleteOnly">
        <Flags index="TechTreeCheat" value="0"/>
        <Tooltip value=""/>
        <Count Link="DragonPlateArmorLevel1" State="CompleteOnly"/>
    </CRequirementCountUpgrade>
    <CRequirementCountUpgrade id="CountUpgradeDragonPlateArmorLevel1QueuedOrBetter">
        <Flags index="TechTreeCheat" value="0"/>
        <Tooltip value=""/>
        <Count Link="DragonPlateArmorLevel1" State="QueuedOrBetter"/>
    </CRequirementCountUpgrade>
    <CRequirementCountUpgrade id="CountUpgradeDragonPlateArmorLevel2CompleteOnly">
        <Flags index="TechTreeCheat" value="0"/>
        <Tooltip value=""/>
        <Count Link="DragonPlateArmorLevel2" State="CompleteOnly"/>
    </CRequirementCountUpgrade>
    <CRequirementCountUpgrade id="CountUpgradeDragonPlateArmorLevel2QueuedOrBetter">
        <Flags index="TechTreeCheat" value="0"/>
        <Tooltip value=""/>
        <Count Link="DragonPlateArmorLevel2" State="QueuedOrBetter"/>
    </CRequirementCountUpgrade>
    <CRequirementCountUpgrade id="CountUpgradeDragonPlateArmorLevel3QueuedOrBetter">
        <Flags index="TechTreeCheat" value="0"/>
        <Tooltip value=""/>
        <Count Link="DragonPlateArmorLevel3" State="QueuedOrBetter"/>
    </CRequirementCountUpgrade>
    <CRequirementCountUpgrade id="CountUpgradeDragonScaleArmorLevel1CompleteOnly">
        <Flags index="TechTreeCheat" value="0"/>
        <Tooltip value=""/>
        <Count Link="DragonScaleArmorLevel1" State="CompleteOnly"/>
    </CRequirementCountUpgrade>
    <CRequirementCountUpgrade id="CountUpgradeDragonScaleArmorLevel1QueuedOrBetter">
        <Flags index="TechTreeCheat" value="0"/>
        <Tooltip value=""/>
        <Count Link="DragonScaleArmorLevel1" State="QueuedOrBetter"/>
    </CRequirementCountUpgrade>
    <CRequirementCountUpgrade id="CountUpgradeDragonScaleArmorLevel2CompleteOnly">
        <Flags index="TechTreeCheat" value="0"/>
        <Tooltip value=""/>
        <Count Link="DragonScaleArmorLevel2" State="CompleteOnly"/>
    </CRequirementCountUpgrade>
    <CRequirementCountUpgrade id="CountUpgradeDragonScaleArmorLevel2QueuedOrBetter">
        <Flags index="TechTreeCheat" value="0"/>
        <Tooltip value=""/>
        <Count Link="DragonScaleArmorLevel2" State="QueuedOrBetter"/>
    </CRequirementCountUpgrade>
    <CRequirementCountUpgrade id="CountUpgradeDragonScaleArmorLevel3QueuedOrBetter">
        <Flags index="TechTreeCheat" value="0"/>
        <Tooltip value=""/>
        <Count Link="DragonScaleArmorLevel3" State="QueuedOrBetter"/>
    </CRequirementCountUpgrade>
    <CRequirementCountUpgrade id="CountUpgradeFlamespitterFervidReconstitutionCompleteOnly">
        <Flags index="TechTreeCheat" value="0"/>
        <Tooltip value=""/>
        <Count Link="FlamespitterFervidReconstitution" State="CompleteOnly"/>
    </CRequirementCountUpgrade>
    <CRequirementCountUpgrade id="CountUpgradeFlamespitterFervidReconstitutionQueuedOrBetter">
        <Flags index="TechTreeCheat" value="0"/>
        <Tooltip value=""/>
        <Count Link="FlamespitterFervidReconstitution" State="QueuedOrBetter"/>
    </CRequirementCountUpgrade>
    <CRequirementCountUpgrade id="CountUpgradeFleshrenderProliferationQueuedOrBetter">
        <Flags index="TechTreeCheat" value="0"/>
        <Tooltip value=""/>
        <Count Link="FleshrenderProliferation" State="QueuedOrBetter"/>
    </CRequirementCountUpgrade>
    <CRequirementCountUpgrade id="CountUpgradeGrimGliderCompleteOnly1362390753">
        <Flags index="TechTreeCheat" value="0"/>
        <Count Link="GrimGlider" State="CompleteOnly"/>
    </CRequirementCountUpgrade>
    <CRequirementCountUpgrade id="CountUpgradeGrimGliderQueuedOrBetter">
        <Flags index="TechTreeCheat" value="0"/>
        <Tooltip value=""/>
        <Count Link="GrimGlider" State="QueuedOrBetter"/>
    </CRequirementCountUpgrade>
    <CRequirementCountUpgrade id="CountUpgradeGrimGliderWraithNightCompleteOnly3079867151TechTreeCheat">
        <Count Link="GrimGliderWraithNight" State="CompleteOnly"/>
    </CRequirementCountUpgrade>
    <CRequirementCountUpgrade id="CountUpgradeGrimGliderWraithNightQueuedOrBetter">
        <Flags index="TechTreeCheat" value="0"/>
        <Tooltip value=""/>
        <Count Link="GrimGliderWraithNight" State="QueuedOrBetter"/>
    </CRequirementCountUpgrade>
    <CRequirementCountUpgrade id="CountUpgradeHandofPowerFrenzyCompleteOnly3605573692TechTreeCheat">
        <Count Link="HandofPowerFrenzy" State="CompleteOnly"/>
    </CRequirementCountUpgrade>
    <CRequirementCountUpgrade id="CountUpgradeHandofPowerFrenzyQueuedOrBetter">
        <Flags index="TechTreeCheat" value="0"/>
        <Tooltip value=""/>
        <Count Link="HandofPowerFrenzy" State="QueuedOrBetter"/>
    </CRequirementCountUpgrade>
    <CRequirementCountUpgrade id="CountUpgradeHandofPowerMightyFistQueuedOrBetter">
        <Flags index="TechTreeCheat" value="0"/>
        <Tooltip value=""/>
        <Count Link="HandofPowerMightyFist" State="QueuedOrBetter"/>
    </CRequirementCountUpgrade>
    <CRequirementCountUpgrade id="CountUpgradeHornedMagusArcaneEssenceQueuedOrBetter">
        <Flags index="TechTreeCheat" value="0"/>
        <Tooltip value=""/>
        <Count Link="HornedMagusArcaneEssence" State="QueuedOrBetter"/>
    </CRequirementCountUpgrade>
    <CRequirementCountUpgrade id="CountUpgradeHornedMagusShroudCompleteOnly2931001875">
        <Flags index="TechTreeCheat" value="0"/>
        <Count Link="HornedMagusShroud" State="CompleteOnly"/>
    </CRequirementCountUpgrade>
    <CRequirementCountUpgrade id="CountUpgradeHornedMagusShroudQueuedOrBetter">
        <Flags index="TechTreeCheat" value="0"/>
        <Tooltip value=""/>
        <Count Link="HornedMagusShroud" State="QueuedOrBetter"/>
    </CRequirementCountUpgrade>
    <CRequirementCountUpgrade id="CountUpgradeHunterFeastCompleteOnly909739678">
        <Flags index="TechTreeCheat" value="0"/>
        <Count Link="HunterFeast" State="CompleteOnly"/>
    </CRequirementCountUpgrade>
    <CRequirementCountUpgrade id="CountUpgradeHunterFeastQueuedOrBetter">
        <Flags index="TechTreeCheat" value="0"/>
        <Tooltip value=""/>
        <Count Link="HunterFeast" State="QueuedOrBetter"/>
    </CRequirementCountUpgrade>
    <CRequirementCountUpgrade id="CountUpgradeRazorbackAbundanceCompleteOnly2219638757">
        <Flags index="TechTreeCheat" value="0"/>
        <Count Link="RazorbackAbundance" State="CompleteOnly"/>
    </CRequirementCountUpgrade>
    <CRequirementCountUpgrade id="CountUpgradeRazorbackAbundanceQueuedOrBetter">
        <Flags index="TechTreeCheat" value="0"/>
        <Tooltip value=""/>
        <Count Link="RazorbackAbundance" State="QueuedOrBetter"/>
    </CRequirementCountUpgrade>
    <CRequirementCountUpgrade id="CountUpgradeSkyrazerEmberCoreCompleteOnly4150053550">
        <Flags index="TechTreeCheat" value="0"/>
        <Count Link="SkyrazerEmberCore" State="CompleteOnly"/>
    </CRequirementCountUpgrade>
    <CRequirementCountUpgrade id="CountUpgradeSkyrazerEmberCoreQueuedOrBetter">
        <Flags index="TechTreeCheat" value="0"/>
        <Tooltip value=""/>
        <Count Link="SkyrazerEmberCore" State="QueuedOrBetter"/>
    </CRequirementCountUpgrade>
    <CRequirementCountUpgrade id="CountUpgradeUnseenBeastCompleteOnly1127497187">
        <Flags index="TechTreeCheat" value="0"/>
        <Count Link="UnseenBeast" State="CompleteOnly"/>
    </CRequirementCountUpgrade>
    <CRequirementCountUpgrade id="CountUpgradeUnseenBeastQueuedOrBetter">
        <Flags index="TechTreeCheat" value="0"/>
        <Tooltip value=""/>
        <Count Link="UnseenBeast" State="QueuedOrBetter"/>
    </CRequirementCountUpgrade>
    <CRequirementCountUpgrade id="CountUpgradeVolcanicHarbingerPlasmaCatalystQueuedOrBetter">
        <Flags index="TechTreeCheat" value="0"/>
        <Tooltip value=""/>
        <Count Link="VolcanicHarbingerPlasmaCatalyst" State="QueuedOrBetter"/>
    </CRequirementCountUpgrade>
    <CRequirementEq id="EqCountBehaviorArkwyrmUnloadCasterCompleteOnlyAtUnit0">
        <Tooltip value=""/>
        <OperandArray index="0" value="CountBehaviorArkwyrmUnloadCasterCompleteOnlyAtUnit"/>
        <OperandArray index="1" value="0"/>
    </CRequirementEq>
    <CRequirementEq id="EqCountUnitVolcanicHarbingerOverloadCompleteOnlyAtUnit1">
        <Tooltip value=""/>
        <OperandArray index="0" value="CountUnitVolcanicHarbingerOverloadCompleteOnlyAtUnit"/>
        <OperandArray index="1" value="1"/>
    </CRequirementEq>
    <CRequirementEq id="EqCountUnitVolcanicHarbingerOverloadCompleteOnlyAtUnit2">
        <Tooltip value=""/>
        <OperandArray index="0" value="CountUnitVolcanicHarbingerOverloadCompleteOnlyAtUnit"/>
        <OperandArray index="1" value="2"/>
    </CRequirementEq>
    <CRequirementEq id="EqCountUnitVolcanicHarbingerOverloadCompleteOnlyAtUnit3">
        <Tooltip value=""/>
        <OperandArray index="0" value="CountUnitVolcanicHarbingerOverloadCompleteOnlyAtUnit"/>
        <OperandArray index="1" value="3"/>
    </CRequirementEq>
    <CRequirementNot id="NotCountBehaviorDragonAscendedCompleteOnlyAtUnit">
        <Tooltip value=""/>
        <OperandArray index="0" value="CountBehaviorDragonAscendedCompleteOnlyAtUnit"/>
    </CRequirementNot>
    <CRequirementNot id="NotCountBehaviorDragonFissionCompleteOnlyAtUnit">
        <Tooltip value=""/>
        <OperandArray index="0" value="CountBehaviorDragonFissionCompleteOnlyAtUnit"/>
    </CRequirementNot>
    <CRequirementNot id="NotCountUpgradeAuroraConduitCelerityQueuedOrBetter">
        <Tooltip value=""/>
        <OperandArray index="0" value="CountUpgradeAuroraConduitCelerityQueuedOrBetter"/>
    </CRequirementNot>
    <CRequirementLT id="LT3765000727CountUnitVolcanicHarbingerOverloadQueuedOrBetterAtUnit3">
        <OperandArray index="0" value="CountUnitVolcanicHarbingerOverloadQueuedOrBetterAtUnit"/>
        <OperandArray index="1" value="3"/>
    </CRequirementLT>
    <CRequirementNot id="NotCountUpgradeBerserkerMadnessQueuedOrBetter">
        <OperandArray index="0" value="CountUpgradeBerserkerMadnessQueuedOrBetter"/>
    </CRequirementNot>
    <CRequirementNot id="NotCountUpgradeBrimstoneDemolisherInfernalBreathQueuedOrBetter">
        <Tooltip value=""/>
        <OperandArray index="0" value="CountUpgradeBrimstoneDemolisherInfernalBreathQueuedOrBetter"/>
    </CRequirementNot>
    <CRequirementNot id="NotCountUpgradeBrimstoneDemolisherQueuedOrBetter">
        <Tooltip value=""/>
        <OperandArray index="0" value="CountUpgradeBrimstoneDemolisherQueuedOrBetter"/>
    </CRequirementNot>
    <CRequirementNot id="NotCountUpgradeDragonFireAttacksLevel1QueuedOrBetter">
        <Tooltip value=""/>
        <OperandArray index="0" value="CountUpgradeDragonFireAttacksLevel1QueuedOrBetter"/>
    </CRequirementNot>
    <CRequirementNot id="NotCountUpgradeDragonFireAttacksLevel2QueuedOrBetter">
        <Tooltip value=""/>
        <OperandArray index="0" value="CountUpgradeDragonFireAttacksLevel2QueuedOrBetter"/>
    </CRequirementNot>
    <CRequirementNot id="NotCountUpgradeDragonLineageQueuedOrBetter">
        <Tooltip value=""/>
        <OperandArray index="0" value="CountUpgradeDragonLineageQueuedOrBetter"/>
    </CRequirementNot>
    <CRequirementNot id="NotCountUpgradeDragonFireAttacksLevel3QueuedOrBetter">
        <Tooltip value=""/>
        <OperandArray index="0" value="CountUpgradeDragonFireAttacksLevel3QueuedOrBetter"/>
    </CRequirementNot>
    <CRequirementNot id="NotCountUpgradeDragonMeleeAttacksLevel2QueuedOrBetter">
        <Tooltip value=""/>
        <OperandArray index="0" value="CountUpgradeDragonMeleeAttacksLevel2QueuedOrBetter"/>
    </CRequirementNot>
    <CRequirementNot id="NotCountUpgradeDragonMeleeAttacksLevel1QueuedOrBetter">
        <Tooltip value=""/>
        <OperandArray index="0" value="CountUpgradeDragonMeleeAttacksLevel1QueuedOrBetter"/>
    </CRequirementNot>
    <CRequirementNot id="NotCountUpgradeDragonPlateArmorLevel1QueuedOrBetter">
        <Tooltip value=""/>
        <OperandArray index="0" value="CountUpgradeDragonPlateArmorLevel1QueuedOrBetter"/>
    </CRequirementNot>
    <CRequirementNot id="NotCountUpgradeDragonPlateArmorLevel2QueuedOrBetter">
        <Tooltip value=""/>
        <OperandArray index="0" value="CountUpgradeDragonPlateArmorLevel2QueuedOrBetter"/>
    </CRequirementNot>
    <CRequirementNot id="NotCountUpgradeDragonMeleeAttacksLevel3QueuedOrBetter">
        <Tooltip value=""/>
        <OperandArray index="0" value="CountUpgradeDragonMeleeAttacksLevel3QueuedOrBetter"/>
    </CRequirementNot>
    <CRequirementNot id="NotCountUpgradeDragonPlateArmorLevel3QueuedOrBetter">
        <Tooltip value=""/>
        <OperandArray index="0" value="CountUpgradeDragonPlateArmorLevel3QueuedOrBetter"/>
    </CRequirementNot>
    <CRequirementNot id="NotCountUpgradeDragonScaleArmorLevel1QueuedOrBetter">
        <Tooltip value=""/>
        <OperandArray index="0" value="CountUpgradeDragonScaleArmorLevel1QueuedOrBetter"/>
    </CRequirementNot>
    <CRequirementNot id="NotCountUpgradeDragonScaleArmorLevel2QueuedOrBetter">
        <Tooltip value=""/>
        <OperandArray index="0" value="CountUpgradeDragonScaleArmorLevel2QueuedOrBetter"/>
    </CRequirementNot>
    <CRequirementNot id="NotCountUpgradeDragonScaleArmorLevel3QueuedOrBetter">
        <Tooltip value=""/>
        <OperandArray index="0" value="CountUpgradeDragonScaleArmorLevel3QueuedOrBetter"/>
    </CRequirementNot>
    <CRequirementNot id="NotCountUpgradeFlamespitterFervidReconstitutionCompleteOnly">
        <Tooltip value=""/>
        <OperandArray index="0" value="CountUpgradeFlamespitterFervidReconstitutionCompleteOnly"/>
    </CRequirementNot>
    <CRequirementNot id="NotCountUpgradeFleshrenderProliferationQueuedOrBetter">
        <Tooltip value=""/>
        <OperandArray index="0" value="CountUpgradeFleshrenderProliferationQueuedOrBetter"/>
    </CRequirementNot>
    <CRequirementNot id="NotCountUpgradeFlamespitterFervidReconstitutionQueuedOrBetter">
        <Tooltip value=""/>
        <OperandArray index="0" value="CountUpgradeFlamespitterFervidReconstitutionQueuedOrBetter"/>
    </CRequirementNot>
    <CRequirementNot id="NotCountUpgradeGrimGliderQueuedOrBetter">
        <Tooltip value=""/>
        <OperandArray index="0" value="CountUpgradeGrimGliderQueuedOrBetter"/>
    </CRequirementNot>
    <CRequirementNot id="NotCountUpgradeGrimGliderWraithNightQueuedOrBetter">
        <Tooltip value=""/>
        <OperandArray index="0" value="CountUpgradeGrimGliderWraithNightQueuedOrBetter"/>
    </CRequirementNot>
    <CRequirementNot id="NotCountUpgradeHandofPowerFrenzyQueuedOrBetter">
        <Tooltip value=""/>
        <OperandArray index="0" value="CountUpgradeHandofPowerFrenzyQueuedOrBetter"/>
    </CRequirementNot>
    <CRequirementNot id="NotCountUpgradeHandofPowerMightyFistQueuedOrBetter">
        <Tooltip value=""/>
        <OperandArray index="0" value="CountUpgradeHandofPowerMightyFistQueuedOrBetter"/>
    </CRequirementNot>
    <CRequirementNot id="NotCountUpgradeHunterFeastQueuedOrBetter">
        <Tooltip value=""/>
        <OperandArray index="0" value="CountUpgradeHunterFeastQueuedOrBetter"/>
    </CRequirementNot>
    <CRequirementNot id="NotCountUpgradeHornedMagusArcaneEssenceQueuedOrBetter">
        <Tooltip value=""/>
        <OperandArray index="0" value="CountUpgradeHornedMagusArcaneEssenceQueuedOrBetter"/>
    </CRequirementNot>
    <CRequirementNot id="NotCountUpgradeRazorbackAbundanceQueuedOrBetter">
        <Tooltip value=""/>
        <OperandArray index="0" value="CountUpgradeRazorbackAbundanceQueuedOrBetter"/>
    </CRequirementNot>
    <CRequirementNot id="NotCountUpgradeHornedMagusShroudQueuedOrBetter">
        <Tooltip value=""/>
        <OperandArray index="0" value="CountUpgradeHornedMagusShroudQueuedOrBetter"/>
    </CRequirementNot>
    <CRequirementNot id="NotCountUpgradeSkyrazerEmberCoreQueuedOrBetter">
        <Tooltip value=""/>
        <OperandArray index="0" value="CountUpgradeSkyrazerEmberCoreQueuedOrBetter"/>
    </CRequirementNot>
    <CRequirementNot id="NotCountUpgradeUnseenBeastQueuedOrBetter">
        <Tooltip value=""/>
        <OperandArray index="0" value="CountUpgradeUnseenBeastQueuedOrBetter"/>
    </CRequirementNot>
    <CRequirementNot id="NotCountUpgradeVolcanicHarbingerPlasmaCatalystQueuedOrBetter">
        <Tooltip value=""/>
        <OperandArray index="0" value="CountUpgradeVolcanicHarbingerPlasmaCatalystQueuedOrBetter"/>
    </CRequirementNot>
    <CRequirementNot id="NotOrCountBehaviorDragonAscendedCompleteOnlyAtUnitCountBehaviorDragonFissionCompleteOnlyAtUnit">
        <Tooltip value=""/>
        <OperandArray index="0" value="OrCountBehaviorDragonAscendedCompleteOnlyAtUnitCountBehaviorDragonFissionCompleteOnlyAtUnit"/>
    </CRequirementNot>
    <CRequirementOr id="OrCountBehaviorDragonAscendedCompleteOnlyAtUnitCountBehaviorDragonFissionCompleteOnlyAtUnit">
        <Tooltip value=""/>
        <OperandArray value="CountBehaviorDragonAscendedCompleteOnlyAtUnit"/>
        <OperandArray value="CountBehaviorDragonFissionCompleteOnlyAtUnit"/>
    </CRequirementOr>
    <CRequirementOr id="OrCountUnitGreaterDeepOneNoFootprintCompleteOnlyCountUnitToweringDeepOneNoFootprintCompleteOnly">
        <Tooltip value=""/>
        <OperandArray value="CountUnitGreaterDeepOneNoFootprintCompleteOnly"/>
        <OperandArray value="CountUnitToweringDeepOneNoFootprintCompleteOnly"/>
    </CRequirementOr>
</Catalog>
