<?xml version="1.0" encoding="utf-8"?>
<Catalog>
    <CSound default="1" id="ReadyVariable" parent="Ready">
        <Pitch value="-1.000000,1.000000"/>
        <Volume value="-1.000000,1.000000"/>
        <EditorCategories value="Race:Dragon"/>
    </CSound>
    <CSound default="1" id="VoiceVariable" parent="Voice">
        <Pitch value="-1.000000,1.000000"/>
        <Volume value="-1.000000,1.000000"/>
        <EditorCategories value="Race:Dragon"/>
    </CSound>
    <CSound default="1" id="Dragon_Attack" parent="VoiceVariable">
        <AssetArray File="Assets\Sounds\PrimalToughGuy_Attack_00.ogg"/>
        <AssetArray File="Assets\Sounds\PrimalToughGuy_Attack_01.ogg"/>
        <AssetArray File="Assets\Sounds\PrimalToughGuy_Attack_02.ogg"/>
        <AssetArray File="Assets\Sounds\PrimalToughGuy_Attack_03.ogg"/>
        <AssetArray File="Assets\Sounds\PrimalToughGuy_Attack_04.ogg"/>
        <AssetArray File="Assets\Sounds\PrimalToughGuy_Attack_05.ogg"/>
        <AssetArray File="Assets\Sounds\PrimalToughGuy_Attack_06.ogg"/>
        <AssetArray File="Assets\Sounds\PrimalToughGuy_Attack_07.ogg"/>
        <AssetArray File="Assets\Sounds\PrimalToughGuy_Attack_08.ogg"/>
    </CSound>
    <CSound default="1" id="Dragon_What" parent="VoiceVariable">
        <AssetArray File="Assets\Sounds\PrimalToughGuy_What_00.ogg"/>
        <AssetArray File="Assets\Sounds\PrimalToughGuy_What_01.ogg"/>
        <AssetArray File="Assets\Sounds\PrimalToughGuy_What_02.ogg"/>
        <AssetArray File="Assets\Sounds\PrimalToughGuy_What_03.ogg"/>
        <AssetArray File="Assets\Sounds\PrimalToughGuy_What_04.ogg"/>
        <AssetArray File="Assets\Sounds\PrimalToughGuy_What_05.ogg"/>
        <AssetArray File="Assets\Sounds\PrimalToughGuy_What_06.ogg"/>
        <AssetArray File="Assets\Sounds\PrimalToughGuy_What_07.ogg"/>
    </CSound>
    <CSound default="1" id="Dragon_Yes" parent="VoiceVariable">
        <AssetArray File="Assets\Sounds\PrimalToughGuy_Yes_00.ogg"/>
        <AssetArray File="Assets\Sounds\PrimalToughGuy_Yes_01.ogg"/>
        <AssetArray File="Assets\Sounds\PrimalToughGuy_Yes_02.ogg"/>
        <AssetArray File="Assets\Sounds\PrimalToughGuy_Yes_03.ogg"/>
        <AssetArray File="Assets\Sounds\PrimalToughGuy_Yes_04.ogg"/>
        <AssetArray File="Assets\Sounds\PrimalToughGuy_Yes_05.ogg"/>
        <AssetArray File="Assets\Sounds\PrimalToughGuy_Yes_06.ogg"/>
        <AssetArray File="Assets\Sounds\PrimalToughGuy_Yes_07.ogg"/>
    </CSound>
    <CSound default="1" id="Dragon_Ready" parent="ReadyVariable">
        <AssetArray File="Assets\Sounds\PrimalToughGuy_Ready_00.ogg"/>
        <AssetArray File="Assets\Sounds\PrimalToughGuy_Ready_01.ogg"/>
        <AssetArray File="Assets\Sounds\PrimalToughGuy_Ready_02.ogg"/>
    </CSound>
    <CSound id="AuroraConduitAttackLaunch" parent="Combat">
        <AssetArray File="Assets\Sounds\Protoss\VoidSeeker\VoidSeeker_AttackImpact0.wav" FacialGroup=""/>
        <AssetArray File="Assets\Sounds\Protoss\VoidSeeker\VoidSeeker_AttackImpact1.wav" FacialGroup=""/>
        <AssetArray File="Assets\Sounds\Protoss\VoidSeeker\VoidSeeker_AttackImpact2.wav" FacialGroup=""/>
        <AssetArray File="Assets\Sounds\Protoss\VoidSeeker\VoidSeeker_AttackImpact3.wav" FacialGroup=""/>
        <AssetArray File="Assets\Sounds\Protoss\VoidSeeker\VoidSeeker_AttackImpact4.wav" FacialGroup=""/>
        <Pitch value="-10.000000,-8.000000"/>
        <Volume value="-1.000000,1.000000"/>
        <EditorCategories value="Race:Dragon"/>
    </CSound>
    <CSound id="AuroraConduitAttack1Launch" parent="Combat">
        <AssetArray File="Assets\Sounds\Uni\Doodads\Doodad_SparkBurstShortVerb0.wav"/>
        <AssetArray File="Assets\Sounds\Uni\Doodads\Doodad_SparkBurstShortVerb1.wav"/>
        <AssetArray File="Assets\Sounds\Uni\Doodads\Doodad_SparkBurstShortVerb2.wav"/>
        <AssetArray File="Assets\Sounds\Uni\Doodads\Doodad_SparkBurstShortVerb3.wav"/>
        <AssetArray File="Assets\Sounds\Uni\Doodads\Doodad_SparkBurstShortVerb4.wav"/>
        <Pitch value="-4.000000,-2.000000"/>
        <Volume value="-1.000000,1.000000"/>
        <EditorCategories value="Race:Dragon"/>
    </CSound>
    <CSound id="BrimstoneDemolisherScorchingBlazeStart">
        <AssetArray File="Assets\Sounds\Spell_Firebreath_End_00.wav"/>
        <AssetArray File="Assets\Sounds\Spell_Firebreath_End_01.wav"/>
        <AssetArray File="Assets\Sounds\Spell_Firebreath_End_02.wav"/>
        <AssetArray File="Assets\Sounds\Spell_Firebreath_End_03.wav"/>
        <AssetArray File="Assets\Sounds\Spell_Firebreath_End_04.wav"/>
        <AssetArray File="Assets\Sounds\Spell_Firebreath_End_05.wav"/>
        <AssetArray File="Assets\Sounds\Spell_Firebreath_Launch_00.wav"/>
        <AssetArray File="Assets\Sounds\Spell_Firebreath_Launch_01.wav"/>
        <AssetArray File="Assets\Sounds\Spell_Firebreath_Launch_02.wav"/>
        <AssetArray File="Assets\Sounds\Spell_Firebreath_Launch_03.wav"/>
        <AssetArray File="Assets\Sounds\Spell_Firebreath_Launch_04.wav"/>
        <AssetArray File="Assets\Sounds\Spell_Firebreath_Launch_05.wav"/>
        <Pitch value="-1.000000,1.000000"/>
        <Volume value="-7.000000,-5.000000"/>
        <EditorCategories value="Race:Dragon"/>
    </CSound>
    <CSound id="DragonAscendSound" parent="Spell">
        <AssetArray File="Assets\Sounds\Cut_Kerrigan_Eye_Flare_01.ogg" FacialGroup=""/>
        <Pitch value="5.000000,7.000000"/>
        <Volume value="2.000000,4.000000"/>
        <EditorCategories value="Race:Dragon"/>
    </CSound>
    <CSound id="DragonExplodeLarge" parent="Death">
        <AssetArray File="Assets\Sounds\Zerg\SharedEffects\Explosions\Zerg_ExplosionLarge0.wav"/>
        <AssetArray File="Assets\Sounds\Zerg\SharedEffects\Explosions\Zerg_ExplosionLarge1.wav"/>
        <AssetArray File="Assets\Sounds\Zerg\SharedEffects\Explosions\Zerg_ExplosionLarge2.wav"/>
        <AssetArray File="Assets\Sounds\Zerg\SharedEffects\Explosions\Zerg_ExplosionLarge3.wav"/>
        <AssetArray File="Assets\Sounds\Zerg\SharedEffects\Explosions\Zerg_ExplosionLarge4.wav"/>
        <Pitch value="-1.000000,1.000000"/>
        <Volume value="-1.000000,1.000000"/>
        <EditorCategories value="Race:Dragon"/>
    </CSound>
    <CSound id="DragonDirtSound" parent="Spell">
        <AssetArray File="Assets\Sounds\Zerg\SharedEffects\Burrowing\Zerg_UnburrowLarge0.wav"/>
        <AssetArray File="Assets\Sounds\Zerg\SharedEffects\Burrowing\Zerg_UnburrowLarge1.wav"/>
        <AssetArray File="Assets\Sounds\Zerg\SharedEffects\Burrowing\Zerg_UnburrowLarge2.wav"/>
        <AssetArray File="Assets\Sounds\Zerg\SharedEffects\Burrowing\Zerg_UnburrowLarge3.wav"/>
        <AssetArray File="Assets\Sounds\Zerg\SharedEffects\Burrowing\Zerg_UnburrowLarge4.wav"/>
        <Pitch value="-1.000000,1.000000"/>
        <Volume value="-1.000000,1.000000"/>
        <EditorCategories value="Race:Dragon"/>
    </CSound>
    <CSound id="DragonExplodeMedium" parent="Death">
        <AssetArray File="Assets\Sounds\Zerg\SharedEffects\Explosions\Zerg_ExplosionMedium0.wav"/>
        <AssetArray File="Assets\Sounds\Zerg\SharedEffects\Explosions\Zerg_ExplosionMedium1.wav"/>
        <AssetArray File="Assets\Sounds\Zerg\SharedEffects\Explosions\Zerg_ExplosionMedium2.wav"/>
        <AssetArray File="Assets\Sounds\Zerg\SharedEffects\Explosions\Zerg_ExplosionMedium3.wav"/>
        <AssetArray File="Assets\Sounds\Zerg\SharedEffects\Explosions\Zerg_ExplosionMedium4.wav"/>
        <AssetArray File="Assets\Sounds\Zerg\SharedEffects\Explosions\Zerg_ExplosionMedium5.wav"/>
        <AssetArray File="Assets\Sounds\Zerg\SharedEffects\Explosions\Zerg_ExplosionMedium6.wav"/>
        <Pitch value="-1.000000,1.000000"/>
        <Volume value="-4.000000,-2.000000"/>
        <EditorCategories value="Race:Dragon"/>
    </CSound>
    <CSound id="DragonExplodeSmall" parent="Death">
        <AssetArray File="Assets\Sounds\Zerg\SharedEffects\Explosions\Zerg_ExplosionSmall0.wav"/>
        <AssetArray File="Assets\Sounds\Zerg\SharedEffects\Explosions\Zerg_ExplosionSmall1.wav"/>
        <AssetArray File="Assets\Sounds\Zerg\SharedEffects\Explosions\Zerg_ExplosionSmall2.wav"/>
        <AssetArray File="Assets\Sounds\Zerg\SharedEffects\Explosions\Zerg_ExplosionSmall3.wav"/>
        <AssetArray File="Assets\Sounds\Zerg\SharedEffects\Explosions\Zerg_ExplosionSmall4.wav"/>
        <AssetArray File="Assets\Sounds\Zerg\SharedEffects\Explosions\Zerg_ExplosionSmall5.wav"/>
        <AssetArray File="Assets\Sounds\Zerg\SharedEffects\Explosions\Zerg_ExplosionSmall6.wav"/>
        <Pitch value="-1.000000,1.000000"/>
        <Volume value="-7.000000,-5.000000"/>
        <EditorCategories value="Race:Dragon"/>
    </CSound>
    <CSound id="HandofPowerCrushingGravityLoop" parent="Spell">
        <AssetArray File="Assets\Sounds\Protoss\Obelisk\Obelisk_WarpJumpLoop.wav"/>
        <LoopCount value="-1"/>
        <Pitch value="5.000000,7.000000"/>
        <Volume value="-4.000000,-2.000000"/>
        <EditorCategories value="Race:Dragon"/>
    </CSound>
    <CSound id="HandofPowerCrushingGravityStart" parent="Spell">
        <AssetArray File="Assets\Sounds\Protoss\HighTemplar\HighTemplar_ArchonBirth0.wav"/>
        <Pitch value="5.000000,7.000000"/>
        <Volume value="-4.000000,-2.000000"/>
        <EditorCategories value="Race:Dragon"/>
    </CSound>
    <CSound id="HandofPowerCrushingGravityRocksStart" parent="Spell">
        <AssetArray File="Assets\Sounds\Protoss\StoneZealot\StoneZealot_Birth0.wav"/>
        <Pitch value="8.000000,10.000000"/>
        <Volume value="-7.000000,-5.000000"/>
        <EditorCategories value="Race:Dragon"/>
    </CSound>
    <CSound id="HandofPowerCrushingGravityRocksStop" parent="Spell">
        <AssetArray File="Assets\Sounds\Protoss\StoneZealot\StoneZealot_Death0.wav"/>
        <AssetArray File="Assets\Sounds\Protoss\StoneZealot\StoneZealot_Death1.wav"/>
        <AssetArray File="Assets\Sounds\Protoss\StoneZealot\StoneZealot_Death2.wav"/>
        <AssetArray File="Assets\Sounds\Protoss\StoneZealot\StoneZealot_Death3.wav"/>
        <AssetArray File="Assets\Sounds\Protoss\StoneZealot\StoneZealot_Death4.wav"/>
        <Pitch value="11.000000,13.000000"/>
        <Volume value="-10.000000,-8.000000"/>
        <EditorCategories value="Race:Dragon"/>
    </CSound>
    <CSound id="HandofPowerCrushingGravityTargetStart" parent="Spell">
        <AssetArray File="Assets\Sounds\Protoss\Phoenix\Phoenix_AntiGravStart0.wav"/>
        <Pitch value="5.000000,7.000000"/>
        <Volume value="-7.000000,-5.000000"/>
        <EditorCategories value="Race:Dragon"/>
    </CSound>
    <CSound id="HandofPowerCrushingGravityTargetStop" parent="Spell">
        <AssetArray File="Assets\Sounds\Protoss\Phoenix\Phoenix_AntiGravEnd0.wav"/>
        <Pitch value="5.000000,7.000000"/>
        <Volume value="-7.000000,-5.000000"/>
        <EditorCategories value="Race:Dragon"/>
    </CSound>
    <CSound id="HandofPowerFrenzySound" parent="Spell">
        <AssetArray File="Assets\Sounds\Uni\Units\DiabloSmall\DiabloSmall_voxRoar_01.wav"/>
        <AssetArray File="Assets\Sounds\Uni\Units\DiabloSmall\DiabloSmall_voxRoar_02.wav"/>
        <AssetArray File="Assets\Sounds\Uni\Units\DiabloSmall\DiabloSmall_voxRoar_03.wav"/>
        <AssetArray File="Assets\Sounds\Uni\Units\DiabloSmall\DiabloSmall_voxRoar_04.wav"/>
        <Pitch value="5.000000,7.000000"/>
        <Volume value="-4.000000,-2.000000"/>
        <EditorCategories value="Race:Dragon"/>
    </CSound>
    <CSound id="FleshrenderInfernalEffigyImpact" parent="Combat">
        <AssetArray File="Assets\Sounds\Protoss\SharedEffects\Explosions\Protoss_ExplosionSmall0.wav" FacialGroup=""/>
        <AssetArray File="Assets\Sounds\Protoss\SharedEffects\Explosions\Protoss_ExplosionSmall1.wav" FacialGroup=""/>
        <AssetArray File="Assets\Sounds\Protoss\SharedEffects\Explosions\Protoss_ExplosionSmall2.wav" FacialGroup=""/>
        <AssetArray File="Assets\Sounds\Protoss\SharedEffects\Explosions\Protoss_ExplosionSmall3.wav" FacialGroup=""/>
        <AssetArray File="Assets\Sounds\Protoss\SharedEffects\Explosions\Protoss_ExplosionSmall4.wav" FacialGroup=""/>
        <AssetArray File="Assets\Sounds\Protoss\SharedEffects\Explosions\Protoss_ExplosionSmall5.wav" FacialGroup=""/>
        <AssetArray File="Assets\Sounds\Protoss\SharedEffects\Explosions\Protoss_ExplosionSmall6.wav" FacialGroup=""/>
        <AssetArray File="Assets\Sounds\Protoss\SharedEffects\Explosions\Protoss_ExplosionSmall7.wav" FacialGroup=""/>
        <AssetArray File="Assets\Sounds\Protoss\SharedEffects\Explosions\Protoss_ExplosionSmall8.wav" FacialGroup=""/>
        <AssetArray File="Assets\Sounds\Protoss\SharedEffects\Explosions\Protoss_ExplosionSmall9.wav" FacialGroup=""/>
        <Pitch value="5.000000,7.000000"/>
        <Volume value="-7.000000,-5.000000"/>
        <EditorCategories value="Race:Dragon"/>
    </CSound>
    <CSound id="FleshrenderInfernalEffigyLaunch" parent="Combat">
        <AssetArray File="Assets\Sounds\Terran\Battlecruiser\Battlecruiser_YamatoAttackLaunch0.wav" FacialGroup=""/>
        <DupeMaximumMethod value="Replace"/>
        <Pitch value="8.000000,10.000000"/>
        <Volume value="-7.000000,-5.000000"/>
        <EditorCategories value="Race:Dragon"/>
    </CSound>
    <CSound id="RazorbackUrticatingQuillsImpact" parent="Combat">
        <AssetArray File="Assets\Sounds\Zerg\Hydralisk\Hydralisk_AttackLaunchRanged0.wav"/>
        <AssetArray File="Assets\Sounds\Zerg\Hydralisk\Hydralisk_AttackLaunchRanged1.wav"/>
        <AssetArray File="Assets\Sounds\Zerg\Hydralisk\Hydralisk_AttackLaunchRanged2.wav"/>
        <AssetArray File="Assets\Sounds\Zerg\Hydralisk\Hydralisk_AttackLaunchRanged3.wav"/>
        <Pitch value="5.000000,7.000000"/>
        <Volume value="-10.000000,-8.000000"/>
        <EditorCategories value="Race:Dragon"/>
    </CSound>
    <CSound id="RazorbackUrticatingQuillsLaunch" parent="Combat">
        <AssetArray File="Assets\Sounds\Spell_SpineVolley_Launch_00.wav"/>
        <AssetArray File="Assets\Sounds\Spell_SpineVolley_Launch_01.wav"/>
        <AssetArray File="Assets\Sounds\Spell_SpineVolley_Launch_02.wav"/>
        <AssetArray File="Assets\Sounds\Spell_SpineVolley_Launch_03.wav"/>
        <AssetArray File="Assets\Sounds\Spell_SpineVolley_Launch_04.wav"/>
        <AssetArray File="Assets\Sounds\Spell_SpineVolley_Launch_05.wav"/>
        <AssetArray File="Assets\Sounds\Spell_SpineVolley_Launch_06.wav"/>
        <AssetArray File="Assets\Sounds\Spell_SpineVolley_Launch_07.wav"/>
        <DupeMaximumMethod value="Replace"/>
        <Pitch value="-1.000000,1.000000"/>
        <Volume value="-10.000000,-8.000000"/>
        <EditorCategories value="Race:Dragon"/>
    </CSound>
    <CSound id="UnseenBeastAttackStart" parent="Combat">
        <AssetArray File="Assets\Sounds\Tempest_GroundAttackImpact_00.wav"/>
        <AssetArray File="Assets\Sounds\Tempest_GroundAttackImpact_01.wav"/>
        <AssetArray File="Assets\Sounds\Tempest_GroundAttackImpact_02.wav"/>
        <AssetArray File="Assets\Sounds\Tempest_GroundAttackImpact_03.wav"/>
        <AssetArray File="Assets\Sounds\Tempest_GroundAttackImpact_04.wav"/>
        <AssetArray File="Assets\Sounds\Tempest_GroundAttackImpact_05.wav"/>
        <AssetArray File="Assets\Sounds\Tempest_GroundAttackImpact_06.wav"/>
        <AssetArray File="Assets\Sounds\Tempest_GroundAttackImpact_07.wav"/>
        <AssetArray File="Assets\Sounds\Tempest_GroundAttackImpact_08.wav"/>
        <AssetArray File="Assets\Sounds\Tempest_GroundAttackImpact_09.wav"/>
        <AssetArray File="Assets\Sounds\Tempest_GroundAttackImpact_10.wav"/>
        <Pitch value="-4.000000,-2.000000"/>
        <Volume value="-4.000000,-2.000000"/>
        <EditorCategories value="Race:Dragon"/>
    </CSound>
    <CSound id="UnseenBeastAttackImpact" parent="Combat">
        <AssetArray File="Assets\Sounds\Protoss\Scout\Scout_AirAttackImpact0.wav"/>
        <AssetArray File="Assets\Sounds\Protoss\Scout\Scout_AirAttackImpact1.wav"/>
        <AssetArray File="Assets\Sounds\Protoss\Scout\Scout_AirAttackImpact2.wav"/>
        <AssetArray File="Assets\Sounds\Protoss\Scout\Scout_AirAttackImpact3.wav"/>
        <Pitch value="5.000000,7.000000"/>
        <Volume value="-1.000000,1.000000"/>
        <EditorCategories value="Race:Dragon"/>
    </CSound>
    <CSound id="UnseenBeastCloakOff" parent="Spell">
        <AssetArray File="Assets\Sounds\Protoss\Zeratul\Zeratul_VoidPrisonLaunch0.wav"/>
        <AssetArray File="Assets\Sounds\Protoss\Zeratul\Zeratul_VoidPrisonLaunch1.wav"/>
        <AssetArray File="Assets\Sounds\Protoss\Zeratul\Zeratul_VoidPrisonLaunch2.wav"/>
        <Pitch value="2.000000,4.000000"/>
        <Volume value="-1.000000,1.000000"/>
        <EditorCategories value="Race:Dragon"/>
    </CSound>
    <CSound id="UnseenBeastCloakOn" parent="Spell">
        <AssetArray File="Assets\Sounds\Protoss\Zeratul\Zeratul_VoidPrisonImpact0.wav"/>
        <AssetArray File="Assets\Sounds\Protoss\Zeratul\Zeratul_VoidPrisonImpact1.wav"/>
        <AssetArray File="Assets\Sounds\Protoss\Zeratul\Zeratul_VoidPrisonImpact2.wav"/>
        <Pitch value="2.000000,4.000000"/>
        <Volume value="-4.000000,-2.000000"/>
        <EditorCategories value="Race:Dragon"/>
    </CSound>
    <CSound id="UnseenBeast_Ready" parent="ReadyVariable">
        <AssetArray File="Assets\Sounds\SnowBeast_Attack_00.ogg"/>
        <AssetArray File="Assets\Sounds\SnowBeast_Attack_01.ogg"/>
        <AssetArray File="Assets\Sounds\SnowBeast_Attack_02.ogg"/>
        <AssetArray File="Assets\Sounds\SnowBeast_Attack_03.ogg"/>
        <AssetArray File="Assets\Sounds\SnowBeast_Attack_04.ogg"/>
        <AssetArray File="Assets\Sounds\SnowBeast_Attack_05.ogg"/>
        <AssetArray File="Assets\Sounds\SnowBeast_Attack_06.ogg"/>
    </CSound>
    <CSound id="VolcanicHarbingerAttack2Impact" parent="Combat">
        <AssetArray File="Assets\Sounds\Spell_Fireball_Impact_00.wav"/>
        <AssetArray File="Assets\Sounds\Spell_Fireball_Impact_01.wav"/>
        <AssetArray File="Assets\Sounds\Spell_Fireball_Impact_02.wav"/>
        <AssetArray File="Assets\Sounds\Spell_Fireball_Impact_03.wav"/>
        <AssetArray File="Assets\Sounds\Spell_Fireball_Impact_04.wav"/>
        <AssetArray File="Assets\Sounds\Spell_Fireball_Impact_05.wav"/>
        <Pitch value="5.000000,7.000000"/>
        <Volume value="-4.000000,-2.000000"/>
        <EditorCategories value="Race:Dragon"/>
    </CSound>
    <CSound id="VolcanicHarbingerAttack3Impact" parent="Combat">
        <AssetArray File="Assets\Sounds\Spell_Fireball_Impact_00.wav"/>
        <AssetArray File="Assets\Sounds\Spell_Fireball_Impact_01.wav"/>
        <AssetArray File="Assets\Sounds\Spell_Fireball_Impact_02.wav"/>
        <AssetArray File="Assets\Sounds\Spell_Fireball_Impact_03.wav"/>
        <AssetArray File="Assets\Sounds\Spell_Fireball_Impact_04.wav"/>
        <AssetArray File="Assets\Sounds\Spell_Fireball_Impact_05.wav"/>
        <Pitch value="2.000000,4.000000"/>
        <Volume value="-1.000000,1.000000"/>
        <EditorCategories value="Race:Dragon"/>
    </CSound>
    <CSound id="VolcanicHarbingerAttackAttachmentSound1" parent="Combat">
        <AssetArray File="Assets\Sounds\Zerg\Hybrid\HybridMaar_PlasmaBlastLaunch0.wav"/>
        <AssetArray File="Assets\Sounds\Zerg\Hybrid\HybridMaar_PlasmaBlastLaunch1.wav"/>
        <AssetArray File="Assets\Sounds\Zerg\Hybrid\HybridMaar_PlasmaBlastLaunch2.wav"/>
        <Pitch value="8.000000,10.000000"/>
        <Volume value="-7.000000,-5.000000"/>
        <EditorCategories value="Race:Dragon"/>
    </CSound>
    <CSound id="VolcanicHarbingerAttackAttachmentSound2" parent="Combat">
        <AssetArray File="Assets\Sounds\Zerg\Hybrid\HybridMaar_PlasmaBlastLaunch0.wav"/>
        <AssetArray File="Assets\Sounds\Zerg\Hybrid\HybridMaar_PlasmaBlastLaunch1.wav"/>
        <AssetArray File="Assets\Sounds\Zerg\Hybrid\HybridMaar_PlasmaBlastLaunch2.wav"/>
        <Pitch value="5.000000,7.000000"/>
        <Volume value="-4.000000,-2.000000"/>
        <EditorCategories value="Race:Dragon"/>
    </CSound>
    <CSound id="VolcanicHarbingerAttackAttachmentSound3" parent="Combat">
        <AssetArray File="Assets\Sounds\Zerg\Hybrid\HybridMaar_PlasmaBlastLaunch0.wav"/>
        <AssetArray File="Assets\Sounds\Zerg\Hybrid\HybridMaar_PlasmaBlastLaunch1.wav"/>
        <AssetArray File="Assets\Sounds\Zerg\Hybrid\HybridMaar_PlasmaBlastLaunch2.wav"/>
        <Pitch value="2.000000,4.000000"/>
        <Volume value="-1.000000,1.000000"/>
        <EditorCategories value="Race:Dragon"/>
    </CSound>
    <CSound id="VolcanicHarbingerAttackImpact" parent="Combat">
        <AssetArray File="Assets\Sounds\Spell_Fireball_Impact_00.wav"/>
        <AssetArray File="Assets\Sounds\Spell_Fireball_Impact_01.wav"/>
        <AssetArray File="Assets\Sounds\Spell_Fireball_Impact_02.wav"/>
        <AssetArray File="Assets\Sounds\Spell_Fireball_Impact_03.wav"/>
        <AssetArray File="Assets\Sounds\Spell_Fireball_Impact_04.wav"/>
        <AssetArray File="Assets\Sounds\Spell_Fireball_Impact_05.wav"/>
        <Pitch value="5.000000,7.000000"/>
        <Volume value="-1.000000,1.000000"/>
        <EditorCategories value="Race:Dragon"/>
    </CSound>
    <CSound id="VolcanicHarbingerAttack1Impact" parent="Combat">
        <AssetArray File="Assets\Sounds\Protoss\Scout\Scout_AirAttackImpact0.wav"/>
        <AssetArray File="Assets\Sounds\Protoss\Scout\Scout_AirAttackImpact1.wav"/>
        <AssetArray File="Assets\Sounds\Protoss\Scout\Scout_AirAttackImpact2.wav"/>
        <AssetArray File="Assets\Sounds\Protoss\Scout\Scout_AirAttackImpact3.wav"/>
        <Pitch value="8.000000,10.000000"/>
        <Volume value="-7.000000,-5.000000"/>
        <EditorCategories value="Race:Dragon"/>
    </CSound>
    <CSound id="VolcanicHarbingerAttackLaunch" parent="Combat">
        <AssetArray File="Assets\Sounds\Spell_Firebreath_Launch_00.wav"/>
        <AssetArray File="Assets\Sounds\Spell_Firebreath_Launch_01.wav"/>
        <AssetArray File="Assets\Sounds\Spell_Firebreath_Launch_02.wav"/>
        <AssetArray File="Assets\Sounds\Spell_Firebreath_Launch_03.wav"/>
        <AssetArray File="Assets\Sounds\Spell_Firebreath_Launch_04.wav"/>
        <AssetArray File="Assets\Sounds\Spell_Firebreath_Launch_05.wav"/>
        <Pitch value="5.000000,7.000000"/>
        <Volume value="-4.000000,-2.000000"/>
        <EditorCategories value="Race:Dragon"/>
    </CSound>
    <CSound id="VolcanicHarbinger_Ready" parent="ReadyVariable">
        <AssetArray File="Assets\Sounds\Aberration_Ready_00.ogg" FacialGroup=""/>
        <AssetArray File="Assets\Sounds\Aberration_Ready_01.ogg" FacialGroup=""/>
        <AssetArray File="Assets\Sounds\Aberration_Ready_02.ogg" FacialGroup=""/>
    </CSound>
    <CSound id="FleshrenderAttackImpact" parent="Combat">
        <AssetArray File="Assets\Sounds\Terran\Hellion\Hellion_AttackImpact0.wav"/>
        <AssetArray File="Assets\Sounds\Terran\Hellion\Hellion_AttackImpact1.wav"/>
        <AssetArray File="Assets\Sounds\Terran\Hellion\Hellion_AttackImpact2.wav"/>
        <AssetArray File="Assets\Sounds\Terran\Hellion\Hellion_AttackImpact3.wav"/>
        <AssetArray File="Assets\Sounds\Terran\Hellion\Hellion_AttackImpact4.wav"/>
        <Pitch value="17.000000,19.000000"/>
        <Volume value="-16.000000,-14.000000"/>
        <EditorCategories value="Race:Dragon"/>
    </CSound>
    <CSound id="FleshrenderAttackLaunch" parent="Combat">
        <AssetArray File="Assets\Sounds\Spell_Fireball_Impact_00.wav"/>
        <AssetArray File="Assets\Sounds\Spell_Fireball_Impact_01.wav"/>
        <AssetArray File="Assets\Sounds\Spell_Fireball_Impact_02.wav"/>
        <AssetArray File="Assets\Sounds\Spell_Fireball_Impact_03.wav"/>
        <AssetArray File="Assets\Sounds\Spell_Fireball_Impact_04.wav"/>
        <AssetArray File="Assets\Sounds\Spell_Fireball_Impact_05.wav"/>
        <DupeMaximumMethod value="Replace"/>
        <Pitch value="26.000000,28.000000"/>
        <Volume value="-10.000000,-8.000000"/>
        <EditorCategories value="Race:Dragon"/>
    </CSound>
    <CSound id="PhlogistonGuardianAttackImpact" parent="Combat">
        <AssetArray File="Assets\Sounds\Terran\Hellion\Hellion_AttackImpact0.wav"/>
        <AssetArray File="Assets\Sounds\Terran\Hellion\Hellion_AttackImpact1.wav"/>
        <AssetArray File="Assets\Sounds\Terran\Hellion\Hellion_AttackImpact2.wav"/>
        <AssetArray File="Assets\Sounds\Terran\Hellion\Hellion_AttackImpact3.wav"/>
        <AssetArray File="Assets\Sounds\Terran\Hellion\Hellion_AttackImpact4.wav"/>
        <Pitch value="-1.000000,1.000000"/>
        <Volume value="-7.000000,-5.000000"/>
        <EditorCategories value="Race:Dragon"/>
    </CSound>
    <CSound id="PhlogistonGuardianAttackLaunch" parent="Combat">
        <AssetArray File="Assets\Sounds\Spell_Fireball_Impact_00.wav"/>
        <AssetArray File="Assets\Sounds\Spell_Fireball_Impact_01.wav"/>
        <AssetArray File="Assets\Sounds\Spell_Fireball_Impact_02.wav"/>
        <AssetArray File="Assets\Sounds\Spell_Fireball_Impact_03.wav"/>
        <AssetArray File="Assets\Sounds\Spell_Fireball_Impact_04.wav"/>
        <AssetArray File="Assets\Sounds\Spell_Fireball_Impact_05.wav"/>
        <DupeMaximumMethod value="Replace"/>
        <Pitch value="8.000000,10.000000"/>
        <Volume value="-4.000000,-2.000000"/>
        <EditorCategories value="Race:Dragon"/>
    </CSound>
    <CSound id="SunkenGuardianAttackImpact" parent="Combat">
        <AssetArray File="Assets\Sounds\PhysicsImpactSound_Flesh_Massive00.ogg"/>
        <AssetArray File="Assets\Sounds\PhysicsImpactSound_Flesh_Massive00.wav"/>
        <AssetArray File="Assets\Sounds\PhysicsImpactSound_Flesh_Massive01.ogg"/>
        <AssetArray File="Assets\Sounds\PhysicsImpactSound_Flesh_Massive01.wav"/>
        <AssetArray File="Assets\Sounds\PhysicsImpactSound_Flesh_Massive02.ogg"/>
        <AssetArray File="Assets\Sounds\PhysicsImpactSound_Flesh_Massive02.wav"/>
        <AssetArray File="Assets\Sounds\PhysicsImpactSound_Flesh_Massive03.ogg"/>
        <AssetArray File="Assets\Sounds\PhysicsImpactSound_Flesh_Massive04.ogg"/>
        <AssetArray File="Assets\Sounds\PhysicsImpactSound_Flesh_Massive05.ogg"/>
        <AssetArray File="Assets\Sounds\PhysicsImpactSound_Flesh_Massive06.ogg"/>
        <AssetArray File="Assets\Sounds\PhysicsImpactSound_Flesh_Massive07.ogg"/>
        <AssetArray File="Assets\Sounds\PhysicsImpactSound_Flesh_Massive08.ogg"/>
        <Pitch value="-1.000000,1.000000"/>
        <Volume value="-1.000000,1.000000"/>
        <EditorCategories value="Race:Dragon"/>
    </CSound>
    <CSound id="FleshrenderMeleeImpact" parent="Combat">
        <AssetArray File="Assets\Sounds\Zerg\SharedEffects\Attacks\Zerg_AttackImpactLargeSlice0.wav"/>
        <AssetArray File="Assets\Sounds\Zerg\SharedEffects\Attacks\Zerg_AttackImpactLargeSlice1.wav"/>
        <AssetArray File="Assets\Sounds\Zerg\SharedEffects\Attacks\Zerg_AttackImpactLargeSlice2.wav"/>
        <AssetArray File="Assets\Sounds\Zerg\SharedEffects\Attacks\Zerg_AttackImpactLargeSlice3.wav"/>
        <AssetArray File="Assets\Sounds\Zerg\SharedEffects\Attacks\Zerg_AttackImpactLargeSlice4.wav"/>
        <Pitch value="11.000000,13.000000"/>
        <Volume value="-7.000000,-5.000000"/>
        <EditorCategories value="Race:Dragon"/>
    </CSound>
    <CSound id="Dragon_Death" parent="Death">
        <AssetArray File="Assets\Sounds\PrimalToughGuy_Death_00.wav"/>
        <AssetArray File="Assets\Sounds\PrimalToughGuy_Death_01.wav"/>
        <AssetArray File="Assets\Sounds\PrimalToughGuy_Death_02.wav"/>
        <AssetArray File="Assets\Sounds\PrimalToughGuy_Death_03.wav"/>
        <AssetArray File="Assets\Sounds\PrimalToughGuy_Death_04.wav"/>
        <Pitch value="-1.000000,1.000000"/>
        <Volume value="-1.000000,1.000000"/>
        <EditorCategories value="Race:Dragon"/>
    </CSound>
    <CSound id="UnseenBeast_Death" parent="Death">
        <AssetArray File="Assets\Sounds\SnowBeast_Death_00.wav"/>
        <AssetArray File="Assets\Sounds\SnowBeast_Death_01.wav"/>
        <AssetArray File="Assets\Sounds\SnowBeast_Death_02.wav"/>
        <AssetArray File="Assets\Sounds\SnowBeast_Death_03.wav"/>
        <AssetArray File="Assets\Sounds\SnowBeast_Death_04.wav"/>
        <AssetArray File="Assets\Sounds\SnowBeast_Death_05.wav"/>
        <AssetArray File="Assets\Sounds\SnowBeast_Death_06.wav"/>
        <AssetArray File="Assets\Sounds\SnowBeast_Death_07.wav"/>
        <AssetArray File="Assets\Sounds\SnowBeast_Death_08.wav"/>
        <AssetArray File="Assets\Sounds\SnowBeast_Death_09.wav"/>
        <Pitch value="2.000000,4.000000"/>
        <Volume value="-4.000000,-2.000000"/>
        <EditorCategories value="Race:Dragon"/>
    </CSound>
    <CSound id="VolcanicHarbinger_Death" parent="Death">
        <AssetArray File="Assets\Sounds\Aberration_Death_00.wav" FacialGroup=""/>
        <AssetArray File="Assets\Sounds\Aberration_Death_01.wav" FacialGroup=""/>
        <AssetArray File="Assets\Sounds\Aberration_Death_02.wav" FacialGroup=""/>
        <AssetArray File="Assets\Sounds\Aberration_Death_03.wav" FacialGroup=""/>
        <AssetArray File="Assets\Sounds\Aberration_Death_04.wav" FacialGroup=""/>
        <Pitch value="-1.000000,1.000000"/>
        <Volume value="-4.000000,-2.000000"/>
        <EditorCategories value="Race:Dragon"/>
    </CSound>
    <CSound id="AuroraConduit_Death" parent="Death">
        <AssetArray File="Assets\Sounds\NydusDestroyer_Death_00.wav" FacialGroup=""/>
        <AssetArray File="Assets\Sounds\NydusDestroyer_Death_01.wav" FacialGroup=""/>
        <AssetArray File="Assets\Sounds\NydusDestroyer_Death_02.wav" FacialGroup=""/>
        <AssetArray File="Assets\Sounds\NydusDestroyer_Death_03.wav" FacialGroup=""/>
        <AssetArray File="Assets\Sounds\NydusDestroyer_Death_04.wav" FacialGroup=""/>
        <Pitch value="2.000000,4.000000"/>
        <Volume value="-4.000000,-2.000000"/>
        <EditorCategories value="Race:Dragon"/>
    </CSound>
    <CSound id="AuroraConduit_Ready" parent="ReadyVariable">
        <AssetArray File="Assets\Sounds\NydusDestroyer_Ready_00.ogg" FacialGroup=""/>
        <AssetArray File="Assets\Sounds\NydusDestroyer_Ready_01.ogg" FacialGroup=""/>
        <AssetArray File="Assets\Sounds\NydusDestroyer_Ready_02.ogg" FacialGroup=""/>
        <Pitch value="2.000000,4.000000"/>
    </CSound>
    <CSound id="AuroraConduitAttackImpact" parent="Combat">
        <AssetArray File="Assets\Sounds\Protoss\Stalker\Stalker_AttackImpact0.wav" FacialGroup=""/>
        <AssetArray File="Assets\Sounds\Protoss\Stalker\Stalker_AttackImpact1.wav" FacialGroup=""/>
        <AssetArray File="Assets\Sounds\Protoss\Stalker\Stalker_AttackImpact2.wav" FacialGroup=""/>
        <AssetArray File="Assets\Sounds\Protoss\Stalker\Stalker_AttackImpact3.wav" FacialGroup=""/>
        <Pitch value="-4.000000,-2.000000"/>
        <Volume value="-10.000000,-8.000000"/>
        <EditorCategories value="Race:Dragon"/>
    </CSound>
    <CSound id="Fleshrender_Ready" parent="AuroraConduit_Ready">
        <Pitch value="14.000000,16.000000"/>
    </CSound>
    <CSound id="SkyrazerAttackImpact" parent="Combat">
        <AssetArray File="Assets\Sounds\Terran\Hellion\Hellion_AttackImpact0.wav"/>
        <AssetArray File="Assets\Sounds\Terran\Hellion\Hellion_AttackImpact1.wav"/>
        <AssetArray File="Assets\Sounds\Terran\Hellion\Hellion_AttackImpact2.wav"/>
        <AssetArray File="Assets\Sounds\Terran\Hellion\Hellion_AttackImpact3.wav"/>
        <AssetArray File="Assets\Sounds\Terran\Hellion\Hellion_AttackImpact4.wav"/>
        <Pitch value="2.000000,4.000000"/>
        <Volume value="-10.000000,-8.000000"/>
        <EditorCategories value="Race:Dragon"/>
    </CSound>
    <CSound id="BrimstoneDemolisher_Death" parent="Dragon_Death">
        <Pitch value="-4.000000,-2.000000"/>
        <Volume value="5.000000,6.000000"/>
    </CSound>
    <CSound id="SkyrazerAttackLaunch" parent="Combat">
        <AssetArray File="Assets\Sounds\Spell_Fireball_Impact_00.wav"/>
        <AssetArray File="Assets\Sounds\Spell_Fireball_Impact_01.wav"/>
        <AssetArray File="Assets\Sounds\Spell_Fireball_Impact_02.wav"/>
        <AssetArray File="Assets\Sounds\Spell_Fireball_Impact_03.wav"/>
        <AssetArray File="Assets\Sounds\Spell_Fireball_Impact_04.wav"/>
        <AssetArray File="Assets\Sounds\Spell_Fireball_Impact_05.wav"/>
        <DupeMaximumMethod value="Replace"/>
        <Pitch value="11.000000,13.000000"/>
        <Volume value="-4.000000,-2.000000"/>
        <EditorCategories value="Race:Dragon"/>
    </CSound>
    <CSound id="BrimstoneDemolisher_Ready" parent="Dragon_Ready">
        <Pitch value="-4.000000,-2.000000"/>
    </CSound>
    <CSound id="Fleshrender_Death" parent="AuroraConduit_Death">
        <Pitch value="14.000000,16.000000"/>
    </CSound>
    <CSound id="BrimstoneDemolisherAttackStart" parent="Combat">
        <AssetArray File="Assets\Sounds\Zerg_AttackLaunch_LargeSwingSingle_00.wav"/>
        <AssetArray File="Assets\Sounds\Zerg_AttackLaunch_LargeSwingSingle_01.wav"/>
        <AssetArray File="Assets\Sounds\Zerg_AttackLaunch_LargeSwingSingle_02.wav"/>
        <AssetArray File="Assets\Sounds\Zerg_AttackLaunch_LargeSwingSingle_03.wav"/>
        <Pitch value="-7.000000,-5.000000"/>
        <Volume value="-1.000000,1.000000"/>
        <EditorCategories value="Race:Dragon"/>
    </CSound>
    <CSound id="SkyrazerMeleeImpact" parent="Combat">
        <AssetArray File="Assets\Sounds\Zerg\Ultralisk\Ultralisk_AttackImpact0.wav"/>
        <AssetArray File="Assets\Sounds\Zerg\Ultralisk\Ultralisk_AttackImpact1.wav"/>
        <AssetArray File="Assets\Sounds\Zerg\Ultralisk\Ultralisk_AttackImpact2.wav"/>
        <AssetArray File="Assets\Sounds\Zerg\Ultralisk\Ultralisk_AttackImpact3.wav"/>
        <Pitch value="5.000000,7.000000"/>
        <Volume value="-7.000000,-5.000000"/>
        <EditorCategories value="Race:Dragon"/>
    </CSound>
    <CSound id="SkyrazerAttackStart" parent="Combat">
        <AssetArray File="Assets\Sounds\Zerg_AttackLaunch_LargeSwingSingle_00.wav"/>
        <AssetArray File="Assets\Sounds\Zerg_AttackLaunch_LargeSwingSingle_01.wav"/>
        <AssetArray File="Assets\Sounds\Zerg_AttackLaunch_LargeSwingSingle_02.wav"/>
        <AssetArray File="Assets\Sounds\Zerg_AttackLaunch_LargeSwingSingle_03.wav"/>
        <Pitch value="-1.000000,1.000000"/>
        <Volume value="-7.000000,-5.000000"/>
        <EditorCategories value="Race:Dragon"/>
    </CSound>
    <CSound id="Skyrazer_Death" parent="Dragon_Death">
        <Pitch value="5.000000,7.000000"/>
    </CSound>
    <CSound id="Skyrazer_Ready" parent="Dragon_Ready">
        <Pitch value="5.000000,7.000000"/>
    </CSound>
    <CSound id="GrimGliderShadeDeath" parent="Spell">
        <AssetArray File="Assets\Sounds\Protoss\HighTemplar\HighTemplar_PhaseShiftLaunch0.wav"/>
        <AssetArray File="Assets\Sounds\Protoss\HighTemplar\HighTemplar_PhaseShiftLaunch1.wav"/>
        <AssetArray File="Assets\Sounds\Protoss\HighTemplar\HighTemplar_PhaseShiftLaunch2.wav"/>
        <AssetArray File="Assets\Sounds\Protoss\HighTemplar\HighTemplar_PhaseShiftLaunch3.wav"/>
        <AssetArray File="Assets\Sounds\Protoss\HighTemplar\HighTemplar_PhaseShiftLaunch4.wav"/>
        <AssetArray File="Assets\Sounds\Protoss\HighTemplar\HighTemplar_PhaseShiftLaunch5.wav"/>
        <Pitch value="5.000000,7.000000"/>
        <Volume value="-1.000000,1.000000"/>
        <EditorCategories value="Race:Dragon"/>
    </CSound>
    <CSound id="Arkwyrm_Death" parent="VolcanicHarbinger_Death">
        <Pitch value="8.000000,10.000000"/>
    </CSound>
    <CSound id="Arkwyrm_Ready" parent="VolcanicHarbinger_Ready">
        <Pitch value="8.000000,10.000000"/>
    </CSound>
    <CSound id="GrimGliderShadeBirth" parent="Spell">
        <AssetArray File="Assets\Sounds\Protoss\HighTemplar\HighTemplar_PhaseShiftDeath0.wav"/>
        <AssetArray File="Assets\Sounds\Protoss\HighTemplar\HighTemplar_PhaseShiftDeath1.wav"/>
        <AssetArray File="Assets\Sounds\Protoss\HighTemplar\HighTemplar_PhaseShiftDeath2.wav"/>
        <AssetArray File="Assets\Sounds\Protoss\HighTemplar\HighTemplar_PhaseShiftDeath3.wav"/>
        <AssetArray File="Assets\Sounds\Protoss\HighTemplar\HighTemplar_PhaseShiftDeath4.wav"/>
        <AssetArray File="Assets\Sounds\Protoss\HighTemplar\HighTemplar_PhaseShiftDeath5.wav"/>
        <Pitch value="5.000000,7.000000"/>
        <Volume value="-1.000000,1.000000"/>
        <EditorCategories value="Race:Dragon"/>
    </CSound>
    <CSound id="HandofPowerPortalSound1" parent="Spell">
        <AssetArray File="Assets\Sounds\Protoss\Mothership\Mothership_WormholeTransitStart0.wav"/>
        <Pitch value="11.000000,13.000000"/>
        <Volume value="-7.000000,-5.000000"/>
        <EditorCategories value="Race:Dragon"/>
    </CSound>
    <CSound id="HandofPowerPortalSound2" parent="Spell">
        <AssetArray File="Assets\Sounds\Protoss\Mothership\Mothership_WormholeTransitEnd0.wav"/>
        <Pitch value="11.000000,13.000000"/>
        <Volume value="-7.000000,-5.000000"/>
        <EditorCategories value="Race:Dragon"/>
    </CSound>
    <CSound id="BrimstoneDemolisherScorchingBlazeLoop" parent="Spell">
        <AssetArray File="Assets\Sounds\Spell_Firebreath_Loop_00.wav"/>
        <LoopCount value="-1"/>
        <Pitch value="-1.000000,1.000000"/>
        <Volume value="-7.000000,-5.000000"/>
        <EditorCategories value="Race:Dragon"/>
    </CSound>
    <CSound id="GrimGlider_Death" parent="Death">
        <AssetArray File="Assets\Sounds\CreepTower_Death_00.wav"/>
        <AssetArray File="Assets\Sounds\CreepTower_Death_01.wav"/>
        <AssetArray File="Assets\Sounds\CreepTower_Death_02.wav"/>
        <AssetArray File="Assets\Sounds\CreepTower_Death_03.wav"/>
        <AssetArray File="Assets\Sounds\CreepTower_Death_04.wav"/>
        <Pitch value="2.000000,4.000000"/>
        <Volume value="-1.000000,1.000000"/>
        <EditorCategories value="Race:Dragon"/>
    </CSound>
    <CSound id="BerserkerAttackImpact" parent="Combat">
        <AssetArray File="Assets\Sounds\Zerg\Ultralisk\Ultralisk_AttackImpact0.wav"/>
        <AssetArray File="Assets\Sounds\Zerg\Ultralisk\Ultralisk_AttackImpact1.wav"/>
        <AssetArray File="Assets\Sounds\Zerg\Ultralisk\Ultralisk_AttackImpact2.wav"/>
        <AssetArray File="Assets\Sounds\Zerg\Ultralisk\Ultralisk_AttackImpact3.wav"/>
        <Pitch value="2.000000,4.000000"/>
        <Volume value="-4.000000,-2.000000"/>
        <EditorCategories value="Race:Dragon"/>
    </CSound>
    <CSound id="BrimstoneDemolisherPulverizingSmashImpact" parent="Combat">
        <AssetArray File="Assets\Sounds\Zerg\Ultralisk\Ultralisk_AttackImpact0.wav"/>
        <AssetArray File="Assets\Sounds\Zerg\Ultralisk\Ultralisk_AttackImpact1.wav"/>
        <AssetArray File="Assets\Sounds\Zerg\Ultralisk\Ultralisk_AttackImpact2.wav"/>
        <AssetArray File="Assets\Sounds\Zerg\Ultralisk\Ultralisk_AttackImpact3.wav"/>
        <Pitch value="-1.000000,1.000000"/>
        <Volume value="1.000000,4.000000"/>
        <EditorCategories value="Race:Dragon"/>
    </CSound>
    <CSound id="BerserkerAttackStart" parent="Combat">
        <AssetArray File="Assets\Sounds\Zerg_AttackLaunch_LargeSwingSingle_00.wav"/>
        <AssetArray File="Assets\Sounds\Zerg_AttackLaunch_LargeSwingSingle_01.wav"/>
        <AssetArray File="Assets\Sounds\Zerg_AttackLaunch_LargeSwingSingle_02.wav"/>
        <AssetArray File="Assets\Sounds\Zerg_AttackLaunch_LargeSwingSingle_03.wav"/>
        <Pitch value="-4.000000,-2.000000"/>
        <Volume value="-4.000000,-2.000000"/>
        <EditorCategories value="Race:Dragon"/>
    </CSound>
    <CSound id="HandofPower_Death" parent="Death">
        <AssetArray File="Assets\Sounds\Zerg\SpineCrawler\SpineCrawler_Death0.wav" FacialGroup=""/>
        <AssetArray File="Assets\Sounds\Zerg\SpineCrawler\SpineCrawler_Death1.wav" FacialGroup=""/>
        <AssetArray File="Assets\Sounds\Zerg\SpineCrawler\SpineCrawler_Death2.wav" FacialGroup=""/>
        <AssetArray File="Assets\Sounds\Zerg\SpineCrawler\SpineCrawler_Death3.wav" FacialGroup=""/>
        <AssetArray File="Assets\Sounds\Zerg\SpineCrawler\SpineCrawler_Death4.wav" FacialGroup=""/>
        <Pitch value="-4.000000,-2.000000"/>
        <Volume value="-4.000000,-2.000000"/>
        <EditorCategories value="Race:Dragon"/>
    </CSound>
    <CSound id="Berserker_Death" parent="Dragon_Death">
        <Pitch value="2.000000,4.000000"/>
    </CSound>
    <CSound id="Plodder_Death" parent="Death">
        <AssetArray File="Assets\Sounds\Uni\Units\Scantipede\Scantipede_What0.ogg" FacialGroup=""/>
        <AssetArray File="Assets\Sounds\Uni\Units\Scantipede\Scantipede_What1.ogg" FacialGroup=""/>
        <AssetArray File="Assets\Sounds\Uni\Units\Scantipede\Scantipede_What2.ogg" FacialGroup=""/>
        <Pitch value="2.000000,4.000000"/>
        <Volume value="-4.000000,-2.000000"/>
        <EditorCategories value="Race:Dragon"/>
    </CSound>
    <CSound id="Berserker_Ready" parent="Dragon_Ready">
        <Pitch value="2.000000,4.000000"/>
    </CSound>
    <CSound id="HornedMagusFireShieldLoop" parent="Spell">
        <AssetArray File="Assets\Sounds\Terran\SharedEffects\Fires\Terran_FireLarge0.wav"/>
        <LoopCount value="-1"/>
        <Pitch value="5.000000,7.000000"/>
        <Volume value="-7.000000,-5.000000"/>
        <EditorCategories value="Race:Dragon"/>
    </CSound>
    <CSound id="HornedMagusFireShieldStart" parent="Spell">
        <AssetArray File="Assets\Sounds\Terran\Firebat\Firebat_AttackLaunch0.wav"/>
        <AssetArray File="Assets\Sounds\Terran\Firebat\Firebat_AttackLaunch1.wav"/>
        <AssetArray File="Assets\Sounds\Terran\Firebat\Firebat_AttackLaunch2.wav"/>
        <AssetArray File="Assets\Sounds\Terran\Firebat\Firebat_AttackLaunch3.wav"/>
        <AssetArray File="Assets\Sounds\Terran\Firebat\Firebat_AttackLaunch4.wav"/>
        <Pitch value="2.000000,4.000000"/>
        <Volume value="-4.000000,-2.000000"/>
        <EditorCategories value="Race:Dragon"/>
    </CSound>
    <CSound id="Skyrazer_Attack" parent="Dragon_Attack">
        <Pitch value="5.000000,7.000000"/>
    </CSound>
    <CSound id="BrimstoneDemolisher_Attack" parent="Dragon_Attack">
        <Pitch value="-4.000000,-2.000000"/>
    </CSound>
    <CSound id="BrimstoneDemolisherAscend" parent="BrimstoneDemolisher_Attack">
        <Flags index="Ignorable" value="0"/>
        <Flags index="Purgable" value="1"/>
        <Flags index="Stream" value="0"/>
        <Volume value="-4.000000,-2.000000"/>
        <Category value="Spell"/>
    </CSound>
    <CSound id="Plodder_Attack" parent="VoiceVariable">
        <AssetArray File="Assets\Sounds\Zerg\Broodling\Broodling_Attack0.ogg" FacialGroup=""/>
        <AssetArray File="Assets\Sounds\Zerg\Broodling\Broodling_Attack1.ogg" FacialGroup=""/>
        <AssetArray File="Assets\Sounds\Zerg\Broodling\Broodling_Attack2.ogg" FacialGroup=""/>
        <AssetArray File="Assets\Sounds\Zerg\Broodling\Broodling_Attack3.ogg" FacialGroup=""/>
        <AssetArray File="Assets\Sounds\Zerg\Broodling\Broodling_Attack4.ogg" FacialGroup=""/>
        <AssetArray File="Assets\Sounds\Zerg\Broodling\Broodling_Attack5.ogg" FacialGroup=""/>
        <AssetArray File="Assets\Sounds\Zerg\Broodling\Broodling_Attack6.ogg" FacialGroup=""/>
        <AssetArray File="Assets\Sounds\Zerg\Broodling\Broodling_Attack7.ogg" FacialGroup=""/>
        <Pitch value="2.000000,4.000000"/>
    </CSound>
    <CSound id="PlodderAscend" parent="Plodder_Attack">
        <Flags index="Ignorable" value="0"/>
        <Flags index="Purgable" value="1"/>
        <Flags index="Stream" value="0"/>
        <Category value="Spell"/>
        <Volume value="-4.000000,-2.000000"/>
    </CSound>
    <CSound id="PlodderAttackStart" parent="Combat">
        <AssetArray File="Assets\Sounds\Zerg\SharedEffects\Attacks\Zerg_AttackLaunchLargeSwing0.wav"/>
        <AssetArray File="Assets\Sounds\Zerg\SharedEffects\Attacks\Zerg_AttackLaunchLargeSwing1.wav"/>
        <AssetArray File="Assets\Sounds\Zerg\SharedEffects\Attacks\Zerg_AttackLaunchLargeSwing2.wav"/>
        <AssetArray File="Assets\Sounds\Zerg\SharedEffects\Attacks\Zerg_AttackLaunchLargeSwing3.wav"/>
        <Pitch value="11.000000,13.000000"/>
        <Volume value="-13.000000,-11.000000"/>
        <EditorCategories value="Race:Dragon"/>
    </CSound>
    <CSound id="HornedMagusAttackStart" parent="Combat">
        <AssetArray File="Assets\Sounds\Zerg_AttackLaunch_LargeSwingSingle_00.wav"/>
        <AssetArray File="Assets\Sounds\Zerg_AttackLaunch_LargeSwingSingle_01.wav"/>
        <AssetArray File="Assets\Sounds\Zerg_AttackLaunch_LargeSwingSingle_02.wav"/>
        <AssetArray File="Assets\Sounds\Zerg_AttackLaunch_LargeSwingSingle_03.wav"/>
        <Pitch value="8.000000,10.000000"/>
        <Volume value="-10.000000,-8.000000"/>
        <EditorCategories value="Race:Dragon"/>
    </CSound>
    <CSound id="Plodder_Ready" parent="ReadyVariable">
        <AssetArray File="Assets\Sounds\Uni\Units\LavaCritter\LavaCritter_What0.ogg" FacialGroup=""/>
        <AssetArray File="Assets\Sounds\Uni\Units\LavaCritter\LavaCritter_What1.ogg" FacialGroup=""/>
        <AssetArray File="Assets\Sounds\Uni\Units\LavaCritter\LavaCritter_What2.ogg" FacialGroup=""/>
        <Pitch value="2.000000,4.000000"/>
    </CSound>
    <CSound id="PlodderAttackImpact" parent="Combat">
        <AssetArray File="Assets\Sounds\Zerg\SharedEffects\Attacks\Zerg_AttackImpactLargeSlice0.wav"/>
        <AssetArray File="Assets\Sounds\Zerg\SharedEffects\Attacks\Zerg_AttackImpactLargeSlice1.wav"/>
        <AssetArray File="Assets\Sounds\Zerg\SharedEffects\Attacks\Zerg_AttackImpactLargeSlice2.wav"/>
        <AssetArray File="Assets\Sounds\Zerg\SharedEffects\Attacks\Zerg_AttackImpactLargeSlice3.wav"/>
        <AssetArray File="Assets\Sounds\Zerg\SharedEffects\Attacks\Zerg_AttackImpactLargeSlice4.wav"/>
        <Pitch value="11.000000,13.000000"/>
        <Volume value="-7.000000,-5.000000"/>
        <EditorCategories value="Race:Dragon"/>
    </CSound>
    <CSound id="DragonHunter_Death" parent="Dragon_Death">
        <Pitch value="8.000000,10.000000"/>
        <Volume value="-4.000000,-2.000000"/>
    </CSound>
    <CSound id="HornedMagus_Death" parent="Death">
        <AssetArray File="Assets\Sounds\Zerg\SporeCrawler\SporeCrawler_Death0.wav" FacialGroup=""/>
        <AssetArray File="Assets\Sounds\Zerg\SporeCrawler\SporeCrawler_Death1.wav" FacialGroup=""/>
        <AssetArray File="Assets\Sounds\Zerg\SporeCrawler\SporeCrawler_Death2.wav" FacialGroup=""/>
        <AssetArray File="Assets\Sounds\Zerg\SporeCrawler\SporeCrawler_Death3.wav" FacialGroup=""/>
        <AssetArray File="Assets\Sounds\Zerg\SporeCrawler\SporeCrawler_Death4.wav" FacialGroup=""/>
        <Pitch value="2.000000,4.000000"/>
        <Volume value="-4.000000,-2.000000"/>
        <EditorCategories value="Race:Dragon"/>
    </CSound>
    <CSound id="HunterAttackStart" parent="Combat">
        <AssetArray File="Assets\Sounds\Zerg\SharedEffects\Attacks\Zerg_AttackLaunchSmallSwing0.wav"/>
        <AssetArray File="Assets\Sounds\Zerg\SharedEffects\Attacks\Zerg_AttackLaunchSmallSwing1.wav"/>
        <AssetArray File="Assets\Sounds\Zerg\SharedEffects\Attacks\Zerg_AttackLaunchSmallSwing2.wav"/>
        <AssetArray File="Assets\Sounds\Zerg\SharedEffects\Attacks\Zerg_AttackLaunchSmallSwing3.wav"/>
        <Pitch value="-4.000000,-2.000000"/>
        <Volume value="-7.000000,-5.000000"/>
        <EditorCategories value="Race:Dragon"/>
    </CSound>
    <CSound id="Flamespitter_Death" parent="Dragon_Death">
        <Pitch value="14.000000,16.000000"/>
        <Volume value="-4.000000,-2.000000"/>
    </CSound>
    <CSound id="HornedMagusMeleeImpact" parent="Combat">
        <AssetArray File="Assets\Sounds\Zerg\Ultralisk\Ultralisk_AttackImpact0.wav"/>
        <AssetArray File="Assets\Sounds\Zerg\Ultralisk\Ultralisk_AttackImpact1.wav"/>
        <AssetArray File="Assets\Sounds\Zerg\Ultralisk\Ultralisk_AttackImpact2.wav"/>
        <AssetArray File="Assets\Sounds\Zerg\Ultralisk\Ultralisk_AttackImpact3.wav"/>
        <Pitch value="11.000000,13.000000"/>
        <Volume value="-7.000000,-5.000000"/>
        <EditorCategories value="Race:Dragon"/>
    </CSound>
    <CSound id="HornedMagusAttackImpact" parent="Combat">
        <AssetArray File="Assets\Sounds\Terran\Wraith\Wraith_GroundAttackImpact0.wav"/>
        <AssetArray File="Assets\Sounds\Terran\Wraith\Wraith_GroundAttackImpact1.wav"/>
        <AssetArray File="Assets\Sounds\Terran\Wraith\Wraith_GroundAttackImpact2.wav"/>
        <AssetArray File="Assets\Sounds\Terran\Wraith\Wraith_GroundAttackImpact3.wav"/>
        <AssetArray File="Assets\Sounds\Terran\Wraith\Wraith_GroundAttackImpact4.wav"/>
        <Pitch value="-4.000000,-2.000000"/>
        <Volume value="-10.000000,-8.000000"/>
        <EditorCategories value="Race:Dragon"/>
    </CSound>
    <CSound id="HornedMagusAttackLaunch" parent="Combat">
        <AssetArray File="Assets\Sounds\Terran\Battlecruiser\Battlecruiser_PlasmaAttackLoop0.wav"/>
        <AssetArray File="Assets\Sounds\Terran\Battlecruiser\Battlecruiser_PlasmaAttackLoop1.wav"/>
        <AssetArray File="Assets\Sounds\Terran\Battlecruiser\Battlecruiser_PlasmaAttackLoop2.wav"/>
        <AssetArray File="Assets\Sounds\Terran\Battlecruiser\Battlecruiser_PlasmaAttackLoop3.wav"/>
        <DupeMaximumMethod value="Replace"/>
        <Pitch value="-1.000000,1.000000"/>
        <Volume value="-4.000000,-2.000000"/>
        <EditorCategories value="Race:Dragon"/>
    </CSound>
    <CSound id="HandofPower_Attack" parent="VoiceVariable">
        <AssetArray File="Assets\Sounds\Zerg\SpineCrawler\SpineCrawler_Attack0.ogg" FacialGroup=""/>
        <AssetArray File="Assets\Sounds\Zerg\SpineCrawler\SpineCrawler_Attack1.ogg" FacialGroup=""/>
        <AssetArray File="Assets\Sounds\Zerg\SpineCrawler\SpineCrawler_Attack2.ogg" FacialGroup=""/>
        <AssetArray File="Assets\Sounds\Zerg\SpineCrawler\SpineCrawler_Attack3.ogg" FacialGroup=""/>
        <AssetArray File="Assets\Sounds\Zerg\SpineCrawler\SpineCrawler_Attack4.ogg" FacialGroup=""/>
        <AssetArray File="Assets\Sounds\Zerg\SpineCrawler\SpineCrawler_Attack5.ogg" FacialGroup=""/>
        <AssetArray File="Assets\Sounds\Zerg\SpineCrawler\SpineCrawler_Attack6.ogg" FacialGroup=""/>
        <AssetArray File="Assets\Sounds\Zerg\SpineCrawler\SpineCrawler_Attack7.ogg" FacialGroup=""/>
        <AssetArray File="Assets\Sounds\Zerg\SpineCrawler\SpineCrawler_Attack8.ogg" FacialGroup=""/>
        <AssetArray File="Assets\Sounds\Zerg\SpineCrawler\SpineCrawler_Attack9.ogg" FacialGroup=""/>
        <Pitch value="-4.000000,-2.000000"/>
    </CSound>
    <CSound id="GrimGlider_Ready" parent="ReadyVariable">
        <AssetArray File="Assets\Sounds\CreepTower_Ready_00.ogg"/>
        <AssetArray File="Assets\Sounds\CreepTower_Ready_01.ogg"/>
        <AssetArray File="Assets\Sounds\CreepTower_Ready_02.ogg"/>
        <Pitch value="2.000000,4.000000"/>
    </CSound>
    <CSound id="HandofPowerAscend" parent="HandofPower_Attack">
        <Flags index="Ignorable" value="0"/>
        <Flags index="Purgable" value="1"/>
        <Flags index="Stream" value="0"/>
        <Category value="Spell"/>
        <Volume value="-4.000000,-2.000000"/>
    </CSound>
    <CSound id="HandofPower_Ready" parent="ReadyVariable">
        <AssetArray File="Assets\Sounds\Zerg\SpineCrawler\SpineCrawler_Ready0.ogg" FacialGroup=""/>
        <AssetArray File="Assets\Sounds\Zerg\SpineCrawler\SpineCrawler_Ready1.ogg" FacialGroup=""/>
        <Pitch value="-4.000000,-2.000000"/>
    </CSound>
    <CSound id="DragonHunterMeleeImpact" parent="Combat">
        <EditorCategories value="Race:Dragon"/>
        <AssetArray File="Assets\Sounds\Zerg\Ultralisk\Ultralisk_AttackImpact0.wav"/>
        <AssetArray File="Assets\Sounds\Zerg\Ultralisk\Ultralisk_AttackImpact1.wav"/>
        <AssetArray File="Assets\Sounds\Zerg\Ultralisk\Ultralisk_AttackImpact2.wav"/>
        <AssetArray File="Assets\Sounds\Zerg\Ultralisk\Ultralisk_AttackImpact3.wav"/>
        <Pitch value="11.000000,13.000000"/>
        <Volume value="-7.000000,-5.000000"/>
    </CSound>
    <CSound id="Berserker_Attack" parent="Dragon_Attack">
        <Pitch value="2.000000,4.000000"/>
    </CSound>
    <CSound id="BerserkerAscend" parent="Berserker_Attack">
        <Flags index="Ignorable" value="0"/>
        <Flags index="Purgable" value="1"/>
        <Flags index="Stream" value="0"/>
        <Category value="Spell"/>
        <Volume value="-4.000000,-2.000000"/>
    </CSound>
    <CSound id="Razorback_Death" parent="Dragon_Death">
        <Volume value="2.000000,4.000000"/>
    </CSound>
    <CSound id="DragonHunterAttackImpact" parent="Combat">
        <EditorCategories value="Race:Dragon"/>
        <AssetArray File="Assets\Sounds\Locust_Spit_Impact_1.wav"/>
        <AssetArray File="Assets\Sounds\Locust_Spit_Impact_2.wav"/>
        <AssetArray File="Assets\Sounds\Locust_Spit_Impact_3.wav"/>
        <AssetArray File="Assets\Sounds\Locust_Spit_Impact_4.wav"/>
        <AssetArray File="Assets\Sounds\Locust_Spit_Impact_5.wav"/>
        <AssetArray File="Assets\Sounds\Locust_Spit_Impact_6.wav"/>
        <AssetArray File="Assets\Sounds\Locust_Spit_Impact_7.wav"/>
        <AssetArray File="Assets\Sounds\Locust_Spit_Impact_8.wav"/>
        <Pitch value="-4.000000,-2.000000"/>
        <Volume value="-7.000000,-5.000000"/>
    </CSound>
    <CSound id="DragonHunterAttackLaunch" parent="Combat">
        <EditorCategories value="Race:Dragon"/>
        <AssetArray File="Assets\Sounds\Spell_Eyestalk_Launch_00.wav"/>
        <AssetArray File="Assets\Sounds\Spell_Eyestalk_Launch_01.wav"/>
        <AssetArray File="Assets\Sounds\Spell_Eyestalk_Launch_02.wav"/>
        <AssetArray File="Assets\Sounds\Spell_Eyestalk_Launch_03.wav"/>
        <AssetArray File="Assets\Sounds\Spell_Eyestalk_Launch_04.wav"/>
        <DupeMaximumMethod value="Replace"/>
        <Pitch value="5.000000,7.000000"/>
        <Volume value="-7.000000,-5.000000"/>
    </CSound>
    <CSound id="DragonHunter_Attack" parent="Dragon_Attack">
        <Pitch value="8.000000,10.000000"/>
    </CSound>
    <CSound id="HunterAscend" parent="DragonHunter_Attack">
        <Flags index="Ignorable" value="0"/>
        <Flags index="Purgable" value="1"/>
        <Flags index="Stream" value="0"/>
        <Category value="Spell"/>
        <Volume value="-4.000000,-2.000000"/>
    </CSound>
    <CSound id="DragonHunter_Ready" parent="Dragon_Ready">
        <Pitch value="8.000000,10.000000"/>
    </CSound>
    <CSound id="Flamespitter_Attack" parent="Dragon_Attack">
        <Pitch value="14.000000,16.000000"/>
    </CSound>
    <CSound id="FlamespitterAscend" parent="Flamespitter_Attack">
        <Flags index="Ignorable" value="0"/>
        <Flags index="Purgable" value="1"/>
        <Flags index="Stream" value="0"/>
        <Category value="Spell"/>
        <Volume value="-4.000000,-2.000000"/>
    </CSound>
    <CSound id="SkyrazerAscend" parent="Skyrazer_Attack">
        <Flags index="Ignorable" value="0"/>
        <Flags index="Purgable" value="1"/>
        <Flags index="Stream" value="0"/>
        <Category value="Spell"/>
        <Volume value="-4.000000,-2.000000"/>
    </CSound>
    <CSound id="UnseenBeast_Attack" parent="VoiceVariable">
        <AssetArray File="Assets\Sounds\SnowBeast_Attack_00.ogg"/>
        <AssetArray File="Assets\Sounds\SnowBeast_Attack_01.ogg"/>
        <AssetArray File="Assets\Sounds\SnowBeast_Attack_02.ogg"/>
        <AssetArray File="Assets\Sounds\SnowBeast_Attack_03.ogg"/>
        <AssetArray File="Assets\Sounds\SnowBeast_Attack_04.ogg"/>
        <AssetArray File="Assets\Sounds\SnowBeast_Attack_05.ogg"/>
        <AssetArray File="Assets\Sounds\SnowBeast_Attack_06.ogg"/>
        <Pitch value="2.000000,4.000000"/>
    </CSound>
    <CSound id="UnseenBeastAscend" parent="UnseenBeast_Attack">
        <Flags index="Ignorable" value="0"/>
        <Flags index="Purgable" value="1"/>
        <Flags index="Stream" value="0"/>
        <Category value="Spell"/>
        <Volume value="-4.000000,-2.000000"/>
    </CSound>
    <CSound id="UnseenBeast_What" parent="VoiceVariable">
        <AssetArray File="Assets\Sounds\SnowBeast_What_00.ogg"/>
        <AssetArray File="Assets\Sounds\SnowBeast_What_01.ogg"/>
        <AssetArray File="Assets\Sounds\SnowBeast_What_02.ogg"/>
        <AssetArray File="Assets\Sounds\SnowBeast_What_03.ogg"/>
        <AssetArray File="Assets\Sounds\SnowBeast_What_04.ogg"/>
        <AssetArray File="Assets\Sounds\SnowBeast_What_05.ogg"/>
        <AssetArray File="Assets\Sounds\SnowBeast_What_06.ogg"/>
        <AssetArray File="Assets\Sounds\SnowBeast_What_07.ogg"/>
        <Pitch value="2.000000,4.000000"/>
    </CSound>
    <CSound id="VolcanicHarbinger_Attack" parent="VoiceVariable">
        <AssetArray File="Assets\Sounds\Aberration_Attack_00.ogg" FacialGroup=""/>
        <AssetArray File="Assets\Sounds\Aberration_Attack_01.ogg" FacialGroup=""/>
        <AssetArray File="Assets\Sounds\Aberration_Attack_02.ogg" FacialGroup=""/>
        <AssetArray File="Assets\Sounds\Aberration_Attack_03.ogg" FacialGroup=""/>
        <AssetArray File="Assets\Sounds\Aberration_Attack_04.ogg" FacialGroup=""/>
        <AssetArray File="Assets\Sounds\Aberration_Attack_05.ogg" FacialGroup=""/>
        <AssetArray File="Assets\Sounds\Aberration_Attack_06.ogg" FacialGroup=""/>
        <AssetArray File="Assets\Sounds\Aberration_Attack_07.ogg" FacialGroup=""/>
        <AssetArray File="Assets\Sounds\Aberration_Attack_08.ogg" FacialGroup=""/>
    </CSound>
    <CSound id="Arkwyrm_Attack" parent="VolcanicHarbinger_Attack">
        <Pitch value="8.000000,10.000000"/>
    </CSound>
    <CSound id="ArkwyrmAscend" parent="Arkwyrm_Attack">
        <Flags index="Ignorable" value="0"/>
        <Flags index="Purgable" value="1"/>
        <Flags index="Stream" value="0"/>
        <Volume value="-4.000000,-2.000000"/>
        <Category value="Spell"/>
    </CSound>
    <CSound id="VolcanicHarbingerAscend" parent="VolcanicHarbinger_Attack">
        <Flags index="Ignorable" value="0"/>
        <Flags index="Purgable" value="1"/>
        <Flags index="Stream" value="0"/>
        <Category value="Spell"/>
        <Volume value="-4.000000,-2.000000"/>
    </CSound>
    <CSound id="VolcanicHarbinger_What" parent="VoiceVariable">
        <AssetArray File="Assets\Sounds\Aberration_What_00.ogg" FacialGroup=""/>
        <AssetArray File="Assets\Sounds\Aberration_What_01.ogg" FacialGroup=""/>
        <AssetArray File="Assets\Sounds\Aberration_What_02.ogg" FacialGroup=""/>
        <AssetArray File="Assets\Sounds\Aberration_What_03.ogg" FacialGroup=""/>
        <AssetArray File="Assets\Sounds\Aberration_What_04.ogg" FacialGroup=""/>
        <AssetArray File="Assets\Sounds\Aberration_What_05.ogg" FacialGroup=""/>
    </CSound>
    <CSound id="BrimstoneDemolisher_What" parent="Dragon_What">
        <Pitch value="-4.000000,-2.000000"/>
    </CSound>
    <CSound id="Arkwyrm_What" parent="VolcanicHarbinger_What">
        <Pitch value="8.000000,10.000000"/>
    </CSound>
    <CSound id="UnseenBeast_Yes" parent="VoiceVariable">
        <AssetArray File="Assets\Sounds\SnowBeast_Yes_00.ogg"/>
        <AssetArray File="Assets\Sounds\SnowBeast_Yes_01.ogg"/>
        <AssetArray File="Assets\Sounds\SnowBeast_Yes_02.ogg"/>
        <AssetArray File="Assets\Sounds\SnowBeast_Yes_03.ogg"/>
        <AssetArray File="Assets\Sounds\SnowBeast_Yes_04.ogg"/>
        <AssetArray File="Assets\Sounds\SnowBeast_Yes_05.ogg"/>
        <AssetArray File="Assets\Sounds\SnowBeast_Yes_06.ogg"/>
        <AssetArray File="Assets\Sounds\SnowBeast_Yes_07.ogg"/>
        <AssetArray File="Assets\Sounds\SnowBeast_Yes_08.ogg"/>
        <Pitch value="2.000000,4.000000"/>
    </CSound>
    <CSound id="VolcanicHarbinger_Yes" parent="VoiceVariable">
        <AssetArray File="Assets\Sounds\Aberration_Yes_00.ogg" FacialGroup=""/>
        <AssetArray File="Assets\Sounds\Aberration_Yes_01.ogg" FacialGroup=""/>
        <AssetArray File="Assets\Sounds\Aberration_Yes_02.ogg" FacialGroup=""/>
        <AssetArray File="Assets\Sounds\Aberration_Yes_03.ogg" FacialGroup=""/>
        <AssetArray File="Assets\Sounds\Aberration_Yes_04.ogg" FacialGroup=""/>
        <AssetArray File="Assets\Sounds\Aberration_Yes_05.ogg" FacialGroup=""/>
        <AssetArray File="Assets\Sounds\Aberration_Yes_06.ogg" FacialGroup=""/>
        <AssetArray File="Assets\Sounds\Aberration_Yes_07.ogg" FacialGroup=""/>
        <AssetArray File="Assets\Sounds\Aberration_Yes_08.ogg" FacialGroup=""/>
        <AssetArray File="Assets\Sounds\Aberration_Yes_09.ogg" FacialGroup=""/>
    </CSound>
    <CSound id="Plodder_What" parent="VoiceVariable">
        <AssetArray File="Assets\Sounds\Zerg\Broodling\Broodling_What0.ogg" FacialGroup=""/>
        <AssetArray File="Assets\Sounds\Zerg\Broodling\Broodling_What1.ogg" FacialGroup=""/>
        <AssetArray File="Assets\Sounds\Zerg\Broodling\Broodling_What2.ogg" FacialGroup=""/>
        <AssetArray File="Assets\Sounds\Zerg\Broodling\Broodling_What3.ogg" FacialGroup=""/>
        <AssetArray File="Assets\Sounds\Zerg\Broodling\Broodling_What4.ogg" FacialGroup=""/>
        <AssetArray File="Assets\Sounds\Zerg\Broodling\Broodling_What5.ogg" FacialGroup=""/>
        <AssetArray File="Assets\Sounds\Zerg\Broodling\Broodling_What6.ogg" FacialGroup=""/>
        <Pitch value="2.000000,4.000000"/>
    </CSound>
    <CSound id="Plodder_Yes" parent="VoiceVariable">
        <AssetArray File="Assets\Sounds\Zerg\Broodling\Broodling_Yes0.ogg" FacialGroup=""/>
        <AssetArray File="Assets\Sounds\Zerg\Broodling\Broodling_Yes1.ogg" FacialGroup=""/>
        <AssetArray File="Assets\Sounds\Zerg\Broodling\Broodling_Yes2.ogg" FacialGroup=""/>
        <AssetArray File="Assets\Sounds\Zerg\Broodling\Broodling_Yes3.ogg" FacialGroup=""/>
        <AssetArray File="Assets\Sounds\Zerg\Broodling\Broodling_Yes4.ogg" FacialGroup=""/>
        <AssetArray File="Assets\Sounds\Zerg\Broodling\Broodling_Yes5.ogg" FacialGroup=""/>
        <AssetArray File="Assets\Sounds\Zerg\Broodling\Broodling_Yes6.ogg" FacialGroup=""/>
        <AssetArray File="Assets\Sounds\Zerg\Broodling\Broodling_Yes7.ogg" FacialGroup=""/>
        <Pitch value="2.000000,4.000000"/>
    </CSound>
    <CSound id="Arkwyrm_Yes" parent="VolcanicHarbinger_Yes">
        <Pitch value="8.000000,10.000000"/>
    </CSound>
    <CSound id="BrimstoneDemolisher_Yes" parent="Dragon_Yes">
        <Pitch value="-4.000000,-2.000000"/>
    </CSound>
    <CSound id="GrimGlider_What" parent="VoiceVariable">
        <AssetArray File="Assets\Sounds\CreepTower_What_00.ogg"/>
        <AssetArray File="Assets\Sounds\CreepTower_What_01.ogg"/>
        <AssetArray File="Assets\Sounds\CreepTower_What_02.ogg"/>
        <AssetArray File="Assets\Sounds\CreepTower_What_03.ogg"/>
        <AssetArray File="Assets\Sounds\CreepTower_What_04.ogg"/>
        <AssetArray File="Assets\Sounds\CreepTower_What_05.ogg"/>
        <AssetArray File="Assets\Sounds\CreepTower_What_06.ogg"/>
        <AssetArray File="Assets\Sounds\CreepTower_What_07.ogg"/>
        <AssetArray File="Assets\Sounds\CreepTower_What_08.ogg"/>
        <AssetArray File="Assets\Sounds\CreepTower_What_09.ogg"/>
        <AssetArray File="Assets\Sounds\CreepTower_What_10.ogg"/>
        <Pitch value="2.000000,4.000000"/>
    </CSound>
    <CSound id="GrimGlider_Attack" parent="GrimGlider_What">
        <Pitch value="-1.000000,1.000000"/>
    </CSound>
    <CSound id="GrimGliderAscend" parent="GrimGlider_Attack">
        <Flags index="Ignorable" value="0"/>
        <Flags index="Purgable" value="1"/>
        <Flags index="Stream" value="0"/>
        <Category value="Spell"/>
        <Volume value="-4.000000,-2.000000"/>
    </CSound>
    <CSound id="HandofPower_What" parent="VoiceVariable">
        <AssetArray File="Assets\Sounds\Zerg\SpineCrawler\SpineCrawler_What00.ogg" FacialGroup=""/>
        <AssetArray File="Assets\Sounds\Zerg\SpineCrawler\SpineCrawler_What01.ogg" FacialGroup=""/>
        <AssetArray File="Assets\Sounds\Zerg\SpineCrawler\SpineCrawler_What02.ogg" FacialGroup=""/>
        <AssetArray File="Assets\Sounds\Zerg\SpineCrawler\SpineCrawler_What03.ogg" FacialGroup=""/>
        <AssetArray File="Assets\Sounds\Zerg\SpineCrawler\SpineCrawler_What04.ogg" FacialGroup=""/>
        <AssetArray File="Assets\Sounds\Zerg\SpineCrawler\SpineCrawler_What05.ogg" FacialGroup=""/>
        <AssetArray File="Assets\Sounds\Zerg\SpineCrawler\SpineCrawler_What06.ogg" FacialGroup=""/>
        <AssetArray File="Assets\Sounds\Zerg\SpineCrawler\SpineCrawler_What07.ogg" FacialGroup=""/>
        <AssetArray File="Assets\Sounds\Zerg\SpineCrawler\SpineCrawler_What08.ogg" FacialGroup=""/>
        <AssetArray File="Assets\Sounds\Zerg\SpineCrawler\SpineCrawler_What09.ogg" FacialGroup=""/>
        <AssetArray File="Assets\Sounds\Zerg\SpineCrawler\SpineCrawler_What10.ogg" FacialGroup=""/>
        <Pitch value="-4.000000,-2.000000"/>
    </CSound>
    <CSound id="Skyrazer_What" parent="Dragon_What">
        <Pitch value="5.000000,7.000000"/>
    </CSound>
    <CSound id="Skyrazer_Yes" parent="Dragon_Yes">
        <Pitch value="5.000000,7.000000"/>
    </CSound>
    <CSound id="Berserker_What" parent="Dragon_What">
        <Pitch value="2.000000,4.000000"/>
    </CSound>
    <CSound id="Berserker_Yes" parent="Dragon_Yes">
        <Pitch value="2.000000,4.000000"/>
    </CSound>
    <CSound id="HandofPower_Yes" parent="VoiceVariable">
        <AssetArray File="Assets\Sounds\Zerg\SpineCrawler\SpineCrawler_Yes0.ogg" FacialGroup=""/>
        <AssetArray File="Assets\Sounds\Zerg\SpineCrawler\SpineCrawler_Yes1.ogg" FacialGroup=""/>
        <AssetArray File="Assets\Sounds\Zerg\SpineCrawler\SpineCrawler_Yes2.ogg" FacialGroup=""/>
        <AssetArray File="Assets\Sounds\Zerg\SpineCrawler\SpineCrawler_Yes3.ogg" FacialGroup=""/>
        <AssetArray File="Assets\Sounds\Zerg\SpineCrawler\SpineCrawler_Yes4.ogg" FacialGroup=""/>
        <AssetArray File="Assets\Sounds\Zerg\SpineCrawler\SpineCrawler_Yes5.ogg" FacialGroup=""/>
        <AssetArray File="Assets\Sounds\Zerg\SpineCrawler\SpineCrawler_Yes6.ogg" FacialGroup=""/>
        <AssetArray File="Assets\Sounds\Zerg\SpineCrawler\SpineCrawler_Yes7.ogg" FacialGroup=""/>
        <AssetArray File="Assets\Sounds\Zerg\SpineCrawler\SpineCrawler_Yes8.ogg" FacialGroup=""/>
        <AssetArray File="Assets\Sounds\Zerg\SpineCrawler\SpineCrawler_Yes9.ogg" FacialGroup=""/>
        <Pitch value="-4.000000,-2.000000"/>
    </CSound>
    <CSound id="GrimGlider_Yes" parent="GrimGlider_What">
        <Pitch value="5.000000,7.000000"/>
    </CSound>
    <CSound id="DragonHunter_What" parent="Dragon_What">
        <Pitch value="8.000000,10.000000"/>
    </CSound>
    <CSound id="DragonHunter_Yes" parent="Dragon_Yes">
        <Pitch value="8.000000,10.000000"/>
    </CSound>
    <CSound id="HornedMagusInvigorateSound" parent="Combat">
        <AssetArray File="Assets\Sounds\UI_Hrz_Tier_1.wav"/>
        <AssetArray File="Assets\Sounds\UI_Hrz_Tier_2.wav"/>
        <AssetArray File="Assets\Sounds\UI_Hrz_Tier_3.wav"/>
        <AssetArray File="Assets\Sounds\UI_Hrz_Tier_4.wav"/>
        <AssetArray File="Assets\Sounds\UI_Hrz_Tier_5.wav"/>
        <AssetArray File="Assets\Sounds\UI_Hrz_Tier_6.wav"/>
        <AssetArray File="Assets\Sounds\UI_Hrz_Tier_7.wav"/>
        <AssetArray File="Assets\Sounds\UI_Hrz_Tier_8.wav"/>
        <Pitch value="5.000000,7.000000"/>
        <EditorCategories value="Race:Dragon"/>
    </CSound>
    <CSound id="HornedMagus_Attack" parent="VoiceVariable">
        <AssetArray File="Assets\Sounds\Zerg\SporeCrawler\SporeCrawler_Attack0.ogg" FacialGroup=""/>
        <AssetArray File="Assets\Sounds\Zerg\SporeCrawler\SporeCrawler_Attack1.ogg" FacialGroup=""/>
        <AssetArray File="Assets\Sounds\Zerg\SporeCrawler\SporeCrawler_Attack2.ogg" FacialGroup=""/>
        <AssetArray File="Assets\Sounds\Zerg\SporeCrawler\SporeCrawler_Attack3.ogg" FacialGroup=""/>
        <AssetArray File="Assets\Sounds\Zerg\SporeCrawler\SporeCrawler_Attack4.ogg" FacialGroup=""/>
        <AssetArray File="Assets\Sounds\Zerg\SporeCrawler\SporeCrawler_Attack5.ogg" FacialGroup=""/>
        <Pitch value="2.000000,4.000000"/>
    </CSound>
    <CSound id="HornedMagusAscend" parent="HornedMagus_Attack">
        <Flags index="Ignorable" value="0"/>
        <Flags index="Purgable" value="1"/>
        <Flags index="Stream" value="0"/>
        <Category value="Spell"/>
        <Volume value="-4.000000,-2.000000"/>
    </CSound>
    <CSound id="Razorback_Attack" parent="Dragon_Attack"/>
    <CSound id="Flamespitter_What" parent="Dragon_What">
        <Pitch value="14.000000,16.000000"/>
    </CSound>
    <CSound id="Flamespitter_Yes" parent="Dragon_Yes">
        <Pitch value="14.000000,16.000000"/>
    </CSound>
    <CSound id="Razorback_What" parent="Dragon_What"/>
    <CSound id="Flamespitter_Ready" parent="Dragon_Ready">
        <Pitch value="14.000000,16.000000"/>
    </CSound>
    <CSound id="HornedMagus_Ready" parent="ReadyVariable">
        <AssetArray File="Assets\Sounds\Zerg\SporeCrawler\SporeCrawler_Ready0.ogg" FacialGroup=""/>
        <Pitch value="2.000000,4.000000"/>
    </CSound>
    <CSound id="HornedMagus_Yes" parent="VoiceVariable">
        <AssetArray File="Assets\Sounds\Zerg\SporeCrawler\SporeCrawler_Yes0.ogg" FacialGroup=""/>
        <AssetArray File="Assets\Sounds\Zerg\SporeCrawler\SporeCrawler_Yes1.ogg" FacialGroup=""/>
        <AssetArray File="Assets\Sounds\Zerg\SporeCrawler\SporeCrawler_Yes2.ogg" FacialGroup=""/>
        <AssetArray File="Assets\Sounds\Zerg\SporeCrawler\SporeCrawler_Yes3.ogg" FacialGroup=""/>
        <AssetArray File="Assets\Sounds\Zerg\SporeCrawler\SporeCrawler_Yes4.ogg" FacialGroup=""/>
        <AssetArray File="Assets\Sounds\Zerg\SporeCrawler\SporeCrawler_Yes5.ogg" FacialGroup=""/>
        <AssetArray File="Assets\Sounds\Zerg\SporeCrawler\SporeCrawler_Yes6.ogg" FacialGroup=""/>
        <AssetArray File="Assets\Sounds\Zerg\SporeCrawler\SporeCrawler_Yes7.ogg" FacialGroup=""/>
        <AssetArray File="Assets\Sounds\Zerg\SporeCrawler\SporeCrawler_Yes8.ogg" FacialGroup=""/>
        <Pitch value="2.000000,4.000000"/>
    </CSound>
    <CSound id="Razorback_Ready" parent="Dragon_Ready"/>
    <CSound id="HornedMagus_What" parent="VoiceVariable">
        <AssetArray File="Assets\Sounds\Zerg\SporeCrawler\SporeCrawler_What0.ogg" FacialGroup=""/>
        <AssetArray File="Assets\Sounds\Zerg\SporeCrawler\SporeCrawler_What1.ogg" FacialGroup=""/>
        <AssetArray File="Assets\Sounds\Zerg\SporeCrawler\SporeCrawler_What2.ogg" FacialGroup=""/>
        <AssetArray File="Assets\Sounds\Zerg\SporeCrawler\SporeCrawler_What3.ogg" FacialGroup=""/>
        <AssetArray File="Assets\Sounds\Zerg\SporeCrawler\SporeCrawler_What4.ogg" FacialGroup=""/>
        <AssetArray File="Assets\Sounds\Zerg\SporeCrawler\SporeCrawler_What5.ogg" FacialGroup=""/>
        <AssetArray File="Assets\Sounds\Zerg\SporeCrawler\SporeCrawler_What6.ogg" FacialGroup=""/>
        <AssetArray File="Assets\Sounds\Zerg\SporeCrawler\SporeCrawler_What7.ogg" FacialGroup=""/>
        <Pitch value="2.000000,4.000000"/>
    </CSound>
    <CSound id="FlamespitterAttackStart" parent="Combat">
        <AssetArray File="Assets\Sounds\Zerg\SharedEffects\Attacks\Zerg_AttackLaunchSmallSwing0.wav"/>
        <AssetArray File="Assets\Sounds\Zerg\SharedEffects\Attacks\Zerg_AttackLaunchSmallSwing1.wav"/>
        <AssetArray File="Assets\Sounds\Zerg\SharedEffects\Attacks\Zerg_AttackLaunchSmallSwing2.wav"/>
        <AssetArray File="Assets\Sounds\Zerg\SharedEffects\Attacks\Zerg_AttackLaunchSmallSwing3.wav"/>
        <Pitch value="2.000000,4.000000"/>
        <Volume value="-7.000000,-5.000000"/>
        <EditorCategories value="Race:Dragon"/>
    </CSound>
    <CSound id="Razorback_Yes" parent="Dragon_Yes"/>
    <CSound id="FlamespitterAttackImpact" parent="Combat">
        <AssetArray File="Assets\Sounds\Terran\Hellion\Hellion_AttackImpact0.wav"/>
        <AssetArray File="Assets\Sounds\Terran\Hellion\Hellion_AttackImpact1.wav"/>
        <AssetArray File="Assets\Sounds\Terran\Hellion\Hellion_AttackImpact2.wav"/>
        <AssetArray File="Assets\Sounds\Terran\Hellion\Hellion_AttackImpact3.wav"/>
        <AssetArray File="Assets\Sounds\Terran\Hellion\Hellion_AttackImpact4.wav"/>
        <Pitch value="11.000000,13.000000"/>
        <Volume value="-13.000000,-11.000000"/>
        <EditorCategories value="Race:Dragon"/>
    </CSound>
    <CSound id="FlamespitterAttackLaunch" parent="Combat">
        <AssetArray File="Assets\Sounds\Spell_Fireball_Impact_00.wav"/>
        <AssetArray File="Assets\Sounds\Spell_Fireball_Impact_01.wav"/>
        <AssetArray File="Assets\Sounds\Spell_Fireball_Impact_02.wav"/>
        <AssetArray File="Assets\Sounds\Spell_Fireball_Impact_03.wav"/>
        <AssetArray File="Assets\Sounds\Spell_Fireball_Impact_04.wav"/>
        <AssetArray File="Assets\Sounds\Spell_Fireball_Impact_05.wav"/>
        <DupeMaximumMethod value="Replace"/>
        <Pitch value="23.000000,25.000000"/>
        <Volume value="-4.000000,-2.000000"/>
        <EditorCategories value="Race:Dragon"/>
    </CSound>
    <CSound id="FlamespitterMeleeImpact" parent="Combat">
        <AssetArray File="Assets\Sounds\Zerg\Ultralisk\Ultralisk_AttackImpact0.wav"/>
        <AssetArray File="Assets\Sounds\Zerg\Ultralisk\Ultralisk_AttackImpact1.wav"/>
        <AssetArray File="Assets\Sounds\Zerg\Ultralisk\Ultralisk_AttackImpact2.wav"/>
        <AssetArray File="Assets\Sounds\Zerg\Ultralisk\Ultralisk_AttackImpact3.wav"/>
        <Pitch value="11.000000,13.000000"/>
        <Volume value="-7.000000,-5.000000"/>
        <EditorCategories value="Race:Dragon"/>
    </CSound>
    <CSound id="SunkenGuardianRockSound" parent="Combat">
        <AssetArray File="Assets\Sounds\FX_HeavyRockCrumbles_00.wav"/>
        <AssetArray File="Assets\Sounds\FX_HeavyRockCrumbles_01.wav"/>
        <AssetArray File="Assets\Sounds\FX_HeavyRockCrumbles_02.wav"/>
        <AssetArray File="Assets\Sounds\FX_HeavyRockCrumbles_03.wav"/>
        <AssetArray File="Assets\Sounds\FX_HeavyRockCrumbles_04.wav"/>
        <AssetArray File="Assets\Sounds\FX_HeavyRockCrumbles_05.wav"/>
        <AssetArray File="Assets\Sounds\FX_HeavyRockCrumbles_06.wav"/>
        <AssetArray File="Assets\Sounds\FX_HeavyRockCrumbles_07.wav"/>
        <AssetArray File="Assets\Sounds\FX_HeavyRockCrumbles_08.wav"/>
        <AssetArray File="Assets\Sounds\FX_HeavyRockCrumbles_09.wav"/>
        <Pitch value="-1.000000,1.000000"/>
        <Volume value="-4.000000,-2.000000"/>
        <EditorCategories value="Race:Dragon"/>
    </CSound>
    <CSound id="SunkenGuardianSlitherSound" parent="Combat">
        <AssetArray File="Assets\Sounds\CreepTumor_MissleSlither_1.wav"/>
        <AssetArray File="Assets\Sounds\CreepTumor_MissleSlither_2.wav"/>
        <AssetArray File="Assets\Sounds\CreepTumor_MissleSlither_3.wav"/>
        <AssetArray File="Assets\Sounds\CreepTumor_MissleSlither_4.wav"/>
        <Pitch value="-4.000000,-2.000000"/>
        <Volume value="2.000000,4.000000"/>
        <EditorCategories value="Race:Dragon"/>
    </CSound>
    <CSound id="AuroraConduit_Attack" parent="VoiceVariable">
        <AssetArray File="Assets\Sounds\NydusDestroyer_Attack_00.ogg" FacialGroup=""/>
        <AssetArray File="Assets\Sounds\NydusDestroyer_Attack_01.ogg" FacialGroup=""/>
        <AssetArray File="Assets\Sounds\NydusDestroyer_Attack_02.ogg" FacialGroup=""/>
        <AssetArray File="Assets\Sounds\NydusDestroyer_Attack_03.ogg" FacialGroup=""/>
        <AssetArray File="Assets\Sounds\NydusDestroyer_Attack_04.ogg" FacialGroup=""/>
        <AssetArray File="Assets\Sounds\NydusDestroyer_Attack_05.ogg" FacialGroup=""/>
        <AssetArray File="Assets\Sounds\NydusDestroyer_Attack_06.ogg" FacialGroup=""/>
        <Pitch value="2.000000,4.000000"/>
    </CSound>
    <CSound id="AuroraConduitAscend" parent="AuroraConduit_Attack">
        <Flags index="Ignorable" value="0"/>
        <Flags index="Purgable" value="1"/>
        <Flags index="Stream" value="0"/>
        <Volume value="-4.000000,-2.000000"/>
        <Category value="Spell"/>
    </CSound>
    <CSound id="AuroraConduit_What" parent="VoiceVariable">
        <AssetArray File="Assets\Sounds\NydusDestroyer_What_00.ogg" FacialGroup=""/>
        <AssetArray File="Assets\Sounds\NydusDestroyer_What_01.ogg" FacialGroup=""/>
        <AssetArray File="Assets\Sounds\NydusDestroyer_What_02.ogg" FacialGroup=""/>
        <AssetArray File="Assets\Sounds\NydusDestroyer_What_03.ogg" FacialGroup=""/>
        <AssetArray File="Assets\Sounds\NydusDestroyer_What_04.ogg" FacialGroup=""/>
        <AssetArray File="Assets\Sounds\NydusDestroyer_What_05.ogg" FacialGroup=""/>
        <AssetArray File="Assets\Sounds\NydusDestroyer_What_06.ogg" FacialGroup=""/>
    </CSound>
    <CSound id="AuroraConduit_Yes" parent="VoiceVariable">
        <AssetArray File="Assets\Sounds\NydusDestroyer_What_00.ogg" FacialGroup=""/>
        <AssetArray File="Assets\Sounds\NydusDestroyer_What_01.ogg" FacialGroup=""/>
        <AssetArray File="Assets\Sounds\NydusDestroyer_What_02.ogg" FacialGroup=""/>
        <AssetArray File="Assets\Sounds\NydusDestroyer_What_03.ogg" FacialGroup=""/>
        <AssetArray File="Assets\Sounds\NydusDestroyer_What_04.ogg" FacialGroup=""/>
        <AssetArray File="Assets\Sounds\NydusDestroyer_What_05.ogg" FacialGroup=""/>
        <AssetArray File="Assets\Sounds\NydusDestroyer_What_06.ogg" FacialGroup=""/>
        <Pitch value="2.000000,4.000000"/>
    </CSound>
    <CSound id="Fleshrender_Attack" parent="AuroraConduit_Attack">
        <Pitch value="14.000000,16.000000"/>
    </CSound>
    <CSound id="FleshrenderAscend" parent="Fleshrender_Attack">
        <Flags index="Ignorable" value="0"/>
        <Flags index="Purgable" value="1"/>
        <Flags index="Stream" value="0"/>
        <Category value="Spell"/>
        <Volume value="-4.000000,-2.000000"/>
    </CSound>
    <CSound id="Fleshrender_What" parent="AuroraConduit_What">
        <Pitch value="11.000000,13.000000"/>
    </CSound>
    <CSound id="Fleshrender_Yes" parent="AuroraConduit_Yes">
        <Pitch value="14.000000,16.000000"/>
    </CSound>
</Catalog>
