<?xml version="1.0" encoding="us-ascii"?>
<Catalog>
    <CTexture id="plasmaburn2_orange">
        <Slot value="generic01"/>
    </CTexture>
    <CTexture id="lightning_orange">
        <Slot value="generic05"/>
    </CTexture>
    <CTexture id="flare1_orange4">
        <Slot value="generic04"/>
    </CTexture>
    <CTexture id="glow_orange3">
        <Slot value="generic03"/>
    </CTexture>
    <CTexture id="flare2borange">
        <Slot value="generic02"/>
    </CTexture>
</Catalog>
