<?xml version="1.0" encoding="utf-8"?>
<Catalog>
    <CUnit default="1" id="DragonBase">
        <DeathRevealRadius value="3"/>
        <Race value="Dragon"/>
        <FlagArray index="PreventDestroy" value="1"/>
        <PlaneArray index="Ground" value="1"/>
        <Attributes index="Biological" value="1"/>
        <LifeArmorName value="Unit/LifeArmorName/DragonBaseArmoredArmor"/>
        <DamageDealtXP value="1"/>
        <DamageTakenXP value="1"/>
        <ScoreResult value="BuildOrder"/>
        <EditorCategories value="ObjectFamily:Melee,ObjectType:Other"/>
    </CUnit>
    <CUnit default="1" id="DragonStructure" parent="DragonBase">
        <Mob value="Multiplayer"/>
        <FlagArray index="Movable" value="0"/>
        <FlagArray index="PreventDefeat" value="1"/>
        <FlagArray index="PenaltyRevealed" value="1"/>
        <FlagArray index="UseLineOfSight" value="1"/>
        <FlagArray index="TownAlert" value="1"/>
        <FlagArray index="NoPortraitTalk" value="1"/>
        <FlagArray index="ArmorDisabledWhileConstructing" value="1"/>
        <Collide index="Burrow" value="1"/>
        <Collide index="Ground" value="1"/>
        <Collide index="Structure" value="1"/>
        <Collide index="RoachBurrow" value="1"/>
        <Collide index="ForceField" value="1"/>
        <Collide index="Locust" value="1"/>
        <Collide index="Phased" value="1"/>
        <Attributes index="Armored" value="1"/>
        <Attributes index="Structure" value="1"/>
        <LifeArmor value="1"/>
        <CostCategory value="Technology"/>
        <AttackTargetPriority value="11"/>
        <AbilArray Link="BuildInProgress"/>
        <EditorCategories value="ObjectType:Structure,ObjectFamily:Melee"/>
        <FogVisibility value="Snapshot"/>
        <HotkeyCategory value="Unit/Category/DragonUnits"/>
        <CardLayouts>
            <LayoutButtons Face="Cancel" Type="AbilCmd" AbilCmd="que5PassiveCancelToSelection,CancelLast" Row="2" Column="4"/>
            <LayoutButtons Face="CancelBuilding" Type="AbilCmd" AbilCmd="BuildInProgress,Cancel" Row="2" Column="4"/>
        </CardLayouts>
        <Radius value="1.5"/>
        <SeparationRadius value="1.5"/>
        <MinimapRadius value="1.5"/>
        <BehaviorArray Link="DragonLineage"/>
        <LifeArmorName value="Unit/LifeArmorName/DragonArmoredArmor"/>
    </CUnit>
    <CUnit default="1" id="DragonDeepOne" parent="DragonStructure">
        <AbilArray Link="DragonTrain"/>
        <AbilArray Link="que5PassiveCancelToSelection"/>
        <AbilArray Link="Rally"/>
        <AbilArray Link="stop"/>
        <AbilArray Link="##id##Build"/>
        <AbilArray Link="##id##Train"/>
        <AbilArray Link="##id##"/>
        <CardLayouts index="0">
            <LayoutButtons Face="Stop" Type="AbilCmd" AbilCmd="stop,Stop" Row="2" Column="3"/>
            <LayoutButtons Face="Halt" Type="AbilCmd" AbilCmd="BuildInProgress,Halt" Row="2" Column="3"/>
            <LayoutButtons Face="Rally" Type="AbilCmd" AbilCmd="Rally,Rally1" Row="1" Column="4"/>
        </CardLayouts>
        <StationaryTurningRate value="180"/>
        <TurningRate value="180"/>
        <BehaviorArray index="0" Link="DragonLineageGreater"/>
    </CUnit>
    <CUnit default="1" id="DragonUnit" parent="DragonBase">
        <Mob value="Multiplayer"/>
        <Acceleration value="1000"/>
        <CostCategory value="Economy"/>
        <AttackTargetPriority value="20"/>
        <AbilArray Link="stop"/>
        <AbilArray Link="move"/>
        <AbilArray Link="attack"/>
        <AbilArray Link="Ascended##id##"/>
        <AbilArray Link="Ascended##id##Fission"/>
        <AbilArray Link="##id##Fission"/>
        <AbilArray Link="DragonFissionDisabled"/>
        <CardLayouts>
            <LayoutButtons Face="Move" Type="AbilCmd" AbilCmd="move,Move" Row="0" Column="0"/>
            <LayoutButtons Face="Stop" Type="AbilCmd" AbilCmd="stop,Stop" Row="0" Column="1"/>
            <LayoutButtons Face="MoveHoldPosition" Type="AbilCmd" AbilCmd="move,HoldPos" Row="0" Column="2"/>
            <LayoutButtons Face="MovePatrol" Type="AbilCmd" AbilCmd="move,Patrol" Row="0" Column="3"/>
            <LayoutButtons Face="Attack" Type="AbilCmd" AbilCmd="attack,Execute" Row="0" Column="4"/>
            <LayoutButtons Face="Ascended##id##" Type="AbilCmd" Row="1" Column="4"/>
            <LayoutButtons>
                <Face value="Ascended##id##"/>
                <Type value="Passive"/>
                <Requirements value="Ascended"/>
                <ShowInGlossary value="0"/>
                <Row value="1"/>
                <Column value="4"/>
            </LayoutButtons>
            <LayoutButtons Face="DragonFission" Type="AbilCmd" Row="1" Column="3"/>
            <LayoutButtons Face="DragonFission" Type="AbilCmd" Row="1" Column="3"/>
            <LayoutButtons Face="DragonFission" Type="AbilCmd" AbilCmd="DragonFissionDisabled,Execute" Row="1" Column="3"/>
        </CardLayouts>
        <EditorCategories value="ObjectType:Other,ObjectFamily:Melee"/>
        <GlossaryCategory value="Unit/Category/DragonUnits"/>
        <HotkeyCategory value="Unit/Category/DragonUnits"/>
        <Collide index="Ground" value="1"/>
        <Collide index="ForceField" value="1"/>
        <BehaviorArray Link="DragonLineageLesser"/>
        <LifeArmorName value="Unit/LifeArmorName/DragonArmoredArmor"/>
    </CUnit>
    <CUnit default="1" id="DragonArmyGround" parent="DragonUnit">
        <FlagArray index="UseLineOfSight" value="1"/>
        <FlagArray index="ArmySelect" value="1"/>
        <LifeArmorName value="Unit/LifeArmorName/DragonLightArmor"/>
        <CostCategory value="Army"/>
        <KillDisplay value="Always"/>
        <RankDisplay value="Always"/>
    </CUnit>
    <CUnit default="1" id="DragonArmyAir" parent="DragonArmyGround">
        <PlaneArray index="Ground" value="0"/>
        <PlaneArray index="Air" value="1"/>
        <Collide index="Ground" value="0"/>
        <Collide index="ForceField" value="0"/>
        <Collide index="Flying" value="1"/>
        <Mover value="Fly"/>
        <FlagArray index="UseLineOfSight" value="0"/>
    </CUnit>
    <CUnit default="1" id="DragonArmyAirArmored" parent="DragonArmyAir">
        <Attributes index="Armored" value="1"/>
        <LifeArmorName value="Unit/LifeArmorName/DragonArmoredArmor"/>
    </CUnit>
    <CUnit default="1" id="DragonArmyAirLight" parent="DragonArmyAir">
        <Attributes index="Light" value="1"/>
    </CUnit>
    <CUnit default="1" id="DragonArmyGroundArmored" parent="DragonArmyGround">
        <Attributes index="Armored" value="1"/>
        <LifeArmorName value="Unit/LifeArmorName/DragonArmoredArmor"/>
    </CUnit>
    <CUnit default="1" id="DragonArmyGroundLight" parent="DragonArmyGround">
        <Attributes index="Light" value="1"/>
    </CUnit>
    <CUnit default="1" id="GenesisPit" parent="DragonStructure">
        <Name value="Unit/Name/GenesisPit"/>
        <Facing value="90"/>
        <LifeStart value="600"/>
        <LifeMax value="600"/>
        <Sight value="8"/>
        <CostResource index="Minerals" value="75"/>
        <CostResource index="Vespene" value="25"/>
        <AbilArray Link="que5PassiveCancelToSelection"/>
        <AbilArray Link="Rally"/>
        <AbilArray Link="GenesisPit"/>
        <AbilArray Link="GenesisPitTrain"/>
        <CardLayouts index="0">
            <LayoutButtons Face="Rally" Type="AbilCmd" AbilCmd="Rally,Rally1" Row="1" Column="4"/>
        </CardLayouts>
        <Footprint value="Footprint3x3Contour"/>
        <PlacementFootprint value="Footprint3x3"/>
        <ScoreMake value="150"/>
        <ScoreKill value="150"/>
        <GlossaryPriority value="40"/>
        <HotkeyCategory value=""/>
    </CUnit>
    <CUnit default="1" id="AugmentationPit" parent="DragonStructure">
        <Name value="Unit/Name/AugmentationPit"/>
        <Description value="Button/Tooltip/AugmentationPit"/>
        <LifeStart value="600"/>
        <LifeMax value="600"/>
        <Sight value="8"/>
        <AbilArray Link="que5PassiveCancelToSelection"/>
        <AbilArray Link="AugmentationPit"/>
        <Radius value="1"/>
        <SeparationRadius value="1"/>
        <Footprint value="Footprint2x2Contour"/>
        <PlacementFootprint value="Footprint2x2"/>
        <ScoreMake value="150"/>
        <ScoreKill value="150"/>
        <MinimapRadius value="1"/>
        <GlossaryPriority value="42"/>
        <CostResource index="Minerals" value="25"/>
        <CostResource index="Vespene" value="75"/>
    </CUnit>
    <CUnit id="DragonHunter" parent="DragonArmyGroundArmored">
        <LifeStart value="75"/>
        <LifeMax value="75"/>
        <LifeArmor value="1"/>
        <Mover value="CliffJumper"/>
        <Speed value="3.5"/>
        <Sight value="11"/>
        <Food value="-2"/>
        <CostResource index="Minerals" value="75"/>
        <CostResource index="Vespene" value="75"/>
        <KillXP value="15"/>
        <AbilArray index="3" Link="AscendedHunter"/>
        <AbilArray index="4" Link="AscendedHunterFission"/>
        <AbilArray index="5" Link="HunterFission"/>
        <BehaviorArray Link="DragonHunter"/>
        <WeaponArray Link="DragonHunterClaws"/>
        <WeaponArray Link="DragonHunterTongueLash"/>
        <CardLayouts index="0">
            <LayoutButtons index="5" Face="AscendedHunter" AbilCmd="AscendedHunter,Execute"/>
            <LayoutButtons index="6" Face="AscendedHunter"/>
            <LayoutButtons index="7" AbilCmd="AscendedHunterFission,Execute"/>
            <LayoutButtons index="8" AbilCmd="HunterFission,Execute"/>
            <LayoutButtons Face="DragonHunterCliffJumper" Type="Passive" Row="1" Column="0"/>
            <LayoutButtons Face="HunterTongueLash" Type="Passive" Row="1" Column="1"/>
            <LayoutButtons Face="HunterFeast" Type="Passive" Requirements="HunterFeast" Row="1" Column="2"/>
        </CardLayouts>
        <Radius value="0.625"/>
        <SeparationRadius value="0.625"/>
        <InnerRadius value="0.5"/>
        <CargoSize value="2"/>
        <ScoreMake value="100"/>
        <ScoreKill value="100"/>
        <SubgroupPriority value="9"/>
        <MinimapRadius value="0.625"/>
        <EditorCategories value="ObjectType:Unit,ObjectFamily:Melee"/>
        <GlossaryPriority value="22"/>
        <GlossaryStrongArray value="SCV"/>
        <GlossaryStrongArray value="Drone"/>
        <GlossaryStrongArray value="Probe"/>
        <GlossaryWeakArray value="Marauder"/>
        <GlossaryWeakArray value="Roach"/>
        <GlossaryWeakArray value="Stalker"/>
        <AIEvaluateAlias value="Reaper"/>
        <Fidget>
            <ChanceArray index="Anim" value="33"/>
            <ChanceArray index="Idle" value="33"/>
            <ChanceArray index="Turn" value="33"/>
        </Fidget>
    </CUnit>
    <CUnit id="AscendedDragonHunter" parent="DragonHunter">
        <Name value="Unit/Name/AscendedDragonHunter"/>
        <Attributes index="Heroic" value="1"/>
        <BehaviorArray Link="DragonAscended"/>
        <LifeStart value="105"/>
        <LifeMax value="105"/>
        <LifeArmor value="2"/>
        <Radius value="0.75"/>
        <SeparationRadius value="0.75"/>
        <MinimapRadius value="0.75"/>
        <GlossaryCategory value=""/>
        <GlossaryPriority value="0"/>
        <CostResource index="Custom" value="510"/>
    </CUnit>
    <CUnit id="AugmentationPitFrontier" parent="AugmentationPit">
        <CostResource index="Minerals" value="100"/>
        <CostResource index="Vespene" value="0"/>
        <AbilArray Link="FrontierDeepOneResearch"/>
        <CardLayouts index="0">
            <LayoutButtons Face="AugmentDragonMeleeAttacksLevel1" Type="AbilCmd" AbilCmd="FrontierDeepOneResearch,Research1" Row="0" Column="0"/>
            <LayoutButtons Face="AugmentDragonMeleeAttacksLevel2" Type="AbilCmd" AbilCmd="FrontierDeepOneResearch,Research2" Row="0" Column="0"/>
            <LayoutButtons Face="AugmentDragonMeleeAttacksLevel3" Type="AbilCmd" AbilCmd="FrontierDeepOneResearch,Research3" Row="0" Column="0"/>
            <LayoutButtons Face="AugmentDragonFireAttacksLevel1" Type="AbilCmd" AbilCmd="FrontierDeepOneResearch,Research4" Row="0" Column="1"/>
            <LayoutButtons Face="AugmentDragonFireAttacksLevel2" Type="AbilCmd" AbilCmd="FrontierDeepOneResearch,Research5" Row="0" Column="1"/>
            <LayoutButtons Face="AugmentDragonFireAttacksLevel3" Type="AbilCmd" AbilCmd="FrontierDeepOneResearch,Research6" Row="0" Column="1"/>
            <LayoutButtons Face="AugmentDragonScaleArmorLevel1" Type="AbilCmd" AbilCmd="FrontierDeepOneResearch,Research7" Row="1" Column="0"/>
            <LayoutButtons Face="AugmentDragonScaleArmorLevel2" Type="AbilCmd" AbilCmd="FrontierDeepOneResearch,Research8" Row="1" Column="0"/>
            <LayoutButtons Face="AugmentDragonScaleArmorLevel3" Type="AbilCmd" AbilCmd="FrontierDeepOneResearch,Research9" Row="1" Column="0"/>
            <LayoutButtons Face="AugmentDragonPlateArmorLevel1" Type="AbilCmd" AbilCmd="FrontierDeepOneResearch,Research10" Row="1" Column="1"/>
            <LayoutButtons Face="AugmentDragonPlateArmorLevel2" Type="AbilCmd" AbilCmd="FrontierDeepOneResearch,Research11" Row="1" Column="1"/>
            <LayoutButtons Face="AugmentDragonPlateArmorLevel3" Type="AbilCmd" AbilCmd="FrontierDeepOneResearch,Research12" Row="1" Column="1"/>
            <LayoutButtons Face="FrontierDeepOneAbundance" Type="AbilCmd" AbilCmd="FrontierDeepOneResearch,Research13" Row="2" Column="0"/>
            <LayoutButtons Face="FrontierDeepOneDragonLineage" Type="AbilCmd" AbilCmd="FrontierDeepOneResearch,Research14" Row="2" Column="1"/>
        </CardLayouts>
        <SubgroupPriority value="6"/>
    </CUnit>
    <CUnit id="AugmentationPitGreater" parent="AugmentationPit">
        <AbilArray Link="GreaterDeepOneResearch"/>
        <CardLayouts index="0">
            <LayoutButtons Face="GreaterDeepOneMadness" Type="AbilCmd" AbilCmd="GreaterDeepOneResearch,Research1" Row="0" Column="0"/>
            <LayoutButtons Face="GreaterDeepOneEmberCore" Type="AbilCmd" AbilCmd="GreaterDeepOneResearch,Research2" Row="0" Column="1"/>
            <LayoutButtons Face="GreaterDeepOneMightyFist" Type="AbilCmd" AbilCmd="GreaterDeepOneResearch,Research3" Row="0" Column="2"/>
            <LayoutButtons Face="GreaterDeepOneFrenzy" Type="AbilCmd" AbilCmd="GreaterDeepOneResearch,Research4" Row="0" Column="3"/>
            <LayoutButtons Face="GreaterDeepOneInfernalBreath" Type="AbilCmd" AbilCmd="GreaterDeepOneResearch,Research5" Row="0" Column="4"/>
            <LayoutButtons Face="GreaterDeepOneBrimstoneDemolisher" Type="AbilCmd" AbilCmd="GreaterDeepOneResearch,Research6" Row="2" Column="0"/>
        </CardLayouts>
        <SubgroupPriority value="8"/>
    </CUnit>
    <CUnit id="AugmentationPitLesser" parent="AugmentationPit">
        <AbilArray Link="LesserDeepOneResearch"/>
        <CardLayouts index="0">
            <LayoutButtons Face="LesserDeepOneFervidReconstitution" Type="AbilCmd" AbilCmd="LesserDeepOneResearch,Research1" Row="0" Column="0"/>
            <LayoutButtons Face="LesserDeepOneFeast" Type="AbilCmd" AbilCmd="LesserDeepOneResearch,Research2" Row="0" Column="1"/>
            <LayoutButtons Face="LesserDeepOneArcaneEssence" Type="AbilCmd" AbilCmd="LesserDeepOneResearch,Research3" Row="0" Column="2"/>
            <LayoutButtons Face="LesserDeepOneShroud" Type="AbilCmd" AbilCmd="LesserDeepOneResearch,Research4" Row="0" Column="3"/>
            <LayoutButtons Face="LesserDeepOneUnseenBeast" Type="AbilCmd" AbilCmd="LesserDeepOneResearch,Research5" Row="2" Column="0"/>
        </CardLayouts>
        <SubgroupPriority value="7"/>
    </CUnit>
    <CUnit id="AugmentationPitTowering" parent="AugmentationPit">
        <AbilArray Link="ToweringDeepOneResearch"/>
        <CardLayouts index="0">
            <LayoutButtons Face="ToweringDeepOneProliferation" Type="AbilCmd" AbilCmd="ToweringDeepOneResearch,Research1" Row="0" Column="0"/>
            <LayoutButtons Face="ToweringDeepOneCelerity" Type="AbilCmd" AbilCmd="ToweringDeepOneResearch,Research2" Row="0" Column="1"/>
            <LayoutButtons Face="ToweringDeepOnePlasmaCatalyst" Type="AbilCmd" AbilCmd="ToweringDeepOneResearch,Research3" Row="0" Column="2"/>
            <LayoutButtons Face="ToweringDeepOneWraithNight" Type="AbilCmd" AbilCmd="ToweringDeepOneResearch,Research4" Row="0" Column="3"/>
            <LayoutButtons Face="ToweringDeepOneGrimGlider" Type="AbilCmd" AbilCmd="ToweringDeepOneResearch,Research5" Row="2" Column="0"/>
        </CardLayouts>
        <SubgroupPriority value="9"/>
    </CUnit>
    <CUnit id="Changeling">
        <AbilArray Link="DisguiseAsFlamespitter"/>
    </CUnit>
    <CUnit id="CoagulaterRich" parent="DragonStructure">
        <Facing value="315"/>
        <FlagArray index="Turnable" value="0"/>
        <ResourceState value="Harvestable"/>
        <ResourceType value="Vespene"/>
        <LifeStart value="750"/>
        <LifeMax value="750"/>
        <Sight value="9"/>
        <CostCategory value="Economy"/>
        <CostResource index="Minerals" value="75"/>
        <AbilArray Link="AugmentationPit"/>
        <BehaviorArray Link="HarvestableRichVespeneGeyserGasZerg"/>
        <Footprint value="FootprintGeyserRoundedBuilt"/>
        <PlacementFootprint value="Footprint3x3CappedGeyser"/>
        <BuiltOn value="RichVespeneGeyser"/>
        <ScoreMake value="75"/>
        <ScoreKill value="75"/>
        <HotkeyCategory value=""/>
    </CUnit>
    <CUnit id="DragonBuildUnit" parent="MISSILE_INVULNERABLE">
        <Race value="Dragon"/>
        <FlagArray index="Turnable" value="1"/>
        <FlagArray index="Movable" value="0"/>
        <FlagArray index="Missile" value="0"/>
        <FogVisibility value="Snapshot"/>
        <StationaryTurningRate value="2879.8242"/>
        <TurningRate value="2879.8242"/>
        <AbilArray Link="DragonBuildApplyBehavior"/>
        <BehaviorArray Link="DragonBuildRemoveBehavior"/>
        <EditorCategories value="ObjectType:Projectile,ObjectFamily:Melee"/>
    </CUnit>
    <CUnit id="AuroraConduitAttackMissile" parent="MISSILE">
        <Race value="Dragon"/>
        <EditorCategories value="ObjectType:Projectile,ObjectFamily:Melee"/>
    </CUnit>
    <CUnit id="FleshrenderInfernalEffigyMissile" parent="MISSILE">
        <Race value="Dragon"/>
        <EditorCategories value="ObjectType:Projectile,ObjectFamily:Melee"/>
    </CUnit>
    <CUnit id="FleshrenderInfernalAscendMissile" parent="MISSILE">
        <Race value="Dragon"/>
        <EditorCategories value="ObjectType:Projectile,ObjectFamily:Melee"/>
    </CUnit>
    <CUnit id="RazorbackUrticatingQuillsMissile" parent="MISSILE">
        <Race value="Dragon"/>
        <EditorCategories value="ObjectType:Projectile,ObjectFamily:Melee"/>
    </CUnit>
    <CUnit id="UnseenBeast" parent="DragonArmyGroundLight">
        <Attributes index="Psionic" value="1"/>
        <LifeStart value="90"/>
        <LifeMax value="90"/>
        <LifeArmor value="1"/>
        <Speed value="5"/>
        <Sight value="13.625"/>
        <Food value="-3"/>
        <CostResource index="Minerals" value="100"/>
        <CostResource index="Vespene" value="150"/>
        <KillXP value="15"/>
        <BehaviorArray Link="UnseenBeast"/>
        <BehaviorArray Link="UnseenBeastRadar"/>
        <WeaponArray Link="UnseenBeastSpiritSmashWeapon"/>
        <WeaponArray Link="UnseenBeastSpiritSmashDummy"/>
        <WeaponArray Link="UnseenBeastSpiritSmashDisplay"/>
        <CardLayouts index="0">
            <LayoutButtons index="5" AbilCmd="AscendedUnseenBeast,Execute"/>
            <LayoutButtons index="7" AbilCmd="AscendedUnseenBeastFission,Execute"/>
            <LayoutButtons index="8" AbilCmd="UnseenBeastFission,Execute"/>
            <LayoutButtons Face="UnseenBeastTeleportAssault" Type="AbilCmd" AbilCmd="UnseenBeastTeleportAssault,Execute" Row="2" Column="0"/>
            <LayoutButtons Face="UnseenBeastKeenSenses" Type="Passive" Row="1" Column="0"/>
            <LayoutButtons Face="UnseenBeastStealthyHunter" Type="Passive" Row="1" Column="1"/>
        </CardLayouts>
        <Radius value="0.625"/>
        <SeparationRadius value="0.625"/>
        <InnerRadius value="0.5"/>
        <CargoSize value="2"/>
        <ScoreMake value="100"/>
        <ScoreKill value="100"/>
        <SubgroupPriority value="10"/>
        <MinimapRadius value="0.625"/>
        <GlossaryPriority value="24"/>
        <GlossaryStrongArray value="SCV"/>
        <GlossaryStrongArray value="Drone"/>
        <GlossaryStrongArray value="Probe"/>
        <GlossaryWeakArray value="MissileTurret"/>
        <GlossaryWeakArray value="SporeCrawler"/>
        <GlossaryWeakArray value="PhotonCannon"/>
        <AIEvaluateAlias value="DarkTemplar"/>
        <Fidget>
            <ChanceArray index="Anim" value="33"/>
            <ChanceArray index="Idle" value="33"/>
            <ChanceArray index="Turn" value="33"/>
        </Fidget>
        <AbilArray Link="UnseenBeastTeleportAssault"/>
        <EditorCategories value="ObjectType:Unit,ObjectFamily:Melee"/>
    </CUnit>
    <CUnit id="AscendedUnseenBeast" parent="UnseenBeast">
        <Name value="Unit/Name/AscendedUnseenBeast"/>
        <Attributes index="Heroic" value="1"/>
        <BehaviorArray Link="DragonAscended"/>
        <LifeStart value="105"/>
        <LifeMax value="105"/>
        <LifeArmor value="2"/>
        <Radius value="0.75"/>
        <SeparationRadius value="0.75"/>
        <MinimapRadius value="0.75"/>
        <GlossaryCategory value=""/>
        <GlossaryPriority value="0"/>
        <CostResource index="Custom" value="920"/>
    </CUnit>
    <CUnit id="Fleshrender" parent="DragonArmyAirLight">
        <LifeStart value="45"/>
        <LifeMax value="45"/>
        <Speed value="4.5"/>
        <Acceleration value="9"/>
        <Sight value="9"/>
        <Height value="3.75"/>
        <Food value="-1"/>
        <CostResource index="Minerals" value="50"/>
        <CostResource index="Vespene" value="25"/>
        <KillXP value="15"/>
        <BehaviorArray Link="Negative1Armor"/>
        <BehaviorArray Link="Fleshrender"/>
        <BehaviorArray Link="FleshrenderInfernalEffigy"/>
        <WeaponArray Link="FleshrenderAir"/>
        <WeaponArray Link="FleshrenderGround"/>
        <WeaponArray Link="FleshrenderShred"/>
        <WeaponArray Link="FleshrenderCinderSpike"/>
        <WeaponArray Link="FleshrenderCinderSpikeDummy"/>
        <Radius value="0.375"/>
        <ScoreMake value="75"/>
        <ScoreKill value="75"/>
        <SubgroupPriority value="14"/>
        <MinimapRadius value="0.375"/>
        <GlossaryPriority value="41"/>
        <CardLayouts index="0">
            <LayoutButtons index="5" AbilCmd="AscendedFleshrender,Execute"/>
            <LayoutButtons index="7" AbilCmd="AscendedFleshrenderFission,Execute"/>
            <LayoutButtons index="8" AbilCmd="FleshrenderFission,Execute"/>
            <LayoutButtons Face="FleshrenderKite" Type="Passive" Row="1" Column="0"/>
            <LayoutButtons Face="DragonRetarget" Type="Passive" Row="1" Column="1"/>
            <LayoutButtons Face="FleshrenderInfernalEffigy" Type="Passive" Requirements="Ascended" Row="1" Column="2"/>
        </CardLayouts>
        <GlossaryStrongArray value="VikingFighter"/>
        <GlossaryStrongArray value="Mutalisk"/>
        <GlossaryStrongArray value="VoidRay"/>
        <GlossaryWeakArray value="Marine"/>
        <GlossaryWeakArray value="Corruptor"/>
        <GlossaryWeakArray value="Phoenix"/>
        <AIEvaluateAlias value="Mutalisk"/>
        <SeparationRadius value="0.375"/>
        <AbilArray Link="AscendedFleshrenderFree"/>
        <EditorCategories value="ObjectType:Unit,ObjectFamily:Melee"/>
    </CUnit>
    <CUnit id="AscendedFleshrender" parent="Fleshrender">
        <Name value="Unit/Name/AscendedFleshrender"/>
        <Radius value="0.5"/>
        <MinimapRadius value="0.5"/>
        <GlossaryCategory value=""/>
        <GlossaryPriority value="0"/>
        <Attributes index="Heroic" value="1"/>
        <BehaviorArray Link="DragonAscended"/>
        <LifeStart value="60"/>
        <LifeMax value="60"/>
        <AttackTargetPriority value="21"/>
        <CostResource index="Custom" value="220"/>
        <SeparationRadius value="0.5"/>
    </CUnit>
    <CUnit id="AuroraConduit" parent="DragonArmyAirArmored">
        <LifeStart value="150"/>
        <LifeMax value="150"/>
        <Speed value="2.5"/>
        <Acceleration value="6"/>
        <Sight value="9"/>
        <Height value="3.5"/>
        <Food value="-3"/>
        <CostResource index="Minerals" value="150"/>
        <CostResource index="Vespene" value="150"/>
        <KillXP value="15"/>
        <WeaponArray Link="AuroraConduitNetherShock"/>
        <SeparationRadius value="0.625"/>
        <ScoreMake value="250"/>
        <ScoreKill value="250"/>
        <SubgroupPriority value="15"/>
        <GlossaryPriority value="42"/>
        <CardLayouts index="0">
            <LayoutButtons index="5" AbilCmd="AscendedAuroraConduit,Execute"/>
            <LayoutButtons index="7" AbilCmd="AscendedAuroraConduitFission,Execute"/>
            <LayoutButtons index="8" AbilCmd="AuroraConduitFission,Execute"/>
            <LayoutButtons Face="AuroraConduitNetherShock" Type="Passive" Row="1" Column="1"/>
            <LayoutButtons Face="DragonRetarget" Type="Passive" Row="1" Column="0"/>
        </CardLayouts>
        <Radius value="0.625"/>
        <MinimapRadius value="0.625"/>
        <AIEvaluateAlias value="VoidRay"/>
        <GlossaryStrongArray value="Thor"/>
        <GlossaryStrongArray value="Corruptor"/>
        <GlossaryStrongArray value="Carrier"/>
        <GlossaryWeakArray value="VikingFighter"/>
        <GlossaryWeakArray value="Hydralisk"/>
        <GlossaryWeakArray value="Stalker"/>
        <EditorCategories value="ObjectType:Unit,ObjectFamily:Melee"/>
    </CUnit>
    <CUnit id="AscendedAuroraConduit" parent="AuroraConduit">
        <Name value="Unit/Name/AscendedAuroraConduit"/>
        <Radius value="0.75"/>
        <SeparationRadius value="0.75"/>
        <MinimapRadius value="0.75"/>
        <GlossaryCategory value=""/>
        <GlossaryPriority value="0"/>
        <Attributes index="Heroic" value="1"/>
        <BehaviorArray Link="DragonAscended"/>
        <LifeStart value="180"/>
        <LifeMax value="180"/>
        <WeaponArray index="0" Link="AuroraConduitAscendedNetherShock"/>
        <CostResource index="Custom" value="1020"/>
    </CUnit>
    <CUnit id="BrimstoneDemolisher" parent="DragonArmyGroundArmored">
        <Collide index="ForceField" value="0"/>
        <Attributes index="Psionic" value="1"/>
        <Attributes index="Massive" value="1"/>
        <LifeStart value="390"/>
        <LifeMax value="390"/>
        <LifeArmor value="2"/>
        <Speed value="2.25"/>
        <TurningRate value="360"/>
        <Sight value="11"/>
        <Food value="-6"/>
        <CostResource index="Minerals" value="400"/>
        <CostResource index="Vespene" value="300"/>
        <KillXP value="140"/>
        <WeaponArray Link="BrimstoneDemolisherBrutalThrash"/>
        <WeaponArray Link="BrimstoneDemolisherScorchingBlaze"/>
        <WeaponArray Link="BrimstoneDemolisherScorchingBlazeDummy"/>
        <Radius value="1"/>
        <CargoSize value="8"/>
        <ScoreMake value="700"/>
        <ScoreKill value="700"/>
        <SubgroupPriority value="13"/>
        <MinimapRadius value="1"/>
        <GlossaryPriority value="34"/>
        <Fidget>
            <ChanceArray index="Anim" value="33"/>
            <ChanceArray index="Idle" value="33"/>
            <ChanceArray index="Turn" value="33"/>
        </Fidget>
        <CardLayouts index="0">
            <LayoutButtons index="5" AbilCmd="AscendedBrimstoneDemolisher,Execute"/>
            <LayoutButtons index="7" AbilCmd="AscendedBrimstoneDemolisherFission,Execute"/>
            <LayoutButtons index="8" AbilCmd="BrimstoneDemolisherFission,Execute"/>
            <LayoutButtons Face="BrimstoneDemolisherBrutalThrash" Type="Passive" Row="1" Column="0"/>
            <LayoutButtons Face="BrimstoneDemolisherScorchingBlaze" Type="AbilCmd" AbilCmd="BrimstoneDemolisherScorchingBlaze,Execute" Row="2" Column="0"/>
            <LayoutButtons Face="BrimstoneDemolisherAdaptiveArmor" Type="Passive" Requirements="Ascended" Row="1" Column="1"/>
        </CardLayouts>
        <AIEvaluateAlias value="Ultralisk"/>
        <GlossaryStrongArray value="Marine"/>
        <GlossaryStrongArray value="Zergling"/>
        <GlossaryStrongArray value="Zealot"/>
        <GlossaryWeakArray value="Thor"/>
        <GlossaryWeakArray value="Infestor"/>
        <GlossaryWeakArray value="Immortal"/>
        <EnergyStart value="50"/>
        <EnergyMax value="200"/>
        <EnergyRegenRate value="0.5625"/>
        <AbilArray Link="BrimstoneDemolisherScorchingBlaze"/>
        <BehaviorArray Link="BrimstoneDemolisherScorchingBlaze1"/>
        <SeparationRadius value="1"/>
        <EditorCategories value="ObjectType:Unit,ObjectFamily:Melee"/>
    </CUnit>
    <CUnit id="AscendedBrimstoneDemolisher" parent="BrimstoneDemolisher">
        <Name value="Unit/Name/AscendedBrimstoneDemolisher"/>
        <Radius value="1.25"/>
        <SeparationRadius value="1.25"/>
        <InnerRadius value="1"/>
        <MinimapRadius value="1.25"/>
        <GlossaryCategory value=""/>
        <GlossaryPriority value="0"/>
        <Attributes index="Heroic" value="1"/>
        <LifeStart value="450"/>
        <LifeMax value="450"/>
        <EnergyRegenRate value="1.125"/>
        <BehaviorArray Link="DragonAscended"/>
        <CostResource index="Custom" value="2240"/>
    </CUnit>
    <CUnit id="GenesisPitGreater" parent="GenesisPit">
        <CardLayouts index="0">
            <LayoutButtons Face="Berserker" Type="AbilCmd" AbilCmd="GreaterDeepOneTrain,Train1" Row="0" Column="0"/>
            <LayoutButtons Face="Skyrazer" Type="AbilCmd" AbilCmd="GreaterDeepOneTrain,Train2" Row="0" Column="1"/>
            <LayoutButtons Face="HandofPower" Type="AbilCmd" AbilCmd="GreaterDeepOneTrain,Train3" Row="0" Column="2"/>
            <LayoutButtons Face="BrimstoneDemolisher" Type="AbilCmd" AbilCmd="GreaterDeepOneTrain,Train4" Row="0" Column="3"/>
        </CardLayouts>
        <AbilArray Link="GreaterDeepOneTrain"/>
        <SelectAlias value="GreaterDeepOne"/>
        <SubgroupAlias value="GreaterDeepOne"/>
        <SubgroupPriority value="4"/>
    </CUnit>
    <CUnit id="GenesisPitLesser" parent="GenesisPit">
        <CardLayouts index="0">
            <LayoutButtons Face="Flamespitter" Type="AbilCmd" AbilCmd="LesserDeepOneTrain,Train1" Row="0" Column="0"/>
            <LayoutButtons Face="Hunter" Type="AbilCmd" AbilCmd="LesserDeepOneTrain,Train2" Row="0" Column="1"/>
            <LayoutButtons Face="HornedMagus" Type="AbilCmd" AbilCmd="LesserDeepOneTrain,Train3" Row="0" Column="2"/>
            <LayoutButtons Face="UnseenBeast" Type="AbilCmd" AbilCmd="LesserDeepOneTrain,Train4" Row="0" Column="3"/>
        </CardLayouts>
        <AbilArray Link="LesserDeepOneTrain"/>
        <SelectAlias value="LesserDeepOne"/>
        <SubgroupAlias value="LesserDeepOne"/>
        <SubgroupPriority value="3"/>
    </CUnit>
    <CUnit id="GenesisPitTowering" parent="GenesisPit">
        <CardLayouts index="0">
            <LayoutButtons Face="Fleshrender" Type="AbilCmd" AbilCmd="ToweringDeepOneTrain,Train1" Row="0" Column="0"/>
            <LayoutButtons Face="AuroraConduit" Type="AbilCmd" AbilCmd="ToweringDeepOneTrain,Train2" Row="0" Column="1"/>
            <LayoutButtons Face="Arkwyrm" Type="AbilCmd" AbilCmd="ToweringDeepOneTrain,Train3" Row="0" Column="2"/>
            <LayoutButtons Face="VolcanicHarbinger" Type="AbilCmd" AbilCmd="ToweringDeepOneTrain,Train4" Row="0" Column="3"/>
            <LayoutButtons Face="GrimGlider" Type="AbilCmd" AbilCmd="ToweringDeepOneTrain,Train5" Row="0" Column="4"/>
        </CardLayouts>
        <AbilArray Link="ToweringDeepOneTrain"/>
        <SelectAlias value="ToweringDeepOne"/>
        <SubgroupAlias value="ToweringDeepOne"/>
        <SubgroupPriority value="5"/>
    </CUnit>
    <CUnit id="Skyrazer" parent="DragonArmyGroundArmored">
        <LifeStart value="150"/>
        <LifeMax value="150"/>
        <Speed value="2.5"/>
        <Sight value="11"/>
        <Food value="-3"/>
        <CostResource index="Minerals" value="150"/>
        <CostResource index="Vespene" value="100"/>
        <KillXP value="15"/>
        <Radius value="0.6875"/>
        <CargoSize value="4"/>
        <ScoreMake value="100"/>
        <ScoreKill value="100"/>
        <SubgroupPriority value="12"/>
        <MinimapRadius value="0.6875"/>
        <GlossaryPriority value="32"/>
        <Fidget>
            <ChanceArray index="Anim" value="33"/>
            <ChanceArray index="Idle" value="33"/>
            <ChanceArray index="Turn" value="33"/>
        </Fidget>
        <CardLayouts index="0">
            <LayoutButtons index="5" AbilCmd="AscendedSkyrazer,Execute"/>
            <LayoutButtons index="7" AbilCmd="AscendedSkyrazerFission,Execute"/>
            <LayoutButtons index="8" AbilCmd="SkyrazerFission,Execute"/>
            <LayoutButtons Face="DragonRetarget" Type="Passive" Row="1" Column="0"/>
            <LayoutButtons Face="SkyrazerEmberCore" Type="Passive" Requirements="SkyrazerEmberCore" Row="1" Column="1"/>
        </CardLayouts>
        <BehaviorArray Link="Skyrazer1"/>
        <BehaviorArray Link="Skyrazer2"/>
        <BehaviorArray Link="Skyrazer3"/>
        <WeaponArray Link="SkyrazerSuperiorBlast"/>
        <WeaponArray Link="SkyrazerSavageClaws"/>
        <WeaponArray Link="SkyrazerInferiorBlast"/>
        <GlossaryStrongArray value="Banshee"/>
        <GlossaryStrongArray value="Mutalisk"/>
        <GlossaryStrongArray value="VoidRay"/>
        <AIEvaluateAlias value="Hydralisk"/>
        <GlossaryWeakArray value="Marauder"/>
        <GlossaryWeakArray value="Roach"/>
        <GlossaryWeakArray value="Immortal"/>
        <SeparationRadius value="0.6875"/>
        <LifeArmor value="1"/>
        <EditorCategories value="ObjectType:Unit,ObjectFamily:Melee"/>
    </CUnit>
    <CUnit id="AscendedSkyrazer" parent="Skyrazer">
        <Name value="Unit/Name/AscendedSkyrazer"/>
        <Attributes index="Heroic" value="1"/>
        <BehaviorArray index="1" Link="SkyrazerAscended1"/>
        <BehaviorArray index="2" Link="SkyrazerAscended2"/>
        <BehaviorArray index="3" Link="SkyrazerAscended3"/>
        <BehaviorArray Link="DragonAscended"/>
        <Radius value="0.8125"/>
        <SeparationRadius value="0.8125"/>
        <MinimapRadius value="0.8125"/>
        <GlossaryCategory value=""/>
        <GlossaryPriority value="0"/>
        <LifeStart value="180"/>
        <LifeMax value="180"/>
        <WeaponArray index="0" Link="SkyrazerAscendedSuperiorBlast"/>
        <WeaponArray index="2" Link="SkyrazerAscendedInferiorBlast"/>
        <CostResource index="Custom" value="780"/>
    </CUnit>
    <CUnit id="PhlogistonGuardianAttackMissile" parent="MISSILE">
        <Race value="Dragon"/>
        <EditorCategories value="ObjectType:Projectile,ObjectFamily:Melee"/>
    </CUnit>
    <CUnit id="SunkenGuardian" parent="DragonStructure">
        <Facing value="45"/>
        <LifeStart value="300"/>
        <LifeMax value="300"/>
        <Sight value="11"/>
        <CostResource index="Minerals" value="150"/>
        <AttackTargetPriority value="20"/>
        <AbilArray Link="stop"/>
        <AbilArray Link="attack"/>
        <WeaponArray Link="SunkenGuardianImpale1" Turret="SunkenGuardian"/>
        <CardLayouts index="0">
            <LayoutButtons Face="Stop" Type="AbilCmd" AbilCmd="stop,Stop" Row="0" Column="1"/>
            <LayoutButtons Face="AttackBuilding" Type="AbilCmd" AbilCmd="attack,Execute" Row="0" Column="4"/>
        </CardLayouts>
        <Radius value="1"/>
        <Footprint value="Footprint2x2Contour"/>
        <PlacementFootprint value="Footprint2x2"/>
        <ScoreMake value="150"/>
        <ScoreKill value="150"/>
        <SubgroupPriority value="10"/>
        <MinimapRadius value="1"/>
        <EquipmentArray Weapon="SunkenGuardianImpale"/>
        <GlossaryCategory value="Unit/Category/DragonUnits"/>
        <KillDisplay value="Always"/>
        <RankDisplay value="Always"/>
        <SeparationRadius value="1"/>
        <GlossaryPriority value="51"/>
        <GlossaryStrongArray value="Marine"/>
        <GlossaryStrongArray value="Zergling"/>
        <GlossaryStrongArray value="Zealot"/>
        <GlossaryWeakArray value="Marauder"/>
        <GlossaryWeakArray value="Baneling"/>
        <GlossaryWeakArray value="Immortal"/>
        <LifeArmor value="2"/>
    </CUnit>
    <CUnit id="FleshrenderAttackMissile" parent="MISSILE">
        <Race value="Dragon"/>
        <EditorCategories value="ObjectType:Projectile,ObjectFamily:Melee"/>
    </CUnit>
    <CUnit id="DeepOne4x4">
        <Race value="Dragon"/>
        <FlagArray index="Unselectable" value="1"/>
        <FlagArray index="Untargetable" value="1"/>
        <FlagArray index="NoDraw" value="1"/>
        <FlagArray index="KillCredit" value="0"/>
        <FlagArray index="Invulnerable" value="1"/>
        <FlagArray index="NoScore" value="1"/>
        <FlagArray index="NoDeathEvent" value="1"/>
        <Footprint value="DeepOne4x4"/>
        <EditorCategories value="ObjectType:Other,ObjectFamily:Melee"/>
        <Collide index="Burrow" value="1"/>
        <Collide index="Ground" value="1"/>
        <Collide index="Structure" value="1"/>
        <Collide index="RoachBurrow" value="1"/>
        <Collide index="ForceField" value="1"/>
    </CUnit>
    <CUnit id="DenizenoftheDeep" parent="DragonDeepOne">
        <Facing value="90"/>
        <FlagArray index="PreventReveal" value="1"/>
        <FlagArray index="TownCamera" value="1"/>
        <ResourceDropOff index="Minerals" value="1"/>
        <ResourceDropOff index="Vespene" value="1"/>
        <ResourceDropOff index="Terrazine" value="1"/>
        <ResourceDropOff index="Custom" value="1"/>
        <LifeStart value="2000"/>
        <LifeMax value="2000"/>
        <Sight value="11"/>
        <Food value="8"/>
        <CostCategory value="Economy"/>
        <CostResource index="Minerals" value="400"/>
        <AbilArray index="3" Link="DenizenoftheDeepRally"/>
        <AbilArray Link="DenizenoftheDeepCrystalize"/>
        <AbilArray Link="DenizenoftheDeepLiquify"/>
        <CardLayouts index="0">
            <LayoutButtons index="3" Face="Rally" Type="AbilCmd" AbilCmd="DenizenoftheDeepRally,Rally1" Row="1" Column="4"/>
            <LayoutButtons Face="Cancel" Type="AbilCmd" AbilCmd="DenizenoftheDeepBuild,Halt" Row="2" Column="4"/>
            <LayoutButtons Face="Plodder" Type="AbilCmd" AbilCmd="DenizenoftheDeepTrain,Train1" Row="0" Column="0"/>
            <LayoutButtons Face="Razorback" Type="AbilCmd" AbilCmd="DenizenoftheDeepBuild,Build1" Row="2" Column="0"/>
            <LayoutButtons Face="Coagulater" Type="AbilCmd" AbilCmd="DenizenoftheDeepBuild,Build2" Row="2" Column="1"/>
            <LayoutButtons Face="DenizenoftheDeepCrystalize" Type="AbilCmd" AbilCmd="DenizenoftheDeepCrystalize,Execute" Row="1" Column="0"/>
            <LayoutButtons Face="DenizenoftheDeepLiquify" Type="AbilCmd" AbilCmd="DenizenoftheDeepLiquify,Execute" Row="1" Column="1"/>
        </CardLayouts>
        <Radius value="2.5"/>
        <SeparationRadius value="2.5"/>
        <Footprint value="Footprint5x5Contour"/>
        <PlacementFootprint value="Footprint5x5DropOff"/>
        <ScoreMake value="400"/>
        <ScoreKill value="400"/>
        <SubgroupPriority value="2"/>
        <GlossaryPriority value="10"/>
        <MinimapRadius value="2.5"/>
        <TechTreeProducedUnitArray value="Plodder"/>
        <TechTreeProducedUnitArray value="Razorback"/>
    </CUnit>
    <CUnit id="DeepOne5x5">
        <Race value="Dragon"/>
        <FlagArray index="Unselectable" value="1"/>
        <FlagArray index="Untargetable" value="1"/>
        <FlagArray index="NoDraw" value="1"/>
        <FlagArray index="KillCredit" value="0"/>
        <FlagArray index="Invulnerable" value="1"/>
        <FlagArray index="NoScore" value="1"/>
        <FlagArray index="NoDeathEvent" value="1"/>
        <Footprint value="DeepOne5x5"/>
        <EditorCategories value="ObjectType:Other,ObjectFamily:Melee"/>
        <Collide index="Burrow" value="1"/>
        <Collide index="Ground" value="1"/>
        <Collide index="Structure" value="1"/>
        <Collide index="RoachBurrow" value="1"/>
        <Collide index="ForceField" value="1"/>
    </CUnit>
    <CUnit id="DeepOne3x3">
        <Race value="Dragon"/>
        <FlagArray index="Unselectable" value="1"/>
        <FlagArray index="Untargetable" value="1"/>
        <FlagArray index="NoDraw" value="1"/>
        <FlagArray index="KillCredit" value="0"/>
        <FlagArray index="Invulnerable" value="1"/>
        <FlagArray index="NoScore" value="1"/>
        <FlagArray index="NoDeathEvent" value="1"/>
        <Footprint value="DeepOne3x3"/>
        <EditorCategories value="ObjectType:Other,ObjectFamily:Melee"/>
        <Collide index="Burrow" value="1"/>
        <Collide index="Ground" value="1"/>
        <Collide index="Structure" value="1"/>
        <Collide index="RoachBurrow" value="1"/>
        <Collide index="ForceField" value="1"/>
        <LifeArmorName value="UI/HelpMenuDialogTechGlossary_Control_Unit/Category/DragonUnits"/>
    </CUnit>
    <CUnit id="Coagulater" parent="DragonStructure">
        <Facing value="315"/>
        <ResourceState value="Harvestable"/>
        <ResourceType value="Vespene"/>
        <LifeStart value="750"/>
        <LifeMax value="750"/>
        <Sight value="9"/>
        <CostCategory value="Economy"/>
        <CostResource index="Minerals" value="75"/>
        <BehaviorArray Link="HarvestableVespeneGeyserGasZerg"/>
        <Footprint value="FootprintGeyserRoundedBuilt"/>
        <PlacementFootprint value="Footprint3x3CappedGeyser"/>
        <BuiltOn value="VespeneGeyser"/>
        <BuiltOn value="SpacePlatformGeyser"/>
        <BuiltOn value="RichVespeneGeyser"/>
        <BuiltOn value="ProtossVespeneGeyser"/>
        <BuiltOn value="PurifierVespeneGeyser"/>
        <BuiltOn value="ShakurasVespeneGeyser"/>
        <BuildOnAs value="CoagulaterRich"/>
        <ScoreMake value="75"/>
        <ScoreKill value="75"/>
        <FlagArray index="Turnable" value="0"/>
        <AbilArray Link="AugmentationPit"/>
        <GlossaryPriority value="20"/>
    </CUnit>
    <CUnit id="DragonBuildMissile" parent="MISSILE_INVULNERABLE">
        <Race value="Dragon"/>
        <EditorCategories value="ObjectType:Projectile,ObjectFamily:Melee"/>
    </CUnit>
    <CUnit id="GrimGlider" parent="DragonArmyAirLight">
        <FlagArray index="Cloaked" value="1"/>
        <Attributes index="Psionic" value="1"/>
        <Attributes index="Massive" value="1"/>
        <LifeStart value="150"/>
        <LifeMax value="150"/>
        <Speed value="1"/>
        <Acceleration value="1"/>
        <Sight value="11"/>
        <Height value="3"/>
        <Food value="-4"/>
        <CostResource index="Minerals" value="100"/>
        <CostResource index="Vespene" value="300"/>
        <KillXP value="15"/>
        <BehaviorArray Link="Detector11"/>
        <Radius value="1"/>
        <SeparationRadius value="1"/>
        <ScoreMake value="100"/>
        <ScoreKill value="100"/>
        <SubgroupPriority value="17"/>
        <MinimapRadius value="1"/>
        <GlossaryPriority value="45"/>
        <Fidget>
            <ChanceArray index="Anim" value="33"/>
            <ChanceArray index="Idle" value="33"/>
            <ChanceArray index="Turn" value="33"/>
        </Fidget>
        <AbilArray index="2" Link="GrimGliderMortalitysEclipse"/>
        <AIOverideTargetPriority value="21"/>
        <CardLayouts index="0">
            <LayoutButtons index="5" AbilCmd="AscendedGrimGlider,Execute"/>
            <LayoutButtons index="7" AbilCmd="AscendedGrimGliderFission,Execute"/>
            <LayoutButtons index="8" AbilCmd="GrimGliderFission,Execute"/>
            <LayoutButtons Face="AcquireMove" AbilCmd="move,AcquireMove" Row="0" Column="0"/>
            <LayoutButtons Face="AcquireMove" Type="AbilCmd" AbilCmd="move,AcquireMove" Row="0" Column="4"/>
            <LayoutButtons Face="GrimGliderPermanentlyCloaked" Type="Passive" Row="1" Column="0"/>
            <LayoutButtons Face="Detector" Type="Passive" Row="1" Column="1"/>
            <LayoutButtons Face="GrimGliderWraithNight" Type="Passive" Requirements="GrimGliderWraithNight" Row="1" Column="2"/>
            <LayoutButtons Face="GrimGliderMortalitysEclipseActivate" Type="AbilCmd" AbilCmd="GrimGliderMortalitysEclipse,On" Row="2" Column="0"/>
            <LayoutButtons Face="GrimGliderMortalitysEclipseDeactivate" Type="AbilCmd" AbilCmd="GrimGliderMortalitysEclipse,Off" Row="2" Column="1"/>
        </CardLayouts>
        <EnergyStart value="50"/>
        <EnergyMax value="200"/>
        <EnergyRegenRate value="0.5625"/>
        <AIEvaluateAlias value="Raven"/>
        <GlossaryWeakArray value="Raven"/>
        <GlossaryWeakArray value="Overseer"/>
        <GlossaryWeakArray value="Observer"/>
        <EditorCategories value="ObjectType:Unit,ObjectFamily:Melee"/>
    </CUnit>
    <CUnit id="AscendedGrimGlider" parent="GrimGlider">
        <Name value="Unit/Name/AscendedGrimGlider"/>
        <Attributes index="Heroic" value="1"/>
        <LifeStart value="195"/>
        <LifeMax value="195"/>
        <EnergyRegenRate value="1.6875"/>
        <Speed value="1.5"/>
        <BehaviorArray Link="DragonAscended"/>
        <Radius value="1.25"/>
        <SeparationRadius value="1.25"/>
        <MinimapRadius value="1.25"/>
        <GlossaryCategory value=""/>
        <GlossaryPriority value="0"/>
        <CostResource index="Custom" value="1640"/>
    </CUnit>
    <CUnit id="HandofPower" parent="DragonArmyGroundArmored">
        <LifeStart value="90"/>
        <LifeMax value="90"/>
        <EnergyStart value="50"/>
        <EnergyMax value="200"/>
        <EnergyRegenRate value="0.5625"/>
        <Speed value="2.5"/>
        <Sight value="11"/>
        <Food value="-3"/>
        <CostResource index="Minerals" value="50"/>
        <CostResource index="Vespene" value="150"/>
        <KillXP value="15"/>
        <AbilArray index="2" Link="HandofPowerCrushingGravity"/>
        <AbilArray Link="HandofPowerFrenzy"/>
        <AbilArray Link="HandofPowerPortalEntrance"/>
        <AbilArray Link="HandofPowerPortalExit"/>
        <BehaviorArray Link="Detector11"/>
        <CardLayouts index="0">
            <LayoutButtons index="5" AbilCmd="AscendedHandofPower,Execute"/>
            <LayoutButtons index="7" AbilCmd="AscendedHandofPowerFission,Execute"/>
            <LayoutButtons index="8" AbilCmd="HandofPowerFission,Execute"/>
            <LayoutButtons Face="AcquireMove" Type="AbilCmd" AbilCmd="move,AcquireMove" Row="0" Column="4"/>
            <LayoutButtons Face="HandofPowerCrushingGravity" Type="AbilCmd" AbilCmd="HandofPowerCrushingGravity,Execute" Row="2" Column="0"/>
            <LayoutButtons Face="HandofPowerFrenzy" Type="AbilCmd" AbilCmd="HandofPowerFrenzy,Execute" Row="2" Column="1"/>
            <LayoutButtons Face="HandofPowerPortalEntrance" Type="AbilCmd" AbilCmd="HandofPowerPortalEntrance,Execute" Row="2" Column="2"/>
            <LayoutButtons Face="HandofPowerPortalExit" Type="AbilCmd" AbilCmd="HandofPowerPortalExit,Execute" Row="2" Column="3"/>
            <LayoutButtons Face="Detector" Type="Passive" Row="1" Column="0"/>
        </CardLayouts>
        <Radius value="0.875"/>
        <CargoSize value="4"/>
        <ScoreMake value="100"/>
        <ScoreKill value="100"/>
        <SubgroupPriority value="20"/>
        <MinimapRadius value="0.875"/>
        <GlossaryPriority value="33"/>
        <AIEvaluateAlias value="HighTemplar"/>
        <GlossaryStrongArray value="Banshee"/>
        <GlossaryStrongArray value="Mutalisk"/>
        <GlossaryStrongArray value="VoidRay"/>
        <GlossaryWeakArray value="HighTemplar"/>
        <GlossaryWeakArray value="Ultralisk"/>
        <GlossaryWeakArray value="Ghost"/>
        <Attributes index="Psionic" value="1"/>
        <SeparationRadius value="0.875"/>
        <EditorCategories value="ObjectType:Unit,ObjectFamily:Melee"/>
    </CUnit>
    <CUnit id="AscendedHandofPower" parent="HandofPower">
        <Name value="Unit/Name/AscendedHandofPower"/>
        <Attributes index="Heroic" value="1"/>
        <LifeStart value="165"/>
        <LifeMax value="165"/>
        <EnergyRegenRate value="1.125"/>
        <BehaviorArray Link="DragonAscended"/>
        <Radius value="1"/>
        <MinimapRadius value="1"/>
        <SeparationRadius value="1"/>
        <GlossaryCategory value=""/>
        <GlossaryPriority value="0"/>
        <CostResource index="Custom" value="820"/>
    </CUnit>
    <CUnit id="PhlogistonGuardian" parent="DragonStructure">
        <Facing value="90"/>
        <LifeStart value="300"/>
        <LifeMax value="300"/>
        <Sight value="11"/>
        <CostResource index="Minerals" value="150"/>
        <AttackTargetPriority value="20"/>
        <AbilArray Link="stop"/>
        <AbilArray Link="attack"/>
        <BehaviorArray Link="Detector11"/>
        <WeaponArray Link="PhlogistonGuardianFulmination" Turret="SunkenGuardian"/>
        <CardLayouts index="0">
            <LayoutButtons Face="Stop" Type="AbilCmd" AbilCmd="stop,Stop" Row="0" Column="1"/>
            <LayoutButtons Face="AttackBuilding" Type="AbilCmd" AbilCmd="attack,Execute" Row="0" Column="4"/>
            <LayoutButtons Face="Detector" Type="Passive" Row="1" Column="0"/>
            <LayoutButtons Face="DragonRetarget" Type="Passive" Row="1" Column="1"/>
        </CardLayouts>
        <Radius value="1"/>
        <Footprint value="Footprint2x2Contour"/>
        <PlacementFootprint value="Footprint2x2"/>
        <ScoreMake value="150"/>
        <ScoreKill value="150"/>
        <SubgroupPriority value="11"/>
        <MinimapRadius value="1"/>
        <GlossaryCategory value="Unit/Category/DragonUnits"/>
        <KillDisplay value="Always"/>
        <RankDisplay value="Always"/>
        <SeparationRadius value="1"/>
        <GlossaryPriority value="52"/>
        <GlossaryStrongArray value="Banshee"/>
        <GlossaryStrongArray value="Mutalisk"/>
        <GlossaryStrongArray value="VoidRay"/>
        <GlossaryWeakArray value="Marine"/>
        <GlossaryWeakArray value="Zergling"/>
        <GlossaryWeakArray value="Zealot"/>
    </CUnit>
    <CUnit id="SunkenGuardianAttackMissile" parent="MISSILE_INVULNERABLE">
        <Race value="Dragon"/>
        <BehaviorArray Link="SunkenGuardianCracksModel"/>
        <EditorCategories value="ObjectType:Projectile,ObjectFamily:Melee"/>
    </CUnit>
    <CUnit id="LesserDeepOne" parent="DragonDeepOne">
        <LifeStart value="1500"/>
        <LifeMax value="1500"/>
        <Sight value="9"/>
        <CostResource index="Minerals" value="150"/>
        <CardLayouts index="0">
            <LayoutButtons Face="Cancel" Type="AbilCmd" AbilCmd="LesserDeepOneBuild,Halt" Row="2" Column="4"/>
            <LayoutButtons Face="Flamespitter" Type="AbilCmd" AbilCmd="LesserDeepOneTrain,Train1" Row="0" Column="0"/>
            <LayoutButtons Face="Hunter" Type="AbilCmd" AbilCmd="LesserDeepOneTrain,Train2" Row="0" Column="1"/>
            <LayoutButtons Face="HornedMagus" Type="AbilCmd" AbilCmd="LesserDeepOneTrain,Train3" Row="0" Column="2"/>
            <LayoutButtons Face="UnseenBeast" Type="AbilCmd" AbilCmd="LesserDeepOneTrain,Train4" Row="0" Column="3"/>
            <LayoutButtons Face="GenesisPitLesser" Type="AbilCmd" AbilCmd="LesserDeepOneBuild,Build1" Row="2" Column="0"/>
            <LayoutButtons Face="AugmentationPitLesser" Type="AbilCmd" AbilCmd="LesserDeepOneBuild,Build2" Row="2" Column="1"/>
        </CardLayouts>
        <Footprint value="Footprint3x3Contour"/>
        <PlacementFootprint value="Footprint3x3"/>
        <ScoreMake value="150"/>
        <ScoreKill value="150"/>
        <SubgroupPriority value="3"/>
        <GlossaryPriority value="21"/>
        <TechTreeProducedUnitArray value="Plodder"/>
        <TechTreeProducedUnitArray value="Razorback"/>
    </CUnit>
    <CUnit id="SkyrazerAttackMissile" parent="MISSILE">
        <Race value="Dragon"/>
        <EditorCategories value="ObjectType:Projectile,ObjectFamily:Melee"/>
    </CUnit>
    <CUnit id="FrontierDeepOne" parent="DragonStructure">
        <LifeStart value="750"/>
        <LifeMax value="750"/>
        <EnergyStart value="50"/>
        <EnergyMax value="200"/>
        <EnergyRegenRate value="0.5625"/>
        <Sight value="9"/>
        <CostResource index="Minerals" value="100"/>
        <AbilArray Link="FrontierDeepOneInvigorate"/>
        <AbilArray Link="FrontierDeepOneBuild"/>
        <CardLayouts index="0">
            <LayoutButtons Face="Cancel" Type="AbilCmd" AbilCmd="FrontierDeepOneBuild,Halt" Row="2" Column="4"/>
            <LayoutButtons Face="Razorback" Type="AbilCmd" AbilCmd="FrontierDeepOneBuild,Build1" Row="0" Column="0"/>
            <LayoutButtons Face="AugmentationPitFrontier" Type="AbilCmd" AbilCmd="FrontierDeepOneBuild,Build2" Row="0" Column="1"/>
            <LayoutButtons Face="SunkenGuardian" Type="AbilCmd" AbilCmd="FrontierDeepOneBuild,Build3" Row="0" Column="2"/>
            <LayoutButtons Face="FrontierDeepOneActivateInvigorate" Type="AbilCmd" AbilCmd="FrontierDeepOneInvigorate,Execute" Row="2" Column="0"/>
            <LayoutButtons Face="Halt" Type="AbilCmd" AbilCmd="BuildInProgress,Halt" Row="2" Column="3"/>
            <LayoutButtons Face="PhlogistonGuardian" Type="AbilCmd" AbilCmd="FrontierDeepOneBuild,Build4" Row="0" Column="3"/>
        </CardLayouts>
        <Radius value="1"/>
        <Footprint value="Footprint2x2Contour"/>
        <PlacementFootprint value="Footprint2x2"/>
        <ScoreMake value="100"/>
        <ScoreKill value="100"/>
        <MinimapRadius value="1"/>
        <GlossaryPriority value="15"/>
        <SeparationRadius value="1"/>
        <SubgroupPriority value="2"/>
        <BehaviorArray index="0" Link="DragonLineageGreater"/>
    </CUnit>
    <CUnit id="DenizenoftheDeepNoFootprint" parent="DenizenoftheDeep">
        <Footprint value=""/>
        <EditorFlags index="NoPlacement" value="1"/>
        <BehaviorArray Link="DeepOne5x5"/>
    </CUnit>
    <CUnit id="DragonTrainMissile" parent="MISSILE_INVULNERABLE">
        <Race value="Dragon"/>
        <EditorCategories value="ObjectType:Projectile,ObjectFamily:Melee"/>
    </CUnit>
    <CUnit id="HandofPowerPortalEntranceUnit">
        <DeathRevealRadius value="0"/>
        <DeathRevealDuration value="0"/>
        <Race value="Dragon"/>
        <FlagArray index="Unselectable" value="1"/>
        <FlagArray index="Untargetable" value="1"/>
        <FlagArray index="KillCredit" value="0"/>
        <FlagArray index="Invulnerable" value="1"/>
        <FlagArray index="NoScore" value="1"/>
        <Height value="0.5"/>
        <BehaviorArray Link="HandofPowerPortal"/>
        <Radius value="0"/>
        <SeparationRadius value="0"/>
        <MinimapRadius value="0"/>
        <EditorCategories value="ObjectType:Other,ObjectFamily:Melee"/>
    </CUnit>
    <CUnit id="GreaterDeepOne" parent="DragonDeepOne">
        <LifeStart value="1500"/>
        <LifeMax value="1500"/>
        <Sight value="9"/>
        <CostResource index="Minerals" value="150"/>
        <CostResource index="Vespene" value="100"/>
        <CardLayouts index="0">
            <LayoutButtons Face="Cancel" Type="AbilCmd" AbilCmd="GreaterDeepOneBuild,Halt" Row="2" Column="4"/>
            <LayoutButtons Face="Berserker" Type="AbilCmd" AbilCmd="GreaterDeepOneTrain,Train1" Row="0" Column="0"/>
            <LayoutButtons Face="Skyrazer" Type="AbilCmd" AbilCmd="GreaterDeepOneTrain,Train2" Row="0" Column="1"/>
            <LayoutButtons Face="HandofPower" Type="AbilCmd" AbilCmd="GreaterDeepOneTrain,Train3" Row="0" Column="2"/>
            <LayoutButtons Face="BrimstoneDemolisher" Type="AbilCmd" AbilCmd="GreaterDeepOneTrain,Train4" Row="0" Column="3"/>
            <LayoutButtons Face="GenesisPitGreater" Type="AbilCmd" AbilCmd="GreaterDeepOneBuild,Build1" Row="2" Column="0"/>
            <LayoutButtons Face="AugmentationPitGreater" Type="AbilCmd" AbilCmd="GreaterDeepOneBuild,Build2" Row="2" Column="1"/>
        </CardLayouts>
        <Radius value="2"/>
        <SeparationRadius value="2"/>
        <Footprint value="Footprint4x4Contour"/>
        <PlacementFootprint value="Footprint4x4"/>
        <ScoreMake value="250"/>
        <ScoreKill value="250"/>
        <SubgroupPriority value="4"/>
        <MinimapRadius value="2"/>
        <GlossaryPriority value="23"/>
        <TechTreeProducedUnitArray value="Plodder"/>
        <TechTreeProducedUnitArray value="Razorback"/>
    </CUnit>
    <CUnit id="ToweringDeepOne" parent="DragonDeepOne">
        <LifeStart value="1500"/>
        <LifeMax value="1500"/>
        <Sight value="9"/>
        <CostResource index="Minerals" value="150"/>
        <CostResource index="Vespene" value="100"/>
        <CardLayouts index="0">
            <LayoutButtons Face="Cancel" Type="AbilCmd" AbilCmd="ToweringDeepOneBuild,Halt" Row="2" Column="4"/>
            <LayoutButtons Face="Fleshrender" Type="AbilCmd" AbilCmd="ToweringDeepOneTrain,Train1" Row="0" Column="0"/>
            <LayoutButtons Face="AuroraConduit" Type="AbilCmd" AbilCmd="ToweringDeepOneTrain,Train2" Row="0" Column="1"/>
            <LayoutButtons Face="Arkwyrm" Type="AbilCmd" AbilCmd="ToweringDeepOneTrain,Train3" Row="0" Column="2"/>
            <LayoutButtons Face="VolcanicHarbinger" Type="AbilCmd" AbilCmd="ToweringDeepOneTrain,Train4" Row="0" Column="3"/>
            <LayoutButtons Face="GrimGlider" Type="AbilCmd" AbilCmd="ToweringDeepOneTrain,Train5" Row="0" Column="4"/>
            <LayoutButtons Face="GenesisPitTowering" Type="AbilCmd" AbilCmd="ToweringDeepOneBuild,Build1" Row="2" Column="0"/>
            <LayoutButtons Face="AugmentationPitTowering" Type="AbilCmd" AbilCmd="ToweringDeepOneBuild,Build2" Row="2" Column="1"/>
        </CardLayouts>
        <Footprint value="Footprint3x3Contour"/>
        <PlacementFootprint value="Footprint3x3"/>
        <ScoreMake value="250"/>
        <ScoreKill value="250"/>
        <GlossaryPriority value="24"/>
        <SubgroupPriority value="5"/>
        <TechTreeProducedUnitArray value="Plodder"/>
        <TechTreeProducedUnitArray value="Razorback"/>
    </CUnit>
    <CUnit id="HandofPowerPortalExitUnit">
        <DeathRevealRadius value="0"/>
        <DeathRevealDuration value="0"/>
        <Race value="Dragon"/>
        <FlagArray index="Unselectable" value="1"/>
        <FlagArray index="Untargetable" value="1"/>
        <FlagArray index="KillCredit" value="0"/>
        <FlagArray index="Invulnerable" value="1"/>
        <FlagArray index="NoScore" value="1"/>
        <Height value="0.5"/>
        <BehaviorArray Link="HandofPowerPortalActive"/>
        <Radius value="0"/>
        <SeparationRadius value="0"/>
        <MinimapRadius value="0"/>
        <EditorCategories value="ObjectType:Other,ObjectFamily:Melee"/>
    </CUnit>
    <CUnit id="Arkwyrm" parent="DragonArmyAirArmored">
        <LifeStart value="225"/>
        <LifeMax value="225"/>
        <LifeArmor value="2"/>
        <Speed value="2.5"/>
        <Sight value="11"/>
        <Height value="3"/>
        <Food value="-2"/>
        <CostResource index="Minerals" value="150"/>
        <KillXP value="15"/>
        <AbilArray index="2" Link="ArkwyrmTransport"/>
        <AbilArray Link="DragonTrain"/>
        <AbilArray Link="ArkwyrmUnload"/>
        <CardLayouts index="0">
            <LayoutButtons index="5" AbilCmd="AscendedArkwyrm,Execute"/>
            <LayoutButtons index="7" AbilCmd="AscendedArkwyrmFission,Execute"/>
            <LayoutButtons index="8" AbilCmd="ArkwyrmFission,Execute"/>
            <LayoutButtons Face="AcquireMove" AbilCmd="move,AcquireMove" Row="0" Column="0"/>
            <LayoutButtons Face="AcquireMove" Type="AbilCmd" AbilCmd="move,AcquireMove" Row="0" Column="4"/>
            <LayoutButtons Face="ArcwyrmLoad" Type="AbilCmd" AbilCmd="ArkwyrmTransport,Load" Row="2" Column="0"/>
            <LayoutButtons Face="ArkwyrmUnloadAll" Type="AbilCmd" AbilCmd="ArkwyrmUnload,Execute" Row="2" Column="1"/>
        </CardLayouts>
        <Radius value="1"/>
        <SeparationRadius value="1"/>
        <ScoreMake value="100"/>
        <ScoreKill value="100"/>
        <SubgroupPriority value="18"/>
        <MinimapRadius value="1"/>
        <GlossaryPriority value="43"/>
        <AIEvaluateAlias value="WarpPrism"/>
        <Fidget>
            <ChanceArray index="Anim" value="33"/>
            <ChanceArray index="Idle" value="33"/>
            <ChanceArray index="Turn" value="33"/>
        </Fidget>
        <EditorCategories value="ObjectType:Unit,ObjectFamily:Melee"/>
    </CUnit>
    <CUnit id="AscendedArkwyrm" parent="Arkwyrm">
        <Name value="Unit/Name/AscendedArkwyrm"/>
        <Radius value="1.25"/>
        <SeparationRadius value="1.25"/>
        <MinimapRadius value="1.25"/>
        <GlossaryCategory value=""/>
        <GlossaryPriority value="0"/>
        <Attributes index="Heroic" value="1"/>
        <BehaviorArray Link="DragonAscended"/>
        <LifeStart value="300"/>
        <LifeMax value="300"/>
        <LifeArmor value="3"/>
        <Speed value="3"/>
        <CostResource index="Custom" value="300"/>
        <ScoreMake value="150"/>
        <ScoreKill value="150"/>
    </CUnit>
    <CUnit id="GreaterDeepOneNoFootprint" parent="GreaterDeepOne">
        <Footprint value=""/>
        <EditorFlags index="NoPlacement" value="1"/>
        <AbilArray index="7" removed="1"/>
        <BehaviorArray Link="DeepOne4x4"/>
    </CUnit>
    <CUnit id="LesserDeepOneNoFootprint" parent="LesserDeepOne">
        <Footprint value=""/>
        <EditorFlags index="NoPlacement" value="1"/>
        <AbilArray index="7" removed="1"/>
        <BehaviorArray Link="DeepOne3x3"/>
    </CUnit>
    <CUnit id="Plodder" parent="DragonUnit">
        <FlagArray index="Worker" value="1"/>
        <FlagArray index="UseLineOfSight" value="1"/>
        <DefaultAcquireLevel value="Defensive"/>
        <Attributes index="Light" value="1"/>
        <LifeStart value="35"/>
        <LifeMax value="35"/>
        <LifeArmor value="1"/>
        <Speed value="2.8125"/>
        <Acceleration value="2.5"/>
        <LateralAcceleration value="46.0625"/>
        <Sight value="8"/>
        <Food value="-1"/>
        <CostResource index="Minerals" value="50"/>
        <KillXP value="10"/>
        <AbilArray Link="PlodderBuild"/>
        <!--        <AbilArray Link="PlodderHarvest"/>-->
        <AbilArray Link="DroneHarvest"/>
        <WeaponArray Link="PlodderPincer"/>
        <CardLayouts index="0">
            <LayoutButtons index="5" Face="AscendedPlodder" Type="AbilCmd" AbilCmd="AscendedPlodder,Execute" Row="1" Column="4"/>
            <LayoutButtons index="7" Face="DragonFission" Type="AbilCmd" AbilCmd="AscendedPlodderFission,Execute" Row="1" Column="3"/>
            <LayoutButtons index="8" Face="DragonFission" Type="AbilCmd" AbilCmd="PlodderFission,Execute" Row="1" Column="3"/>
            <LayoutButtons Face="PlodderGather" Type="AbilCmd" AbilCmd="DroneHarvest,Gather" Row="1" Column="0"/>
            <LayoutButtons Face="ReturnCargo" Type="AbilCmd" AbilCmd="DroneHarvest,Return" Row="1" Column="1"/>
            <LayoutButtons>
                <Face value="UnearthDeepOne"/>
                <Type value="Submenu"/>
                <AbilCmd value="PlodderBuild,Build1"/>
                <SubmenuCardId value="2"/>
                <Row value="2"/>
                <Column value="0"/>
            </LayoutButtons>
        </CardLayouts>
        <CardLayouts CardId="2">
            <LayoutButtons Face="DenizenoftheDeep" Type="AbilCmd" AbilCmd="PlodderBuild,Build1" Row="0" Column="0"/>
            <LayoutButtons Face="LesserDeepOne" Type="AbilCmd" AbilCmd="PlodderBuild,Build3" Row="1" Column="0"/>
            <LayoutButtons Face="GreaterDeepOne" Type="AbilCmd" AbilCmd="PlodderBuild,Build4" Row="1" Column="1"/>
            <LayoutButtons Face="ToweringDeepOne" Type="AbilCmd" AbilCmd="PlodderBuild,Build5" Row="1" Column="2"/>
            <LayoutButtons Face="FrontierDeepOne" Type="AbilCmd" AbilCmd="PlodderBuild,Build2" Row="0" Column="1"/>
            <LayoutButtons Face="Cancel" Type="CancelSubmenu" Row="2" Column="4"/>
        </CardLayouts>
        <Radius value="0.375"/>
        <CargoSize value="1"/>
        <ScoreMake value="50"/>
        <ScoreKill value="50"/>
        <SubgroupPriority value="7"/>
        <MinimapRadius value="0.375"/>
        <GlossaryPriority value="11"/>
        <KillDisplay value="Always"/>
        <RankDisplay value="Always"/>
        <LifeArmorName value="Unit/LifeArmorName/DragonLightArmor"/>
        <AIEvaluateAlias value="Probe"/>
        <SeparationRadius value="0.375"/>
        <EditorCategories value="ObjectType:Unit,ObjectFamily:Melee"/>
    </CUnit>
    <CUnit id="HornedMagusAttackMissile" parent="MISSILE">
        <Race value="Dragon"/>
        <EditorCategories value="ObjectType:Projectile,ObjectFamily:Melee"/>
    </CUnit>
    <CUnit id="DragonHunterAttackMissile" parent="MISSILE_INVULNERABLE">
        <Race value="Dragon"/>
        <EditorCategories value="ObjectType:Projectile,ObjectFamily:Melee"/>
    </CUnit>
    <CUnit id="AscendedPlodder" parent="Plodder">
        <Name value="Unit/Name/AscendedPlodder"/>
        <Attributes index="Heroic" value="1"/>
        <LifeStart value="45"/>
        <LifeMax value="45"/>
        <BehaviorArray Link="DragonAscended"/>
        <Radius value="0.5"/>
        <MinimapRadius value="0.5"/>
        <SeparationRadius value="0.5"/>
        <GlossaryCategory value=""/>
        <GlossaryPriority value="0"/>
        <CostResource index="Custom" value="100"/>
        <LifeArmor value="2"/>
    </CUnit>
    <CUnit id="Razorback" parent="DragonStructure">
        <FlagArray index="Movable" value="1"/>
        <FlagArray index="NoPortraitTalk" value="0"/>
        <FlagArray index="AIDefense" value="1"/>
        <FogVisibility value="Hidden"/>
        <Collide index="ForceField" value="0"/>
        <Attributes index="Massive" value="1"/>
        <LifeStart value="300"/>
        <LifeMax value="300"/>
        <Speed value="1"/>
        <Acceleration value="1000"/>
        <TurningRate value="360"/>
        <Sight value="9"/>
        <Food value="8"/>
        <CostCategory value="Economy"/>
        <CostResource index="Minerals" value="100"/>
        <AttackTargetPriority value="20"/>
        <KillXP value="20"/>
        <AbilArray Link="stop"/>
        <AbilArray Link="attack"/>
        <AbilArray Link="Razorback"/>
        <CardLayouts index="0">
            <LayoutButtons index="0" Face="Move" Type="AbilCmd" AbilCmd="move,Move" Row="0" Column="0"/>
            <LayoutButtons Face="CancelBuilding" Type="AbilCmd" AbilCmd="BuildInProgress,Cancel" Row="2" Column="4"/>
            <LayoutButtons Face="Stop" Type="AbilCmd" AbilCmd="stop,Stop" Row="0" Column="1"/>
            <LayoutButtons Face="MoveHoldPosition" Type="AbilCmd" AbilCmd="move,HoldPos" Row="0" Column="2"/>
            <LayoutButtons Face="MovePatrol" Type="AbilCmd" AbilCmd="move,Patrol" Row="0" Column="3"/>
            <LayoutButtons Face="Attack" Type="AbilCmd" AbilCmd="attack,Execute" Row="0" Column="4"/>
        </CardLayouts>
        <Radius value="1"/>
        <CargoSize value="8"/>
        <Footprint value="Footprint2x2Contour"/>
        <PlacementFootprint value="Footprint2x2"/>
        <ScoreMake value="100"/>
        <ScoreKill value="100"/>
        <SubgroupPriority value="1"/>
        <MinimapRadius value="1"/>
        <GlossaryStrongArray value="Marine"/>
        <GlossaryStrongArray value="Zergling"/>
        <GlossaryStrongArray value="Zealot"/>
        <RankDisplay value="Always"/>
        <SeparationRadius value="1"/>
        <GlossaryPriority value="12"/>
        <GlossaryWeakArray value="Marauder"/>
        <GlossaryWeakArray value="Baneling"/>
        <GlossaryWeakArray value="Stalker"/>
    </CUnit>
    <CUnit id="FlamespitterAttackMissile" parent="MISSILE">
        <Race value="Dragon"/>
        <EditorCategories value="ObjectType:Projectile,ObjectFamily:Melee"/>
    </CUnit>
    <CUnit id="RazorbackNoFootprint" parent="Razorback">
        <EditorFlags index="NoPlacement" value="1"/>
        <Collide index="Burrow" value="0"/>
        <Collide index="Structure" value="0"/>
        <Collide index="RoachBurrow" value="0"/>
        <Collide index="Locust" value="0"/>
        <Collide index="Phased" value="0"/>
        <AbilArray index="3" Link="move"/>
        <BehaviorArray Link="RazorbackSpikedCarapace"/>
        <BehaviorArray Link="RazorbackUrticatingQuills"/>
        <Footprint value=""/>
        <CardLayouts index="0">
            <LayoutButtons index="2" Face="Stop" Type="AbilCmd" AbilCmd="stop,Stop" Row="0" Column="1"/>
            <LayoutButtons index="3" Face="MoveHoldPosition" Type="AbilCmd" AbilCmd="move,HoldPos" Row="0" Column="2"/>
            <LayoutButtons index="4" Face="MovePatrol" Type="AbilCmd" AbilCmd="move,Patrol" Row="0" Column="3"/>
            <LayoutButtons index="5" Face="Attack" Type="AbilCmd" AbilCmd="attack,Execute" Row="0" Column="4"/>
            <LayoutButtons index="6" Face="CancelBuilding" Type="AbilCmd" AbilCmd="BuildInProgress,Cancel" Row="2" Column="4"/>
            <LayoutButtons Face="RazorbackSpikedCarapace" Type="Passive" Requirements="RazorbackSpikedCarapace" Row="1" Column="0"/>
        </CardLayouts>
        <GlossaryCategory value="Unit/Category/DragonUnits"/>
    </CUnit>
    <CUnit id="ToweringDeepOneNoFootprint" parent="ToweringDeepOne">
        <Footprint value=""/>
        <EditorFlags index="NoPlacement" value="1"/>
        <AbilArray index="7" removed="1"/>
        <BehaviorArray Link="DeepOne3x3"/>
        <FlagArray index="Movable" value="1"/>
        <FlagArray index="UseLineOfSight" value="0"/>
        <PlaneArray index="Air" value="1"/>
    </CUnit>
    <CUnit id="Flamespitter" parent="DragonArmyGroundLight">
        <LifeStart value="75"/>
        <LifeMax value="75"/>
        <Speed value="3"/>
        <Sight value="9"/>
        <Food value="-2"/>
        <CostResource index="Minerals" value="100"/>
        <KillXP value="15"/>
        <BehaviorArray Link="Negative1Armor"/>
        <WeaponArray Link="FlamespitterClaws"/>
        <WeaponArray Link="FlamespitterSeekerFlame"/>
        <CargoSize value="2"/>
        <ScoreMake value="100"/>
        <ScoreKill value="100"/>
        <SubgroupPriority value="8"/>
        <GlossaryPriority value="21"/>
        <Fidget>
            <ChanceArray index="Anim" value="33"/>
            <ChanceArray index="Idle" value="33"/>
            <ChanceArray index="Turn" value="33"/>
        </Fidget>
        <GlossaryWeakArray value="Marine"/>
        <GlossaryWeakArray value="Zergling"/>
        <GlossaryWeakArray value="Sentry"/>
        <GlossaryStrongArray value="Marauder"/>
        <GlossaryStrongArray value="Roach"/>
        <GlossaryStrongArray value="Stalker"/>
        <AIEvaluateAlias value="Marauder"/>
        <CardLayouts index="0">
            <LayoutButtons index="5" AbilCmd="AscendedFlamespitter,Execute"/>
            <LayoutButtons index="7" AbilCmd="AscendedFlamespitterFission,Execute"/>
            <LayoutButtons index="8" AbilCmd="FlamespitterFission,Execute"/>
            <LayoutButtons Face="DragonRetarget" Type="Passive" Row="1" Column="0"/>
            <LayoutButtons Face="FlamespitterFervor" Type="Passive" Requirements="FlamespitterFervidReconstitution" Row="1" Column="1"/>
            <LayoutButtons Face="FlamespitterOverheat" Type="Passive" Requirements="FlamespitterFervidReconstitutionNegate" Row="1" Column="2"/>
        </CardLayouts>
        <EditorCategories value="ObjectType:Unit,ObjectFamily:Melee"/>
    </CUnit>
    <CUnit id="AscendedFlamespitter" parent="Flamespitter">
        <Name value="Unit/Name/AscendedFlamespitter"/>
        <Attributes index="Heroic" value="1"/>
        <BehaviorArray Link="DragonAscended"/>
        <LifeStart value="105"/>
        <LifeMax value="105"/>
        <WeaponArray index="0" Link="FlamespitterAscendedClaws"/>
        <WeaponArray index="1" Link="FlamespitterAscendedSeekerFlame"/>
        <Radius value="0.625"/>
        <MinimapRadius value="0.625"/>
        <SeparationRadius value="0.625"/>
        <GlossaryCategory value=""/>
        <GlossaryPriority value="0"/>
        <CostResource index="Custom" value="200"/>
        <CardLayouts index="0">
            <LayoutButtons index="12" Face="FlamespitterOverheat" Type="Passive" Requirements="FlamespitterFervidReconstitutionNegate" Row="1" Column="1"/>
        </CardLayouts>
    </CUnit>
    <CUnit id="ChangelingFlamespitter" parent="Flamespitter">
        <Name value="Unit/Name/Changeling"/>
        <Description value="Button/Tooltip/ChangelingFlamespitter"/>
        <Race value="Zerg"/>
        <FlagArray index="NoScore" value="1"/>
        <FlagArray index="AILifetime" value="1"/>
        <FlagArray index="AIChangeling" value="1"/>
        <FlagArray index="ArmySelect" value="0"/>
        <Food value="0"/>
        <CostResource index="Minerals" value="0"/>
        <AbilArray index="2" removed="1"/>
        <AbilArray index="3" removed="1"/>
        <AbilArray index="4" removed="1"/>
        <AbilArray index="5" removed="1"/>
        <AbilArray index="6" removed="1"/>
        <BehaviorArray index="1" Link="ChangelingDisable"/>
        <ScoreMake value="0"/>
        <ScoreKill value="0"/>
        <TacticalAIThink value="AIThinkChangelingMarine"/>
        <HotkeyAlias value="Changeling"/>
        <SelectAlias value="Changeling"/>
        <GlossaryCategory value=""/>
        <GlossaryPriority value="0"/>
        <GlossaryWeakArray index="0" removed="1"/>
        <GlossaryWeakArray index="1" removed="1"/>
        <GlossaryWeakArray index="2" removed="1"/>
        <GlossaryStrongArray index="0" removed="1"/>
        <GlossaryStrongArray index="1" removed="1"/>
        <GlossaryStrongArray index="2" removed="1"/>
        <CardLayouts index="0">
            <LayoutButtons index="12" Face="FlamespitterOverheat" Type="Passive" Requirements="FlamespitterFervidReconstitutionNegate" Row="1" Column="1"/>
        </CardLayouts>
    </CUnit>
    <CUnit id="HornedMagus" parent="DragonArmyGroundLight">
        <LifeStart value="90"/>
        <LifeMax value="90"/>
        <EnergyStart value="50"/>
        <EnergyMax value="200"/>
        <EnergyRegenRate value="0.5625"/>
        <Speed value="2.75"/>
        <Sight value="10"/>
        <Food value="-2"/>
        <CostResource index="Minerals" value="50"/>
        <CostResource index="Vespene" value="125"/>
        <KillXP value="20"/>
        <AbilArray Link="HornedMagusInvigorate"/>
        <AbilArray Link="HornedMagusFireShield"/>
        <AbilArray Link="HornedMagusShroud"/>
        <WeaponArray Link="HornedMagusHeadbutt"/>
        <WeaponArray Link="HornedMagusMysticBolt"/>
        <CardLayouts index="0">
            <LayoutButtons index="5" AbilCmd="AscendedHornedMagus,Execute"/>
            <LayoutButtons index="7" AbilCmd="AscendedHornedMagusFission,Execute"/>
            <LayoutButtons index="8" AbilCmd="HornedMagusFission,Execute"/>
            <LayoutButtons Face="HornedMagusActivateInvigorate" Type="AbilCmd" AbilCmd="HornedMagusInvigorate,On" Row="2" Column="2"/>
            <LayoutButtons Face="HornedMagusFireShield" Type="AbilCmd" AbilCmd="HornedMagusFireShield,Execute" Row="2" Column="0"/>
            <LayoutButtons Face="HornedMagusShroud" Type="AbilCmd" AbilCmd="HornedMagusShroud,Execute" Row="2" Column="1"/>
            <LayoutButtons Face="HornedMagusDeactivateInvigorate" Type="AbilCmd" AbilCmd="HornedMagusInvigorate,Off" Row="2" Column="3"/>
            <LayoutButtons Face="DragonRetarget" Type="Passive" Row="1" Column="0"/>
        </CardLayouts>
        <CargoSize value="2"/>
        <ScoreMake value="100"/>
        <ScoreKill value="100"/>
        <SubgroupPriority value="19"/>
        <GlossaryPriority value="23"/>
        <GlossaryStrongArray value="Marine"/>
        <GlossaryStrongArray value="Zergling"/>
        <GlossaryStrongArray value="Sentry"/>
        <GlossaryWeakArray value="Marauder"/>
        <GlossaryWeakArray value="Roach"/>
        <GlossaryWeakArray value="Stalker"/>
        <BehaviorArray Link="Negative1Armor"/>
        <AIEvaluateAlias value="Sentry"/>
        <Attributes index="Psionic" value="1"/>
        <EditorCategories value="ObjectType:Unit,ObjectFamily:Melee"/>
    </CUnit>
    <CUnit id="AscendedHornedMagus" parent="HornedMagus">
        <Name value="Unit/Name/AscendedHornedMagus"/>
        <Attributes index="Heroic" value="1"/>
        <LifeStart value="150"/>
        <LifeMax value="150"/>
        <EnergyRegenRate value="1.125"/>
        <BehaviorArray Link="DragonAscended"/>
        <Radius value="0.625"/>
        <MinimapRadius value="0.625"/>
        <SeparationRadius value="0.625"/>
        <GlossaryCategory value=""/>
        <GlossaryPriority value="0"/>
        <CostResource index="Custom" value="700"/>
    </CUnit>
    <CUnit id="Berserker" parent="DragonArmyGroundLight">
        <LifeStart value="270"/>
        <LifeMax value="270"/>
        <LifeArmor value="2"/>
        <Speed value="2.75"/>
        <Sight value="9"/>
        <Food value="-4"/>
        <CostResource index="Minerals" value="250"/>
        <CostResource index="Vespene" value="100"/>
        <KillXP value="15"/>
        <BehaviorArray Link="Berserker"/>
        <WeaponArray Link="BerserkerCrushingBlow"/>
        <CardLayouts index="0">
            <LayoutButtons index="5" AbilCmd="AscendedBerserker,Execute"/>
            <LayoutButtons index="7" AbilCmd="AscendedBerserkerFission,Execute"/>
            <LayoutButtons index="8" AbilCmd="BerserkerFission,Execute"/>
            <LayoutButtons Face="BerserkerMadness" Type="Passive" Requirements="BerserkerMadness" Row="1" Column="0"/>
        </CardLayouts>
        <Radius value="0.875"/>
        <SeparationRadius value="0.875"/>
        <CargoSize value="4"/>
        <ScoreMake value="100"/>
        <ScoreKill value="100"/>
        <SubgroupPriority value="11"/>
        <MinimapRadius value="0.875"/>
        <GlossaryPriority value="31"/>
        <GlossaryStrongArray value="Marine"/>
        <GlossaryStrongArray value="Baneling"/>
        <GlossaryStrongArray value="Immortal"/>
        <GlossaryWeakArray value="Thor"/>
        <GlossaryWeakArray value="Roach"/>
        <GlossaryWeakArray value="Adept"/>
        <AIEvaluateAlias value="Ultralisk"/>
        <Fidget>
            <ChanceArray index="Anim" value="33"/>
            <ChanceArray index="Idle" value="33"/>
            <ChanceArray index="Turn" value="33"/>
        </Fidget>
        <EditorCategories value="ObjectType:Unit,ObjectFamily:Melee"/>
    </CUnit>
    <CUnit id="AscendedBerserker" parent="Berserker">
        <Name value="Unit/Name/AscendedBerserker"/>
        <PushPriority value="11"/>
        <Attributes index="Light" value="0"/>
        <Attributes index="Massive" value="1"/>
        <Attributes index="Heroic" value="1"/>
        <LifeStart value="330"/>
        <LifeMax value="330"/>
        <CostResource index="Custom" value="980"/>
        <BehaviorArray Link="DragonAscended"/>
        <WeaponArray index="0" Link="BerserkerAscendedCrushingBlow"/>
        <Radius value="1.0625"/>
        <SeparationRadius value="1.0625"/>
        <InnerRadius value="1"/>
        <MinimapRadius value="1.0625"/>
        <TacticalAI value="Ravager"/>
        <GlossaryCategory value=""/>
        <GlossaryPriority value="0"/>
        <ReviveInfoBase>
            <Charge Link="Ravager/Revive"/>
            <Cooldown Link="Ravager/Revive"/>
        </ReviveInfoBase>
    </CUnit>
    <CUnit id="VolcanicHarbinger" parent="DragonArmyAirLight">
        <Attributes index="Massive" value="1"/>
        <LifeStart value="180"/>
        <LifeMax value="180"/>
        <Speed value="1.5"/>
        <Acceleration value="1"/>
        <Sight value="9"/>
        <Height value="3.5"/>
        <Food value="-4"/>
        <CostResource index="Minerals" value="300"/>
        <CostResource index="Vespene" value="200"/>
        <KillXP value="15"/>
        <WeaponArray Link="VolcanicHarbingerPlasmaFlare"/>
        <Radius value="0.75"/>
        <SeparationRadius value="0.75"/>
        <ScoreMake value="250"/>
        <ScoreKill value="250"/>
        <SubgroupPriority value="16"/>
        <MinimapRadius value="0.75"/>
        <GlossaryPriority value="44"/>
        <CardLayouts index="0">
            <LayoutButtons index="5" AbilCmd="AscendedVolcanicHarbinger,Execute"/>
            <LayoutButtons index="7" AbilCmd="AscendedVolcanicHarbingerFission,Execute"/>
            <LayoutButtons index="8" AbilCmd="VolcanicHarbingerFission,Execute"/>
            <LayoutButtons Face="VolcanicHarbingerOverload" Type="AbilCmd" AbilCmd="VolcanicHarbingerOverload,Ammo1" Row="2" Column="0"/>
        </CardLayouts>
        <AIEvaluateAlias value="BroodLord"/>
        <AbilArray Link="VolcanicHarbingerOverload"/>
        <AbilArray Link="VolcanicHarbingerQueue"/>
        <GlossaryStrongArray value="Marine"/>
        <GlossaryStrongArray value="Hydralisk"/>
        <GlossaryStrongArray value="Stalker"/>
        <GlossaryWeakArray value="VikingFighter"/>
        <GlossaryWeakArray value="Corruptor"/>
        <GlossaryWeakArray value="Phoenix"/>
        <BehaviorArray Link="Negative1Armor"/>
        <EditorCategories value="ObjectType:Unit,ObjectFamily:Melee"/>
    </CUnit>
    <CUnit id="AscendedVolcanicHarbinger" parent="VolcanicHarbinger">
        <Name value="Unit/Name/AscendedVolcanicHarbinger"/>
        <Attributes index="Heroic" value="1"/>
        <LifeStart value="225"/>
        <LifeMax value="225"/>
        <BehaviorArray Link="DragonAscended"/>
        <WeaponArray index="0" Link="VolcanicHarbingerAscendedPlasmaFlare"/>
        <Radius value="0.9375"/>
        <SeparationRadius value="0.9375"/>
        <MinimapRadius value="0.9375"/>
        <GlossaryCategory value=""/>
        <CostResource index="Custom" value="1560"/>
        <GlossaryPriority value="0"/>
    </CUnit>
    <CUnit id="VolcanicHarbingerOverload" parent="DragonBase">
        <CostCategory value="Army"/>
        <CostResource index="Minerals" value="10"/>
        <LifeArmorName value="Unit/LifeArmorName/DragonArmoredArmor"/>
    </CUnit>
</Catalog>
