<?xml version="1.0" encoding="utf-8"?>
<Catalog>
    <CUpgrade default="1" id="DragonFireAttacks">
        <Race value="Dragon"/>
        <ScoreCount value="WeaponTechnologyCount"/>
        <ScoreValue value="WeaponTechnologyValue"/>
        <ScoreResult value="BuildOrder"/>
        <EffectArray Reference="Effect,AuroraConduitNetherShockDamage,Amount" Value="1"/>
        <EffectArray Reference="Effect,BrimstoneDemolisherScorchingBlazeDamage1,Amount" Value="1"/>
        <EffectArray Reference="Effect,BrimstoneDemolisherScorchingBlazeDamage2,Amount" Value="1.5"/>
        <EffectArray Reference="Effect,FlamespitterSeekerFlameDamage,Amount" Value="1"/>
        <EffectArray Reference="Effect,FlamespitterAscendedSeekerFlameDamage,Amount" Value="1"/>
        <EffectArray Reference="Effect,FleshrenderCinderSpikeDamage,Amount" Value="1"/>
        <EffectArray Reference="Effect,HornedMagusMysticBoltDamage,Amount" Value="1"/>
        <EffectArray Reference="Effect,PhlogistonGuardianFulminationDamage,Amount" Value="1"/>
        <EffectArray Reference="Effect,SkyrazerAttackDamage,Amount" Value="1"/>
        <EffectArray Reference="Effect,VolcanicHarbingerPlasmaFlareDamage,Amount" Value="2"/>
        <EffectArray Reference="Effect,VolcanicHarbingerPlasmaFlareDamage1,Amount" Value="3"/>
        <EffectArray Reference="Effect,VolcanicHarbingerPlasmaFlareDamage2,Amount" Value="5"/>
        <EffectArray Reference="Effect,VolcanicHarbingerPlasmaFlareDamage3,Amount" Value="8"/>
        <EffectArray Reference="Weapon,AuroraConduitNetherShock,Level" Value="1"/>
        <EffectArray Reference="Weapon,AuroraConduitAscendedNetherShock,Level" Value="1"/>
        <EffectArray Reference="Weapon,BrimstoneDemolisherScorchingBlazeDummy,Level" Value="1"/>
        <EffectArray Reference="Weapon,FlamespitterSeekerFlame,Level" Value="1"/>
        <EffectArray Reference="Weapon,FlamespitterAscendedSeekerFlame,Level" Value="1"/>
        <EffectArray Reference="Weapon,FleshrenderCinderSpike,Level" Value="1"/>
        <EffectArray Reference="Weapon,HornedMagusMysticBolt,Level" Value="1"/>
        <EffectArray Reference="Weapon,PhlogistonGuardianFulmination,Level" Value="1"/>
        <EffectArray Reference="Weapon,SkyrazerInferiorBlast,Level" Value="1"/>
        <EffectArray Reference="Weapon,SkyrazerInferiorBlast1,Level" Value="1"/>
        <EffectArray Reference="Weapon,SkyrazerInferiorBlast2,Level" Value="1"/>
        <EffectArray Reference="Weapon,SkyrazerInferiorBlast3,Level" Value="1"/>
        <EffectArray Reference="Weapon,SkyrazerSuperiorBlast,Level" Value="1"/>
        <EffectArray Reference="Weapon,SkyrazerSuperiorBlast1,Level" Value="1"/>
        <EffectArray Reference="Weapon,SkyrazerSuperiorBlast2,Level" Value="1"/>
        <EffectArray Reference="Weapon,SkyrazerSuperiorBlast3,Level" Value="1"/>
        <EffectArray Reference="Weapon,SkyrazerAscendedInferiorBlast,Level" Value="1"/>
        <EffectArray Reference="Weapon,SkyrazerAscendedInferiorBlast1,Level" Value="1"/>
        <EffectArray Reference="Weapon,SkyrazerAscendedInferiorBlast2,Level" Value="1"/>
        <EffectArray Reference="Weapon,SkyrazerAscendedInferiorBlast3,Level" Value="1"/>
        <EffectArray Reference="Weapon,SkyrazerAscendedSuperiorBlast,Level" Value="1"/>
        <EffectArray Reference="Weapon,SkyrazerAscendedSuperiorBlast1,Level" Value="1"/>
        <EffectArray Reference="Weapon,SkyrazerAscendedSuperiorBlast2,Level" Value="1"/>
        <EffectArray Reference="Weapon,SkyrazerAscendedSuperiorBlast3,Level" Value="1"/>
        <EffectArray Reference="Weapon,VolcanicHarbingerPlasmaFlare,Level" Value="1"/>
        <EffectArray Reference="Weapon,VolcanicHarbingerAscendedPlasmaFlare,Level" Value="1"/>
        <EditorCategories value="Race:Dragon,UpgradeType:AttackBonus"/>
        <AffectedUnitArray value="AuroraConduit"/>
        <AffectedUnitArray value="BrimstoneDemolisher"/>
        <AffectedUnitArray value="Flamespitter"/>
        <AffectedUnitArray value="Fleshrender"/>
        <AffectedUnitArray value="HornedMagus"/>
        <AffectedUnitArray value="PhlogistonGuardian"/>
        <AffectedUnitArray value="Skyrazer"/>
        <AffectedUnitArray value="VolcanicHarbinger"/>
    </CUpgrade>
    <CUpgrade default="1" id="DragonMeleeAttacks">
        <Race value="Dragon"/>
        <EditorCategories value="Race:Dragon,UpgradeType:AttackBonus"/>
        <ScoreCount value="WeaponTechnologyCount"/>
        <ScoreValue value="WeaponTechnologyValue"/>
        <ScoreResult value="BuildOrder"/>
        <AffectedUnitArray value="BrimstoneDemolisher"/>
        <AffectedUnitArray value="Flamespitter"/>
        <AffectedUnitArray value="Fleshrender"/>
        <AffectedUnitArray value="HornedMagus"/>
        <AffectedUnitArray value="DragonHunter"/>
        <AffectedUnitArray value="Plodder"/>
        <AffectedUnitArray value="Berserker"/>
        <AffectedUnitArray value="Razorback"/>
        <AffectedUnitArray value="Skyrazer"/>
        <AffectedUnitArray value="SunkenGuardian"/>
        <AffectedUnitArray value="UnseenBeast"/>
        <EffectArray Reference="Effect,BerserkerCrushingBlowDamage,Amount" Value="2"/>
        <EffectArray Reference="Effect,BerserkerAscendedCrushingBlowDamage,Amount" Value="3"/>
        <EffectArray Reference="Effect,BrimstoneDemolisherBrutalThrashDamage,Amount" Value="2"/>
        <EffectArray Reference="Effect,FlamespitterClawsDamage,Amount" Value="1"/>
        <EffectArray Reference="Effect,FlamespitterAscendedClawsDamage,Amount" Value="1"/>
        <EffectArray Reference="Effect,FleshrenderShredDamage,Amount" Value="1"/>
        <EffectArray Reference="Effect,HornedMagusHeadbuttDamage,Amount" Value="1"/>
        <EffectArray Reference="Effect,DragonHunterMeleeDamage,Amount" Value="1"/>
        <EffectArray Reference="Effect,HunterTongueLashDamage,Amount" Value="1"/>
        <EffectArray Reference="Effect,HunterTongueLashDamage,AttributeBonus[Light]" Value="1"/>
        <EffectArray Reference="Effect,PlodderPincerDamage,Amount" Value="1"/>
        <EffectArray Reference="Effect,RazorbackSpikedCarapaceDamage,Amount" Value="1"/>
        <EffectArray Reference="Effect,RazorbackUrticatingQuillsDamage,Amount" Value="1"/>
        <EffectArray Reference="Effect,SkyrazerSavageClawsDamage,Amount" Value="1"/>
        <EffectArray Reference="Effect,SunkenGuardianImpaleDamage,Amount" Value="4"/>
        <EffectArray Reference="Effect,SunkenGuardianImpaleDamage,AttributeBonus[Armored]" Value="1"/>
        <EffectArray Reference="Effect,UnseenBeastSpiritSmashDamage,Amount" Value="2"/>
        <EffectArray Reference="Effect,UnseenBeastSpiritSmashDamage,AttributeBonus[Light]" Value="2"/>
        <EffectArray Reference="Effect,UnseenBeastSpiritSmashDamage,AttributeBonus[Structure]" Value="2"/>
        <EffectArray Reference="Weapon,BerserkerCrushingBlow,Level" Value="1"/>
        <EffectArray Reference="Weapon,BerserkerAscendedCrushingBlow,Level" Value="1"/>
        <EffectArray Reference="Weapon,BrimstoneDemolisherBrutalThrash,Level" Value="1"/>
        <EffectArray Reference="Weapon,FlamespitterClaws,Level" Value="1"/>
        <EffectArray Reference="Weapon,FlamespitterAscendedClaws,Level" Value="1"/>
        <EffectArray Reference="Weapon,FleshrenderShred,Level" Value="1"/>
        <EffectArray Reference="Weapon,HornedMagusHeadbutt,Level" Value="1"/>
        <EffectArray Reference="Weapon,DragonHunterClaws,Level" Value="1"/>
        <EffectArray Reference="Weapon,DragonHunterTongueLash,Level" Value="1"/>
        <EffectArray Reference="Weapon,PlodderPincer,Level" Value="1"/>
        <EffectArray Reference="Weapon,SkyrazerSavageClaws,Level" Value="1"/>
        <EffectArray Reference="Weapon,SkyrazerSavageClaws1,Level" Value="1"/>
        <EffectArray Reference="Weapon,SkyrazerSavageClaws2,Level" Value="1"/>
        <EffectArray Reference="Weapon,SkyrazerSavageClaws3,Level" Value="1"/>
        <EffectArray Reference="Weapon,SunkenGuardianImpale,Level" Value="1"/>
        <EffectArray Reference="Weapon,UnseenBeastSpiritSmashDisplay,Level" Value="1"/>
    </CUpgrade>
    <CUpgrade default="1" id="DragonScaleArmors">
        <Race value="Dragon"/>
        <EditorCategories value="Race:Dragon,UpgradeType:ArmorBonus"/>
        <ScoreCount value="WeaponTechnologyCount"/>
        <ScoreValue value="WeaponTechnologyValue"/>
        <ScoreResult value="BuildOrder"/>
        <AffectedUnitArray value="Flamespitter"/>
        <AffectedUnitArray value="Fleshrender"/>
        <AffectedUnitArray value="GrimGlider"/>
        <AffectedUnitArray value="HornedMagus"/>
        <AffectedUnitArray value="Plodder"/>
        <AffectedUnitArray value="Berserker"/>
        <AffectedUnitArray value="UnseenBeast"/>
        <AffectedUnitArray value="VolcanicHarbinger"/>
        <EffectArray Reference="Unit,Flamespitter,LifeArmor" Value="1"/>
        <EffectArray Reference="Unit,Flamespitter,LifeArmorLevel" Value="1"/>
        <EffectArray Reference="Unit,AscendedFlamespitter,LifeArmor" Value="1"/>
        <EffectArray Reference="Unit,AscendedFlamespitter,LifeArmorLevel" Value="1"/>
        <EffectArray Reference="Unit,Fleshrender,LifeArmor" Value="1"/>
        <EffectArray Reference="Unit,Fleshrender,LifeArmorLevel" Value="1"/>
        <EffectArray Reference="Unit,AscendedFleshrender,LifeArmor" Value="1"/>
        <EffectArray Reference="Unit,AscendedFleshrender,LifeArmorLevel" Value="1"/>
        <EffectArray Reference="Unit,GrimGlider,LifeArmor" Value="1"/>
        <EffectArray Reference="Unit,GrimGlider,LifeArmorLevel" Value="1"/>
        <EffectArray Reference="Unit,AscendedGrimGlider,LifeArmor" Value="1"/>
        <EffectArray Reference="Unit,AscendedGrimGlider,LifeArmorLevel" Value="1"/>
        <EffectArray Reference="Unit,HornedMagus,LifeArmor" Value="1"/>
        <EffectArray Reference="Unit,HornedMagus,LifeArmorLevel" Value="1"/>
        <EffectArray Reference="Unit,AscendedHornedMagus,LifeArmor" Value="1"/>
        <EffectArray Reference="Unit,AscendedHornedMagus,LifeArmorLevel" Value="1"/>
        <EffectArray Reference="Unit,Plodder,LifeArmor" Value="1"/>
        <EffectArray Reference="Unit,Plodder,LifeArmorLevel" Value="1"/>
        <EffectArray Reference="Unit,AscendedPlodder,LifeArmor" Value="1"/>
        <EffectArray Reference="Unit,AscendedPlodder,LifeArmorLevel" Value="1"/>
        <EffectArray Reference="Unit,Berserker,LifeArmor" Value="1"/>
        <EffectArray Reference="Unit,Berserker,LifeArmorLevel" Value="1"/>
        <EffectArray Reference="Unit,AscendedBerserker,LifeArmor" Value="1"/>
        <EffectArray Reference="Unit,AscendedBerserker,LifeArmorLevel" Value="1"/>
        <EffectArray Reference="Unit,UnseenBeast,LifeArmor" Value="1"/>
        <EffectArray Reference="Unit,UnseenBeast,LifeArmorLevel" Value="1"/>
        <EffectArray Reference="Unit,AscendedUnseenBeast,LifeArmor" Value="1"/>
        <EffectArray Reference="Unit,AscendedUnseenBeast,LifeArmorLevel" Value="1"/>
        <EffectArray Reference="Unit,VolcanicHarbinger,LifeArmor" Value="1"/>
        <EffectArray Reference="Unit,VolcanicHarbinger,LifeArmorLevel" Value="1"/>
        <EffectArray Reference="Unit,AscendedVolcanicHarbinger,LifeArmor" Value="1"/>
        <EffectArray Reference="Unit,AscendedVolcanicHarbinger,LifeArmorLevel" Value="1"/>
    </CUpgrade>
    <CUpgrade default="1" id="DragonPlateArmors">
        <Race value="Dragon"/>
        <EditorCategories value="Race:Dragon,UpgradeType:ArmorBonus"/>
        <ScoreCount value="WeaponTechnologyCount"/>
        <ScoreValue value="WeaponTechnologyValue"/>
        <ScoreResult value="BuildOrder"/>
        <AffectedUnitArray value="Arkwyrm"/>
        <AffectedUnitArray value="AugmentationPitFrontier"/>
        <AffectedUnitArray value="AugmentationPitGreater"/>
        <AffectedUnitArray value="AugmentationPitLesser"/>
        <AffectedUnitArray value="AugmentationPitTowering"/>
        <AffectedUnitArray value="AuroraConduit"/>
        <AffectedUnitArray value="BrimstoneDemolisher"/>
        <AffectedUnitArray value="Coagulater"/>
        <AffectedUnitArray value="DenizenoftheDeep"/>
        <AffectedUnitArray value="DenizenoftheDeepNoFootprint"/>
        <AffectedUnitArray value="FrontierDeepOne"/>
        <AffectedUnitArray value="GenesisPitGreater"/>
        <AffectedUnitArray value="GenesisPitLesser"/>
        <AffectedUnitArray value="GenesisPitTowering"/>
        <AffectedUnitArray value="GreaterDeepOne"/>
        <AffectedUnitArray value="GreaterDeepOneNoFootprint"/>
        <AffectedUnitArray value="HandofPower"/>
        <AffectedUnitArray value="DragonHunter"/>
        <AffectedUnitArray value="LesserDeepOne"/>
        <AffectedUnitArray value="LesserDeepOneNoFootprint"/>
        <AffectedUnitArray value="PhlogistonGuardian"/>
        <AffectedUnitArray value="Razorback"/>
        <AffectedUnitArray value="RazorbackNoFootprint"/>
        <AffectedUnitArray value="Skyrazer"/>
        <AffectedUnitArray value="SunkenGuardian"/>
        <AffectedUnitArray value="ToweringDeepOne"/>
        <AffectedUnitArray value="ToweringDeepOneNoFootprint"/>
        <EffectArray Reference="Unit,Arkwyrm,LifeArmor" Value="1"/>
        <EffectArray Reference="Unit,Arkwyrm,LifeArmorLevel" Value="1"/>
        <EffectArray Reference="Unit,AscendedArkwyrm,LifeArmor" Value="1"/>
        <EffectArray Reference="Unit,AscendedArkwyrm,LifeArmorLevel" Value="1"/>
        <EffectArray Reference="Unit,AugmentationPitFrontier,LifeArmor" Value="1"/>
        <EffectArray Reference="Unit,AugmentationPitFrontier,LifeArmorLevel" Value="1"/>
        <EffectArray Reference="Unit,AugmentationPitGreater,LifeArmor" Value="1"/>
        <EffectArray Reference="Unit,AugmentationPitGreater,LifeArmorLevel" Value="1"/>
        <EffectArray Reference="Unit,AugmentationPitLesser,LifeArmor" Value="1"/>
        <EffectArray Reference="Unit,AugmentationPitLesser,LifeArmorLevel" Value="1"/>
        <EffectArray Reference="Unit,AugmentationPitTowering,LifeArmor" Value="1"/>
        <EffectArray Reference="Unit,AugmentationPitTowering,LifeArmorLevel" Value="1"/>
        <EffectArray Reference="Unit,AuroraConduit,LifeArmor" Value="1"/>
        <EffectArray Reference="Unit,AuroraConduit,LifeArmorLevel" Value="1"/>
        <EffectArray Reference="Unit,AscendedAuroraConduit,LifeArmor" Value="1"/>
        <EffectArray Reference="Unit,AscendedAuroraConduit,LifeArmorLevel" Value="1"/>
        <EffectArray Reference="Unit,BrimstoneDemolisher,LifeArmor" Value="1"/>
        <EffectArray Reference="Unit,BrimstoneDemolisher,LifeArmorLevel" Value="1"/>
        <EffectArray Reference="Unit,AscendedBrimstoneDemolisher,LifeArmor" Value="1"/>
        <EffectArray Reference="Unit,AscendedBrimstoneDemolisher,LifeArmorLevel" Value="1"/>
        <EffectArray Reference="Unit,Coagulater,LifeArmor" Value="1"/>
        <EffectArray Reference="Unit,Coagulater,LifeArmorLevel" Value="1"/>
        <EffectArray Reference="Unit,DenizenoftheDeep,LifeArmor" Value="1"/>
        <EffectArray Reference="Unit,DenizenoftheDeep,LifeArmorLevel" Value="1"/>
        <EffectArray Reference="Unit,DenizenoftheDeepNoFootprint,LifeArmor" Value="1"/>
        <EffectArray Reference="Unit,DenizenoftheDeepNoFootprint,LifeArmorLevel" Value="1"/>
        <EffectArray Reference="Unit,FrontierDeepOne,LifeArmor" Value="1"/>
        <EffectArray Reference="Unit,FrontierDeepOne,LifeArmorLevel" Value="1"/>
        <EffectArray Reference="Unit,GenesisPitGreater,LifeArmor" Value="1"/>
        <EffectArray Reference="Unit,GenesisPitGreater,LifeArmorLevel" Value="1"/>
        <EffectArray Reference="Unit,GenesisPitLesser,LifeArmor" Value="1"/>
        <EffectArray Reference="Unit,GenesisPitLesser,LifeArmorLevel" Value="1"/>
        <EffectArray Reference="Unit,GenesisPitTowering,LifeArmor" Value="1"/>
        <EffectArray Reference="Unit,GenesisPitTowering,LifeArmorLevel" Value="1"/>
        <EffectArray Reference="Unit,GreaterDeepOne,LifeArmor" Value="1"/>
        <EffectArray Reference="Unit,GreaterDeepOne,LifeArmorLevel" Value="1"/>
        <EffectArray Reference="Unit,GreaterDeepOneNoFootprint,LifeArmor" Value="1"/>
        <EffectArray Reference="Unit,GreaterDeepOneNoFootprint,LifeArmorLevel" Value="1"/>
        <EffectArray Reference="Unit,HandofPower,LifeArmor" Value="1"/>
        <EffectArray Reference="Unit,HandofPower,LifeArmorLevel" Value="1"/>
        <EffectArray Reference="Unit,AscendedHandofPower,LifeArmor" Value="1"/>
        <EffectArray Reference="Unit,AscendedHandofPower,LifeArmorLevel" Value="1"/>
        <EffectArray Reference="Unit,DragonHunter,LifeArmor" Value="1"/>
        <EffectArray Reference="Unit,DragonHunter,LifeArmorLevel" Value="1"/>
        <EffectArray Reference="Unit,AscendedDragonHunter,LifeArmor" Value="1"/>
        <EffectArray Reference="Unit,AscendedDragonHunter,LifeArmorLevel" Value="1"/>
        <EffectArray Reference="Unit,LesserDeepOne,LifeArmor" Value="1"/>
        <EffectArray Reference="Unit,LesserDeepOne,LifeArmorLevel" Value="1"/>
        <EffectArray Reference="Unit,LesserDeepOneNoFootprint,LifeArmor" Value="1"/>
        <EffectArray Reference="Unit,LesserDeepOneNoFootprint,LifeArmorLevel" Value="1"/>
        <EffectArray Reference="Unit,PhlogistonGuardian,LifeArmor" Value="1"/>
        <EffectArray Reference="Unit,PhlogistonGuardian,LifeArmorLevel" Value="1"/>
        <EffectArray Reference="Unit,Razorback,LifeArmor" Value="1"/>
        <EffectArray Reference="Unit,Razorback,LifeArmorLevel" Value="1"/>
        <EffectArray Reference="Unit,RazorbackNoFootprint,LifeArmor" Value="1"/>
        <EffectArray Reference="Unit,RazorbackNoFootprint,LifeArmorLevel" Value="1"/>
        <EffectArray Reference="Unit,Skyrazer,LifeArmor" Value="1"/>
        <EffectArray Reference="Unit,Skyrazer,LifeArmorLevel" Value="1"/>
        <EffectArray Reference="Unit,AscendedSkyrazer,LifeArmor" Value="1"/>
        <EffectArray Reference="Unit,AscendedSkyrazer,LifeArmorLevel" Value="1"/>
        <EffectArray Reference="Unit,SunkenGuardian,LifeArmor" Value="1"/>
        <EffectArray Reference="Unit,SunkenGuardian,LifeArmorLevel" Value="1"/>
        <EffectArray Reference="Unit,ToweringDeepOne,LifeArmor" Value="1"/>
        <EffectArray Reference="Unit,ToweringDeepOne,LifeArmorLevel" Value="1"/>
        <EffectArray Reference="Unit,ToweringDeepOneNoFootprint,LifeArmor" Value="1"/>
        <EffectArray Reference="Unit,ToweringDeepOneNoFootprint,LifeArmorLevel" Value="1"/>
    </CUpgrade>
    <CUpgrade id="AuroraConduitCelerity">
        <Race value="Dragon"/>
        <Icon value="Assets\Textures\btn-ability-zerg-consume.dds"/>
        <EffectArray Operation="Set" Reference="Weapon,AuroraConduitNetherShock,Period" Value="2.100000"/>
        <EffectArray Operation="Set" Reference="Weapon,AuroraConduitAscendedNetherShock,Period" Value="2.100000"/>
        <EditorCategories value="UpgradeType:Talents,Race:Dragon"/>
        <AffectedUnitArray value="AuroraConduit"/>
        <ScoreAmount value="510"/>
    </CUpgrade>
    <CUpgrade id="BrimstoneDemolisher">
        <Race value="Dragon"/>
        <EditorCategories value="UpgradeType:Talents,Race:Dragon"/>
        <Icon value="Assets\Textures\btn-unit-zerg-brakk.dds"/>
        <ScoreAmount value="340"/>
    </CUpgrade>
    <CUpgrade id="DragonCommander">
        <Race value="Dragon"/>
        <EditorCategories value="Race:Dragon"/>
    </CUpgrade>
    <CUpgrade id="DragonFireAttacksLevel1" parent="DragonFireAttacks">
        <EffectArray Operation="Set" Reference="Weapon,AuroraConduitNetherShock,Icon" Value="Assets\Textures\fireball_6.dds"/>
        <EffectArray Operation="Set" Reference="Weapon,AuroraConduitAscendedNetherShock,Icon" Value="Assets\Textures\fireball_6.dds"/>
        <EffectArray Operation="Set" Reference="Weapon,BrimstoneDemolisherScorchingBlazeDummy,Icon" Value="Assets\Textures\fireball_6.dds"/>
        <EffectArray Operation="Set" Reference="Weapon,FlamespitterSeekerFlame,Icon" Value="Assets\Textures\fireball_6.dds"/>
        <EffectArray Operation="Set" Reference="Weapon,FlamespitterAscendedSeekerFlame,Icon" Value="Assets\Textures\fireball_6.dds"/>
        <EffectArray Operation="Set" Reference="Weapon,FleshrenderCinderSpike,Icon" Value="Assets\Textures\fireball_6.dds"/>
        <EffectArray Operation="Set" Reference="Weapon,HornedMagusMysticBolt,Icon" Value="Assets\Textures\fireball_6.dds"/>
        <EffectArray Operation="Set" Reference="Weapon,PhlogistonGuardianFulmination,Icon" Value="Assets\Textures\fireball_6.dds"/>
        <EffectArray Operation="Set" Reference="Weapon,SkyrazerInferiorBlast,Icon" Value="Assets\Textures\fireball_6.dds"/>
        <EffectArray Operation="Set" Reference="Weapon,SkyrazerInferiorBlast1,Icon" Value="Assets\Textures\fireball_6.dds"/>
        <EffectArray Operation="Set" Reference="Weapon,SkyrazerInferiorBlast2,Icon" Value="Assets\Textures\fireball_6.dds"/>
        <EffectArray Operation="Set" Reference="Weapon,SkyrazerInferiorBlast3,Icon" Value="Assets\Textures\fireball_6.dds"/>
        <EffectArray Operation="Set" Reference="Weapon,SkyrazerSuperiorBlast,Icon" Value="Assets\Textures\fireball_6.dds"/>
        <EffectArray Operation="Set" Reference="Weapon,SkyrazerSuperiorBlast1,Icon" Value="Assets\Textures\fireball_6.dds"/>
        <EffectArray Operation="Set" Reference="Weapon,SkyrazerSuperiorBlast2,Icon" Value="Assets\Textures\fireball_6.dds"/>
        <EffectArray Operation="Set" Reference="Weapon,SkyrazerSuperiorBlast3,Icon" Value="Assets\Textures\fireball_6.dds"/>
        <EffectArray Operation="Set" Reference="Weapon,SkyrazerAscendedInferiorBlast,Icon" Value="Assets\Textures\fireball_6.dds"/>
        <EffectArray Operation="Set" Reference="Weapon,SkyrazerAscendedInferiorBlast1,Icon" Value="Assets\Textures\fireball_6.dds"/>
        <EffectArray Operation="Set" Reference="Weapon,SkyrazerAscendedInferiorBlast2,Icon" Value="Assets\Textures\fireball_6.dds"/>
        <EffectArray Operation="Set" Reference="Weapon,SkyrazerAscendedInferiorBlast3,Icon" Value="Assets\Textures\fireball_6.dds"/>
        <EffectArray Operation="Set" Reference="Weapon,SkyrazerAscendedSuperiorBlast,Icon" Value="Assets\Textures\fireball_6.dds"/>
        <EffectArray Operation="Set" Reference="Weapon,SkyrazerAscendedSuperiorBlast1,Icon" Value="Assets\Textures\fireball_6.dds"/>
        <EffectArray Operation="Set" Reference="Weapon,SkyrazerAscendedSuperiorBlast2,Icon" Value="Assets\Textures\fireball_6.dds"/>
        <EffectArray Operation="Set" Reference="Weapon,SkyrazerAscendedSuperiorBlast3,Icon" Value="Assets\Textures\fireball_6.dds"/>
        <EffectArray Operation="Set" Reference="Weapon,VolcanicHarbingerPlasmaFlare,Icon" Value="Assets\Textures\fireball_6.dds"/>
        <EffectArray Operation="Set" Reference="Weapon,VolcanicHarbingerAscendedPlasmaFlare,Icon" Value="Assets\Textures\fireball_6.dds"/>
        <Icon value="Assets\Textures\fireball_6.dds"/>
        <ScoreAmount value="680"/>
    </CUpgrade>
    <CUpgrade id="DragonFireAttacksLevel2" parent="DragonFireAttacks">
        <EffectArray Operation="Set" Reference="Weapon,AuroraConduitNetherShock,Icon" Value="Assets\Textures\fireball_3.dds"/>
        <EffectArray Operation="Set" Reference="Weapon,AuroraConduitAscendedNetherShock,Icon" Value="Assets\Textures\fireball_3.dds"/>
        <EffectArray Operation="Set" Reference="Weapon,BrimstoneDemolisherScorchingBlazeDummy,Icon" Value="Assets\Textures\fireball_3.dds"/>
        <EffectArray Operation="Set" Reference="Weapon,FlamespitterSeekerFlame,Icon" Value="Assets\Textures\fireball_3.dds"/>
        <EffectArray Operation="Set" Reference="Weapon,FlamespitterAscendedSeekerFlame,Icon" Value="Assets\Textures\fireball_3.dds"/>
        <EffectArray Operation="Set" Reference="Weapon,FleshrenderCinderSpike,Icon" Value="Assets\Textures\fireball_3.dds"/>
        <EffectArray Operation="Set" Reference="Weapon,HornedMagusMysticBolt,Icon" Value="Assets\Textures\fireball_3.dds"/>
        <EffectArray Operation="Set" Reference="Weapon,PhlogistonGuardianFulmination,Icon" Value="Assets\Textures\fireball_3.dds"/>
        <EffectArray Operation="Set" Reference="Weapon,SkyrazerInferiorBlast,Icon" Value="Assets\Textures\fireball_3.dds"/>
        <EffectArray Operation="Set" Reference="Weapon,SkyrazerInferiorBlast1,Icon" Value="Assets\Textures\fireball_3.dds"/>
        <EffectArray Operation="Set" Reference="Weapon,SkyrazerInferiorBlast2,Icon" Value="Assets\Textures\fireball_3.dds"/>
        <EffectArray Operation="Set" Reference="Weapon,SkyrazerInferiorBlast3,Icon" Value="Assets\Textures\fireball_3.dds"/>
        <EffectArray Operation="Set" Reference="Weapon,SkyrazerSuperiorBlast,Icon" Value="Assets\Textures\fireball_3.dds"/>
        <EffectArray Operation="Set" Reference="Weapon,SkyrazerSuperiorBlast1,Icon" Value="Assets\Textures\fireball_3.dds"/>
        <EffectArray Operation="Set" Reference="Weapon,SkyrazerSuperiorBlast2,Icon" Value="Assets\Textures\fireball_3.dds"/>
        <EffectArray Operation="Set" Reference="Weapon,SkyrazerSuperiorBlast3,Icon" Value="Assets\Textures\fireball_3.dds"/>
        <EffectArray Operation="Set" Reference="Weapon,SkyrazerAscendedInferiorBlast,Icon" Value="Assets\Textures\fireball_3.dds"/>
        <EffectArray Operation="Set" Reference="Weapon,SkyrazerAscendedInferiorBlast1,Icon" Value="Assets\Textures\fireball_3.dds"/>
        <EffectArray Operation="Set" Reference="Weapon,SkyrazerAscendedInferiorBlast2,Icon" Value="Assets\Textures\fireball_3.dds"/>
        <EffectArray Operation="Set" Reference="Weapon,SkyrazerAscendedInferiorBlast3,Icon" Value="Assets\Textures\fireball_3.dds"/>
        <EffectArray Operation="Set" Reference="Weapon,SkyrazerAscendedSuperiorBlast,Icon" Value="Assets\Textures\fireball_3.dds"/>
        <EffectArray Operation="Set" Reference="Weapon,SkyrazerAscendedSuperiorBlast1,Icon" Value="Assets\Textures\fireball_3.dds"/>
        <EffectArray Operation="Set" Reference="Weapon,SkyrazerAscendedSuperiorBlast2,Icon" Value="Assets\Textures\fireball_3.dds"/>
        <EffectArray Operation="Set" Reference="Weapon,SkyrazerAscendedSuperiorBlast3,Icon" Value="Assets\Textures\fireball_3.dds"/>
        <EffectArray Operation="Set" Reference="Weapon,VolcanicHarbingerPlasmaFlare,Icon" Value="Assets\Textures\fireball_3.dds"/>
        <EffectArray Operation="Set" Reference="Weapon,VolcanicHarbingerAscendedPlasmaFlare,Icon" Value="Assets\Textures\fireball_3.dds"/>
        <Icon value="Assets\Textures\fireball_3.dds"/>
        <ScoreAmount value="1020"/>
    </CUpgrade>
    <CUpgrade id="DragonFireAttacksLevel3" parent="DragonFireAttacks">
        <EffectArray Operation="Set" Reference="Weapon,AuroraConduitNetherShock,Icon" Value="Assets\Textures\fireball_1hot.dds"/>
        <EffectArray Operation="Set" Reference="Weapon,AuroraConduitAscendedNetherShock,Icon" Value="Assets\Textures\fireball_1hot.dds"/>
        <EffectArray Operation="Set" Reference="Weapon,BrimstoneDemolisherScorchingBlazeDummy,Icon" Value="Assets\Textures\fireball_1hot.dds"/>
        <EffectArray Operation="Set" Reference="Weapon,FlamespitterSeekerFlame,Icon" Value="Assets\Textures\fireball_1hot.dds"/>
        <EffectArray Operation="Set" Reference="Weapon,FlamespitterAscendedSeekerFlame,Icon" Value="Assets\Textures\fireball_1hot.dds"/>
        <EffectArray Operation="Set" Reference="Weapon,FleshrenderCinderSpike,Icon" Value="Assets\Textures\fireball_1hot.dds"/>
        <EffectArray Operation="Set" Reference="Weapon,HornedMagusMysticBolt,Icon" Value="Assets\Textures\fireball_1hot.dds"/>
        <EffectArray Operation="Set" Reference="Weapon,PhlogistonGuardianFulmination,Icon" Value="Assets\Textures\fireball_1hot.dds"/>
        <EffectArray Operation="Set" Reference="Weapon,SkyrazerInferiorBlast,Icon" Value="Assets\Textures\fireball_1hot.dds"/>
        <EffectArray Operation="Set" Reference="Weapon,SkyrazerInferiorBlast1,Icon" Value="Assets\Textures\fireball_1hot.dds"/>
        <EffectArray Operation="Set" Reference="Weapon,SkyrazerInferiorBlast2,Icon" Value="Assets\Textures\fireball_1hot.dds"/>
        <EffectArray Operation="Set" Reference="Weapon,SkyrazerInferiorBlast3,Icon" Value="Assets\Textures\fireball_1hot.dds"/>
        <EffectArray Operation="Set" Reference="Weapon,SkyrazerSuperiorBlast,Icon" Value="Assets\Textures\fireball_1hot.dds"/>
        <EffectArray Operation="Set" Reference="Weapon,SkyrazerSuperiorBlast1,Icon" Value="Assets\Textures\fireball_1hot.dds"/>
        <EffectArray Operation="Set" Reference="Weapon,SkyrazerSuperiorBlast2,Icon" Value="Assets\Textures\fireball_1hot.dds"/>
        <EffectArray Operation="Set" Reference="Weapon,SkyrazerSuperiorBlast3,Icon" Value="Assets\Textures\fireball_1hot.dds"/>
        <EffectArray Operation="Set" Reference="Weapon,SkyrazerAscendedInferiorBlast,Icon" Value="Assets\Textures\fireball_1hot.dds"/>
        <EffectArray Operation="Set" Reference="Weapon,SkyrazerAscendedInferiorBlast1,Icon" Value="Assets\Textures\fireball_1hot.dds"/>
        <EffectArray Operation="Set" Reference="Weapon,SkyrazerAscendedInferiorBlast2,Icon" Value="Assets\Textures\fireball_1hot.dds"/>
        <EffectArray Operation="Set" Reference="Weapon,SkyrazerAscendedInferiorBlast3,Icon" Value="Assets\Textures\fireball_1hot.dds"/>
        <EffectArray Operation="Set" Reference="Weapon,SkyrazerAscendedSuperiorBlast,Icon" Value="Assets\Textures\fireball_1hot.dds"/>
        <EffectArray Operation="Set" Reference="Weapon,SkyrazerAscendedSuperiorBlast1,Icon" Value="Assets\Textures\fireball_1hot.dds"/>
        <EffectArray Operation="Set" Reference="Weapon,SkyrazerAscendedSuperiorBlast2,Icon" Value="Assets\Textures\fireball_1hot.dds"/>
        <EffectArray Operation="Set" Reference="Weapon,SkyrazerAscendedSuperiorBlast3,Icon" Value="Assets\Textures\fireball_1hot.dds"/>
        <EffectArray Operation="Set" Reference="Weapon,VolcanicHarbingerPlasmaFlare,Icon" Value="Assets\Textures\fireball_1hot.dds"/>
        <EffectArray Operation="Set" Reference="Weapon,VolcanicHarbingerAscendedPlasmaFlare,Icon" Value="Assets\Textures\fireball_1hot.dds"/>
        <Icon value="Assets\Textures\fireball_1hot.dds"/>
        <ScoreAmount value="1360"/>
    </CUpgrade>
    <CUpgrade id="DragonLineage">
        <Race value="Dragon"/>
        <EffectArray Reference="Unit,AugmentationPitFrontier,LifeArmor" Value="1"/>
        <EffectArray Reference="Unit,AugmentationPitFrontier,LifeArmorLevel" Value="1"/>
        <EffectArray Reference="Unit,AugmentationPitGreater,LifeArmor" Value="1"/>
        <EffectArray Reference="Unit,AugmentationPitGreater,LifeArmorLevel" Value="1"/>
        <EffectArray Reference="Unit,AugmentationPitLesser,LifeArmor" Value="1"/>
        <EffectArray Reference="Unit,AugmentationPitLesser,LifeArmorLevel" Value="1"/>
        <EffectArray Reference="Unit,AugmentationPitTowering,LifeArmor" Value="1"/>
        <EffectArray Reference="Unit,AugmentationPitTowering,LifeArmorLevel" Value="1"/>
        <EffectArray Reference="Unit,Coagulater,LifeArmor" Value="1"/>
        <EffectArray Reference="Unit,Coagulater,LifeArmorLevel" Value="1"/>
        <EffectArray Reference="Unit,DenizenoftheDeep,LifeArmor" Value="2"/>
        <EffectArray Reference="Unit,DenizenoftheDeep,LifeArmorLevel" Value="2"/>
        <EffectArray Reference="Unit,DenizenoftheDeepNoFootprint,LifeArmor" Value="2"/>
        <EffectArray Reference="Unit,DenizenoftheDeepNoFootprint,LifeArmorLevel" Value="2"/>
        <EffectArray Reference="Unit,FrontierDeepOne,LifeArmor" Value="2"/>
        <EffectArray Reference="Unit,FrontierDeepOne,LifeArmorLevel" Value="2"/>
        <EffectArray Reference="Unit,GenesisPitGreater,LifeArmor" Value="1"/>
        <EffectArray Reference="Unit,GenesisPitGreater,LifeArmorLevel" Value="1"/>
        <EffectArray Reference="Unit,GenesisPitLesser,LifeArmor" Value="1"/>
        <EffectArray Reference="Unit,GenesisPitLesser,LifeArmorLevel" Value="1"/>
        <EffectArray Reference="Unit,GenesisPitTowering,LifeArmor" Value="1"/>
        <EffectArray Reference="Unit,GenesisPitTowering,LifeArmorLevel" Value="1"/>
        <EffectArray Reference="Unit,GreaterDeepOne,LifeArmor" Value="2"/>
        <EffectArray Reference="Unit,GreaterDeepOne,LifeArmorLevel" Value="2"/>
        <EffectArray Reference="Unit,GreaterDeepOneNoFootprint,LifeArmor" Value="2"/>
        <EffectArray Reference="Unit,GreaterDeepOneNoFootprint,LifeArmorLevel" Value="2"/>
        <EffectArray Reference="Unit,LesserDeepOne,LifeArmor" Value="2"/>
        <EffectArray Reference="Unit,LesserDeepOne,LifeArmorLevel" Value="2"/>
        <EffectArray Reference="Unit,LesserDeepOneNoFootprint,LifeArmor" Value="2"/>
        <EffectArray Reference="Unit,LesserDeepOneNoFootprint,LifeArmorLevel" Value="2"/>
        <EffectArray Reference="Unit,PhlogistonGuardian,LifeArmor" Value="1"/>
        <EffectArray Reference="Unit,PhlogistonGuardian,LifeArmorLevel" Value="1"/>
        <EffectArray Reference="Unit,Razorback,LifeArmor" Value="1"/>
        <EffectArray Reference="Unit,Razorback,LifeArmorLevel" Value="1"/>
        <EffectArray Reference="Unit,RazorbackNoFootprint,LifeArmor" Value="1"/>
        <EffectArray Reference="Unit,RazorbackNoFootprint,LifeArmorLevel" Value="1"/>
        <EffectArray Reference="Unit,SunkenGuardian,LifeArmor" Value="1"/>
        <EffectArray Reference="Unit,SunkenGuardian,LifeArmorLevel" Value="1"/>
        <EffectArray Reference="Unit,ToweringDeepOne,LifeArmor" Value="2"/>
        <EffectArray Reference="Unit,ToweringDeepOne,LifeArmorLevel" Value="2"/>
        <EffectArray Reference="Unit,ToweringDeepOneNoFootprint,LifeArmor" Value="2"/>
        <EffectArray Reference="Unit,ToweringDeepOneNoFootprint,LifeArmorLevel" Value="2"/>
        <EditorCategories value="Race:Dragon,UpgradeType:Talents"/>
        <Icon value="Assets\Textures\btn-unit-zerg-finalboss.dds"/>
        <ScoreAmount value="1020"/>
    </CUpgrade>
    <CUpgrade id="DragonMeleeAttacksLevel1" parent="DragonMeleeAttacks">
        <EffectArray Operation="Set" Reference="Weapon,BerserkerCrushingBlow,Icon" Value="Assets\Textures\btn-upgrade-zerg-meleeattacks-level1.dds"/>
        <EffectArray Operation="Set" Reference="Weapon,BerserkerAscendedCrushingBlow,Icon" Value="Assets\Textures\btn-upgrade-zerg-meleeattacks-level1.dds"/>
        <EffectArray Operation="Set" Reference="Weapon,BrimstoneDemolisherBrutalThrash,Icon" Value="Assets\Textures\btn-upgrade-zerg-meleeattacks-level1.dds"/>
        <EffectArray Operation="Set" Reference="Weapon,FlamespitterClaws,Icon" Value="Assets\Textures\btn-upgrade-zerg-meleeattacks-level1.dds"/>
        <EffectArray Operation="Set" Reference="Weapon,FlamespitterAscendedClaws,Icon" Value="Assets\Textures\btn-upgrade-zerg-meleeattacks-level1.dds"/>
        <EffectArray Operation="Set" Reference="Weapon,FleshrenderShred,Icon" Value="Assets\Textures\btn-upgrade-zerg-meleeattacks-level1.dds"/>
        <EffectArray Operation="Set" Reference="Weapon,HornedMagusHeadbutt,Icon" Value="Assets\Textures\btn-upgrade-zerg-meleeattacks-level1.dds"/>
        <EffectArray Operation="Set" Reference="Weapon,DragonHunterClaws,Icon" Value="Assets\Textures\btn-upgrade-zerg-meleeattacks-level1.dds"/>
        <EffectArray Operation="Set" Reference="Weapon,DragonHunterTongueLash,Icon" Value="Assets\Textures\btn-upgrade-zerg-meleeattacks-level1.dds"/>
        <EffectArray Operation="Set" Reference="Weapon,PlodderPincer,Icon" Value="Assets\Textures\btn-upgrade-zerg-meleeattacks-level1.dds"/>
        <EffectArray Operation="Set" Reference="Weapon,SkyrazerSavageClaws,Icon" Value="Assets\Textures\btn-upgrade-zerg-meleeattacks-level1.dds"/>
        <EffectArray Operation="Set" Reference="Weapon,SkyrazerSavageClaws1,Icon" Value="Assets\Textures\btn-upgrade-zerg-meleeattacks-level1.dds"/>
        <EffectArray Operation="Set" Reference="Weapon,SkyrazerSavageClaws2,Icon" Value="Assets\Textures\btn-upgrade-zerg-meleeattacks-level1.dds"/>
        <EffectArray Operation="Set" Reference="Weapon,SkyrazerSavageClaws3,Icon" Value="Assets\Textures\btn-upgrade-zerg-meleeattacks-level1.dds"/>
        <EffectArray Operation="Set" Reference="Weapon,SunkenGuardianImpale,Icon" Value="Assets\Textures\btn-upgrade-zerg-meleeattacks-level1.dds"/>
        <EffectArray Operation="Set" Reference="Weapon,UnseenBeastSpiritSmashDisplay,Icon" Value="Assets\Textures\btn-upgrade-zerg-meleeattacks-level1.dds"/>
        <Icon value="Assets\Textures\btn-upgrade-zerg-meleeattacks-level1.dds"/>
        <ScoreAmount value="340"/>
    </CUpgrade>
    <CUpgrade id="DragonMeleeAttacksLevel2" parent="DragonMeleeAttacks">
        <EffectArray Operation="Set" Reference="Weapon,BerserkerCrushingBlow,Icon" Value="Assets\Textures\btn-upgrade-zerg-meleeattacks-level2.dds"/>
        <EffectArray Operation="Set" Reference="Weapon,BerserkerAscendedCrushingBlow,Icon" Value="Assets\Textures\btn-upgrade-zerg-meleeattacks-level2.dds"/>
        <EffectArray Operation="Set" Reference="Weapon,BrimstoneDemolisherBrutalThrash,Icon" Value="Assets\Textures\btn-upgrade-zerg-meleeattacks-level2.dds"/>
        <EffectArray Operation="Set" Reference="Weapon,FlamespitterClaws,Icon" Value="Assets\Textures\btn-upgrade-zerg-meleeattacks-level2.dds"/>
        <EffectArray Operation="Set" Reference="Weapon,FlamespitterAscendedClaws,Icon" Value="Assets\Textures\btn-upgrade-zerg-meleeattacks-level2.dds"/>
        <EffectArray Operation="Set" Reference="Weapon,FleshrenderShred,Icon" Value="Assets\Textures\btn-upgrade-zerg-meleeattacks-level2.dds"/>
        <EffectArray Operation="Set" Reference="Weapon,HornedMagusHeadbutt,Icon" Value="Assets\Textures\btn-upgrade-zerg-meleeattacks-level2.dds"/>
        <EffectArray Operation="Set" Reference="Weapon,DragonHunterClaws," Value="Assets\Textures\btn-upgrade-zerg-meleeattacks-level2.dds"/>
        <EffectArray Operation="Set" Reference="Weapon,DragonHunterTongueLash,Icon" Value="Assets\Textures\btn-upgrade-zerg-meleeattacks-level2.dds"/>
        <EffectArray Operation="Set" Reference="Weapon,PlodderPincer,Icon" Value="Assets\Textures\btn-upgrade-zerg-meleeattacks-level2.dds"/>
        <EffectArray Operation="Set" Reference="Weapon,SkyrazerSavageClaws,Icon" Value="Assets\Textures\btn-upgrade-zerg-meleeattacks-level2.dds"/>
        <EffectArray Operation="Set" Reference="Weapon,SkyrazerSavageClaws1,Icon" Value="Assets\Textures\btn-upgrade-zerg-meleeattacks-level2.dds"/>
        <EffectArray Operation="Set" Reference="Weapon,SkyrazerSavageClaws2,Icon" Value="Assets\Textures\btn-upgrade-zerg-meleeattacks-level2.dds"/>
        <EffectArray Operation="Set" Reference="Weapon,SkyrazerSavageClaws3,Icon" Value="Assets\Textures\btn-upgrade-zerg-meleeattacks-level2.dds"/>
        <EffectArray Operation="Set" Reference="Weapon,SunkenGuardianImpale,Icon" Value="Assets\Textures\btn-upgrade-zerg-meleeattacks-level2.dds"/>
        <EffectArray Operation="Set" Reference="Weapon,UnseenBeastSpiritSmashDisplay,Icon" Value="Assets\Textures\btn-upgrade-zerg-meleeattacks-level2.dds"/>
        <Icon value="Assets\Textures\btn-upgrade-zerg-meleeattacks-level2.dds"/>
        <ScoreAmount value="510"/>
    </CUpgrade>
    <CUpgrade id="DragonMeleeAttacksLevel3" parent="DragonMeleeAttacks">
        <EffectArray Operation="Set" Reference="Weapon,BerserkerCrushingBlow,Icon" Value="Assets\Textures\btn-upgrade-zerg-meleeattacks-level3.dds"/>
        <EffectArray Operation="Set" Reference="Weapon,BerserkerAscendedCrushingBlow,Icon" Value="Assets\Textures\btn-upgrade-zerg-meleeattacks-level3.dds"/>
        <EffectArray Operation="Set" Reference="Weapon,BrimstoneDemolisherBrutalThrash,Icon" Value="Assets\Textures\btn-upgrade-zerg-meleeattacks-level3.dds"/>
        <EffectArray Operation="Set" Reference="Weapon,FlamespitterClaws,Icon" Value="Assets\Textures\btn-upgrade-zerg-meleeattacks-level3.dds"/>
        <EffectArray Operation="Set" Reference="Weapon,FlamespitterAscendedClaws,Icon" Value="Assets\Textures\btn-upgrade-zerg-meleeattacks-level3.dds"/>
        <EffectArray Operation="Set" Reference="Weapon,FleshrenderShred,Icon" Value="Assets\Textures\btn-upgrade-zerg-meleeattacks-level3.dds"/>
        <EffectArray Operation="Set" Reference="Weapon,HornedMagusHeadbutt,Icon" Value="Assets\Textures\btn-upgrade-zerg-meleeattacks-level3.dds"/>
        <EffectArray Operation="Set" Reference="Weapon,DragonHunterClaws,Icon" Value="Assets\Textures\btn-upgrade-zerg-meleeattacks-level3.dds"/>
        <EffectArray Operation="Set" Reference="Weapon,DragonHunterTongueLash,Icon" Value="Assets\Textures\btn-upgrade-zerg-meleeattacks-level3.dds"/>
        <EffectArray Operation="Set" Reference="Weapon,PlodderPincer,Icon" Value="Assets\Textures\btn-upgrade-zerg-meleeattacks-level3.dds"/>
        <EffectArray Operation="Set" Reference="Weapon,SkyrazerSavageClaws,Icon" Value="Assets\Textures\btn-upgrade-zerg-meleeattacks-level3.dds"/>
        <EffectArray Operation="Set" Reference="Weapon,SkyrazerSavageClaws1,Icon" Value="Assets\Textures\btn-upgrade-zerg-meleeattacks-level3.dds"/>
        <EffectArray Operation="Set" Reference="Weapon,SkyrazerSavageClaws2,Icon" Value="Assets\Textures\btn-upgrade-zerg-meleeattacks-level3.dds"/>
        <EffectArray Operation="Set" Reference="Weapon,SkyrazerSavageClaws3,Icon" Value="Assets\Textures\btn-upgrade-zerg-meleeattacks-level3.dds"/>
        <EffectArray Operation="Set" Reference="Weapon,SunkenGuardianImpale,Icon" Value="Assets\Textures\btn-upgrade-zerg-meleeattacks-level3.dds"/>
        <EffectArray Operation="Set" Reference="Weapon,UnseenBeastSpiritSmashDisplay,Icon" Value="Assets\Textures\btn-upgrade-zerg-meleeattacks-level3.dds"/>
        <Icon value="Assets\Textures\btn-upgrade-zerg-meleeattacks-level3.dds"/>
        <ScoreAmount value="680"/>
    </CUpgrade>
    <CUpgrade id="DragonPlateArmorLevel1" parent="DragonPlateArmors">
        <EffectArray Operation="Set" Reference="Actor,Arkwyrm,LifeArmorIcon" Value="Assets\Textures\btn-upgrade-zerg-groundcarapace-level1.dds"/>
        <EffectArray Operation="Set" Reference="Actor,AscendedArkwyrm,LifeArmorIcon" Value="Assets\Textures\btn-upgrade-zerg-groundcarapace-level1.dds"/>
        <EffectArray Operation="Set" Reference="Actor,AugmentationPitFrontier,LifeArmorIcon" Value="Assets\Textures\btn-upgrade-zerg-groundcarapace-level1.dds"/>
        <EffectArray Operation="Set" Reference="Actor,AugmentationPitGreater,LifeArmorIcon" Value="Assets\Textures\btn-upgrade-zerg-groundcarapace-level1.dds"/>
        <EffectArray Operation="Set" Reference="Actor,AugmentationPitLesser,LifeArmorIcon" Value="Assets\Textures\btn-upgrade-zerg-groundcarapace-level1.dds"/>
        <EffectArray Operation="Set" Reference="Actor,AugmentationPitTowering,LifeArmorIcon" Value="Assets\Textures\btn-upgrade-zerg-groundcarapace-level1.dds"/>
        <EffectArray Operation="Set" Reference="Actor,AuroraConduit,LifeArmorIcon" Value="Assets\Textures\btn-upgrade-zerg-groundcarapace-level1.dds"/>
        <EffectArray Operation="Set" Reference="Actor,AscendedAuroraConduit,LifeArmorIcon" Value="Assets\Textures\btn-upgrade-zerg-groundcarapace-level1.dds"/>
        <EffectArray Operation="Set" Reference="Actor,BrimstoneDemolisher,LifeArmorIcon" Value="Assets\Textures\btn-upgrade-zerg-groundcarapace-level1.dds"/>
        <EffectArray Operation="Set" Reference="Actor,AscendedBrimstoneDemolisher,LifeArmorIcon" Value="Assets\Textures\btn-upgrade-zerg-groundcarapace-level1.dds"/>
        <EffectArray Operation="Set" Reference="Actor,Coagulater,LifeArmorIcon" Value="Assets\Textures\btn-upgrade-zerg-groundcarapace-level1.dds"/>
        <EffectArray Operation="Set" Reference="Actor,DenizenoftheDeep,LifeArmorIcon" Value="Assets\Textures\btn-upgrade-zerg-groundcarapace-level1.dds"/>
        <EffectArray Operation="Set" Reference="Actor,FrontierDeepOne,LifeArmorIcon" Value="Assets\Textures\btn-upgrade-zerg-groundcarapace-level1.dds"/>
        <EffectArray Operation="Set" Reference="Actor,GenesisPitGreater,LifeArmorIcon" Value="Assets\Textures\btn-upgrade-zerg-groundcarapace-level1.dds"/>
        <EffectArray Operation="Set" Reference="Actor,GenesisPitLesser,LifeArmorIcon" Value="Assets\Textures\btn-upgrade-zerg-groundcarapace-level1.dds"/>
        <EffectArray Operation="Set" Reference="Actor,GenesisPitTowering,LifeArmorIcon" Value="Assets\Textures\btn-upgrade-zerg-groundcarapace-level1.dds"/>
        <EffectArray Operation="Set" Reference="Actor,GreaterDeepOne,LifeArmorIcon" Value="Assets\Textures\btn-upgrade-zerg-groundcarapace-level1.dds"/>
        <EffectArray Operation="Set" Reference="Actor,HandofPower,LifeArmorIcon" Value="Assets\Textures\btn-upgrade-zerg-groundcarapace-level1.dds"/>
        <EffectArray Operation="Set" Reference="Actor,AscendedHandofPower,LifeArmorIcon" Value="Assets\Textures\btn-upgrade-zerg-groundcarapace-level1.dds"/>
        <EffectArray Operation="Set" Reference="Actor,DragonHunter,LifeArmorIcon" Value="Assets\Textures\btn-upgrade-zerg-groundcarapace-level1.dds"/>
        <EffectArray Operation="Set" Reference="Actor,AscendedHunter,LifeArmorIcon" Value="Assets\Textures\btn-upgrade-zerg-groundcarapace-level1.dds"/>
        <EffectArray Operation="Set" Reference="Actor,LesserDeepOne,LifeArmorIcon" Value="Assets\Textures\btn-upgrade-zerg-groundcarapace-level1.dds"/>
        <EffectArray Operation="Set" Reference="Actor,PhlogistonGuardian,LifeArmorIcon" Value="Assets\Textures\btn-upgrade-zerg-groundcarapace-level1.dds"/>
        <EffectArray Operation="Set" Reference="Actor,Razorback,LifeArmorIcon" Value="Assets\Textures\btn-upgrade-zerg-groundcarapace-level1.dds"/>
        <EffectArray Operation="Set" Reference="Actor,Skyrazer,LifeArmorIcon" Value="Assets\Textures\btn-upgrade-zerg-groundcarapace-level1.dds"/>
        <EffectArray Operation="Set" Reference="Actor,AscendedSkyrazer,LifeArmorIcon" Value="Assets\Textures\btn-upgrade-zerg-groundcarapace-level1.dds"/>
        <EffectArray Operation="Set" Reference="Actor,SunkenGuardian,LifeArmorIcon" Value="Assets\Textures\btn-upgrade-zerg-groundcarapace-level1.dds"/>
        <EffectArray Operation="Set" Reference="Actor,ToweringDeepOne,LifeArmorIcon" Value="Assets\Textures\btn-upgrade-zerg-groundcarapace-level1.dds"/>
        <Icon value="Assets\Textures\btn-upgrade-zerg-groundcarapace-level1.dds"/>
        <ScoreAmount value="510"/>
    </CUpgrade>
    <CUpgrade id="DragonPlateArmorLevel2" parent="DragonPlateArmors">
        <EffectArray Operation="Set" Reference="Actor,Arkwyrm,LifeArmorIcon" Value="Assets\Textures\btn-upgrade-zerg-groundcarapace-level2.dds"/>
        <EffectArray Operation="Set" Reference="Actor,AscendedArkwyrm,LifeArmorIcon" Value="Assets\Textures\btn-upgrade-zerg-groundcarapace-level2.dds"/>
        <EffectArray Operation="Set" Reference="Actor,AugmentationPitFrontier,LifeArmorIcon" Value="Assets\Textures\btn-upgrade-zerg-groundcarapace-level2.dds"/>
        <EffectArray Operation="Set" Reference="Actor,AugmentationPitGreater,LifeArmorIcon" Value="Assets\Textures\btn-upgrade-zerg-groundcarapace-level2.dds"/>
        <EffectArray Operation="Set" Reference="Actor,AugmentationPitLesser,LifeArmorIcon" Value="Assets\Textures\btn-upgrade-zerg-groundcarapace-level2.dds"/>
        <EffectArray Operation="Set" Reference="Actor,AugmentationPitTowering,LifeArmorIcon" Value="Assets\Textures\btn-upgrade-zerg-groundcarapace-level2.dds"/>
        <EffectArray Operation="Set" Reference="Actor,AuroraConduit,LifeArmorIcon" Value="Assets\Textures\btn-upgrade-zerg-groundcarapace-level2.dds"/>
        <EffectArray Operation="Set" Reference="Actor,AscendedAuroraConduit,LifeArmorIcon" Value="Assets\Textures\btn-upgrade-zerg-groundcarapace-level2.dds"/>
        <EffectArray Operation="Set" Reference="Actor,BrimstoneDemolisher,LifeArmorIcon" Value="Assets\Textures\btn-upgrade-zerg-groundcarapace-level2.dds"/>
        <EffectArray Operation="Set" Reference="Actor,AscendedBrimstoneDemolisher,LifeArmorIcon" Value="Assets\Textures\btn-upgrade-zerg-groundcarapace-level2.dds"/>
        <EffectArray Operation="Set" Reference="Actor,Coagulater,LifeArmorIcon" Value="Assets\Textures\btn-upgrade-zerg-groundcarapace-level2.dds"/>
        <EffectArray Operation="Set" Reference="Actor,DenizenoftheDeep,LifeArmorIcon" Value="Assets\Textures\btn-upgrade-zerg-groundcarapace-level2.dds"/>
        <EffectArray Operation="Set" Reference="Actor,FrontierDeepOne,LifeArmorIcon" Value="Assets\Textures\btn-upgrade-zerg-groundcarapace-level2.dds"/>
        <EffectArray Operation="Set" Reference="Actor,GenesisPitGreater,LifeArmorIcon" Value="Assets\Textures\btn-upgrade-zerg-groundcarapace-level2.dds"/>
        <EffectArray Operation="Set" Reference="Actor,GenesisPitLesser,LifeArmorIcon" Value="Assets\Textures\btn-upgrade-zerg-groundcarapace-level2.dds"/>
        <EffectArray Operation="Set" Reference="Actor,GenesisPitTowering,LifeArmorIcon" Value="Assets\Textures\btn-upgrade-zerg-groundcarapace-level2.dds"/>
        <EffectArray Operation="Set" Reference="Actor,GreaterDeepOne,LifeArmorIcon" Value="Assets\Textures\btn-upgrade-zerg-groundcarapace-level2.dds"/>
        <EffectArray Operation="Set" Reference="Actor,HandofPower,LifeArmorIcon" Value="Assets\Textures\btn-upgrade-zerg-groundcarapace-level2.dds"/>
        <EffectArray Operation="Set" Reference="Actor,AscendedHandofPower,LifeArmorIcon" Value="Assets\Textures\btn-upgrade-zerg-groundcarapace-level2.dds"/>
        <EffectArray Operation="Set" Reference="Actor,DragonHunter,LifeArmorIcon" Value="Assets\Textures\btn-upgrade-zerg-groundcarapace-level2.dds"/>
        <EffectArray Operation="Set" Reference="Actor,AscendedHunter,LifeArmorIcon" Value="Assets\Textures\btn-upgrade-zerg-groundcarapace-level2.dds"/>
        <EffectArray Operation="Set" Reference="Actor,LesserDeepOne,LifeArmorIcon" Value="Assets\Textures\btn-upgrade-zerg-groundcarapace-level2.dds"/>
        <EffectArray Operation="Set" Reference="Actor,PhlogistonGuardian,LifeArmorIcon" Value="Assets\Textures\btn-upgrade-zerg-groundcarapace-level2.dds"/>
        <EffectArray Operation="Set" Reference="Actor,Razorback,LifeArmorIcon" Value="Assets\Textures\btn-upgrade-zerg-groundcarapace-level2.dds"/>
        <EffectArray Operation="Set" Reference="Actor,Skyrazer,LifeArmorIcon" Value="Assets\Textures\btn-upgrade-zerg-groundcarapace-level2.dds"/>
        <EffectArray Operation="Set" Reference="Actor,AscendedSkyrazer,LifeArmorIcon" Value="Assets\Textures\btn-upgrade-zerg-groundcarapace-level2.dds"/>
        <EffectArray Operation="Set" Reference="Actor,SunkenGuardian,LifeArmorIcon" Value="Assets\Textures\btn-upgrade-zerg-groundcarapace-level2.dds"/>
        <EffectArray Operation="Set" Reference="Actor,ToweringDeepOne,LifeArmorIcon" Value="Assets\Textures\btn-upgrade-zerg-groundcarapace-level2.dds"/>
        <Icon value="Assets\Textures\btn-upgrade-zerg-groundcarapace-level2.dds"/>
        <ScoreAmount value="680"/>
    </CUpgrade>
    <CUpgrade id="DragonPlateArmorLevel3" parent="DragonPlateArmors">
        <EffectArray Operation="Set" Reference="Actor,Arkwyrm,LifeArmorIcon" Value="Assets\Textures\btn-upgrade-zerg-groundcarapace-level3.dds"/>
        <EffectArray Operation="Set" Reference="Actor,AscendedArkwyrm,LifeArmorIcon" Value="Assets\Textures\btn-upgrade-zerg-groundcarapace-level3.dds"/>
        <EffectArray Operation="Set" Reference="Actor,AugmentationPitFrontier,LifeArmorIcon" Value="Assets\Textures\btn-upgrade-zerg-groundcarapace-level3.dds"/>
        <EffectArray Operation="Set" Reference="Actor,AugmentationPitGreater,LifeArmorIcon" Value="Assets\Textures\btn-upgrade-zerg-groundcarapace-level3.dds"/>
        <EffectArray Operation="Set" Reference="Actor,AugmentationPitLesser,LifeArmorIcon" Value="Assets\Textures\btn-upgrade-zerg-groundcarapace-level3.dds"/>
        <EffectArray Operation="Set" Reference="Actor,AugmentationPitTowering,LifeArmorIcon" Value="Assets\Textures\btn-upgrade-zerg-groundcarapace-level3.dds"/>
        <EffectArray Operation="Set" Reference="Actor,AuroraConduit,LifeArmorIcon" Value="Assets\Textures\btn-upgrade-zerg-groundcarapace-level3.dds"/>
        <EffectArray Operation="Set" Reference="Actor,AscendedAuroraConduit,LifeArmorIcon" Value="Assets\Textures\btn-upgrade-zerg-groundcarapace-level3.dds"/>
        <EffectArray Operation="Set" Reference="Actor,BrimstoneDemolisher,LifeArmorIcon" Value="Assets\Textures\btn-upgrade-zerg-groundcarapace-level3.dds"/>
        <EffectArray Operation="Set" Reference="Actor,AscendedBrimstoneDemolisher,LifeArmorIcon" Value="Assets\Textures\btn-upgrade-zerg-groundcarapace-level3.dds"/>
        <EffectArray Operation="Set" Reference="Actor,Coagulater,LifeArmorIcon" Value="Assets\Textures\btn-upgrade-zerg-groundcarapace-level3.dds"/>
        <EffectArray Operation="Set" Reference="Actor,DenizenoftheDeep,LifeArmorIcon" Value="Assets\Textures\btn-upgrade-zerg-groundcarapace-level3.dds"/>
        <EffectArray Operation="Set" Reference="Actor,FrontierDeepOne,LifeArmorIcon" Value="Assets\Textures\btn-upgrade-zerg-groundcarapace-level3.dds"/>
        <EffectArray Operation="Set" Reference="Actor,GenesisPitGreater,LifeArmorIcon" Value="Assets\Textures\btn-upgrade-zerg-groundcarapace-level3.dds"/>
        <EffectArray Operation="Set" Reference="Actor,GenesisPitLesser,LifeArmorIcon" Value="Assets\Textures\btn-upgrade-zerg-groundcarapace-level3.dds"/>
        <EffectArray Operation="Set" Reference="Actor,GenesisPitTowering,LifeArmorIcon" Value="Assets\Textures\btn-upgrade-zerg-groundcarapace-level3.dds"/>
        <EffectArray Operation="Set" Reference="Actor,GreaterDeepOne,LifeArmorIcon" Value="Assets\Textures\btn-upgrade-zerg-groundcarapace-level3.dds"/>
        <EffectArray Operation="Set" Reference="Actor,HandofPower,LifeArmorIcon" Value="Assets\Textures\btn-upgrade-zerg-groundcarapace-level3.dds"/>
        <EffectArray Operation="Set" Reference="Actor,AscendedHandofPower,LifeArmorIcon" Value="Assets\Textures\btn-upgrade-zerg-groundcarapace-level3.dds"/>
        <EffectArray Operation="Set" Reference="Actor,DragonHunter,LifeArmorIcon" Value="Assets\Textures\btn-upgrade-zerg-groundcarapace-level3.dds"/>
        <EffectArray Operation="Set" Reference="Actor,AscendedHunter,LifeArmorIcon" Value="Assets\Textures\btn-upgrade-zerg-groundcarapace-level3.dds"/>
        <EffectArray Operation="Set" Reference="Actor,LesserDeepOne,LifeArmorIcon" Value="Assets\Textures\btn-upgrade-zerg-groundcarapace-level3.dds"/>
        <EffectArray Operation="Set" Reference="Actor,PhlogistonGuardian,LifeArmorIcon" Value="Assets\Textures\btn-upgrade-zerg-groundcarapace-level3.dds"/>
        <EffectArray Operation="Set" Reference="Actor,Razorback,LifeArmorIcon" Value="Assets\Textures\btn-upgrade-zerg-groundcarapace-level3.dds"/>
        <EffectArray Operation="Set" Reference="Actor,Skyrazer,LifeArmorIcon" Value="Assets\Textures\btn-upgrade-zerg-groundcarapace-level3.dds"/>
        <EffectArray Operation="Set" Reference="Actor,AscendedSkyrazer,LifeArmorIcon" Value="Assets\Textures\btn-upgrade-zerg-groundcarapace-level3.dds"/>
        <EffectArray Operation="Set" Reference="Actor,SunkenGuardian,LifeArmorIcon" Value="Assets\Textures\btn-upgrade-zerg-groundcarapace-level3.dds"/>
        <EffectArray Operation="Set" Reference="Actor,ToweringDeepOne,LifeArmorIcon" Value="Assets\Textures\btn-upgrade-zerg-groundcarapace-level3.dds"/>
        <Icon value="Assets\Textures\btn-upgrade-zerg-groundcarapace-level3.dds"/>
        <ScoreAmount value="1020"/>
    </CUpgrade>
    <CUpgrade id="DragonScaleArmorLevel1" parent="DragonScaleArmors">
        <EffectArray Operation="Set" Reference="Actor,Flamespitter,LifeArmorIcon" Value="Assets\Textures\btn-upgrade-zerg-flyercarapace-level1.dds"/>
        <EffectArray Operation="Set" Reference="Actor,AscendedFlamespitter,LifeArmorIcon" Value="Assets\Textures\btn-upgrade-zerg-flyercarapace-level1.dds"/>
        <EffectArray Operation="Set" Reference="Actor,Fleshrender,LifeArmorIcon" Value="Assets\Textures\btn-upgrade-zerg-flyercarapace-level1.dds"/>
        <EffectArray Operation="Set" Reference="Actor,AscendedFleshrender,LifeArmorIcon" Value="Assets\Textures\btn-upgrade-zerg-flyercarapace-level1.dds"/>
        <EffectArray Operation="Set" Reference="Actor,GrimGlider,LifeArmorIcon" Value="Assets\Textures\btn-upgrade-zerg-flyercarapace-level1.dds"/>
        <EffectArray Operation="Set" Reference="Actor,AscendedGrimGlider,LifeArmorIcon" Value="Assets\Textures\btn-upgrade-zerg-flyercarapace-level1.dds"/>
        <EffectArray Operation="Set" Reference="Actor,HornedMagus,LifeArmorIcon" Value="Assets\Textures\btn-upgrade-zerg-flyercarapace-level1.dds"/>
        <EffectArray Operation="Set" Reference="Actor,AscendedHornedMagus,LifeArmorIcon" Value="Assets\Textures\btn-upgrade-zerg-flyercarapace-level1.dds"/>
        <EffectArray Operation="Set" Reference="Actor,Plodder,LifeArmorIcon" Value="Assets\Textures\btn-upgrade-zerg-flyercarapace-level1.dds"/>
        <EffectArray Operation="Set" Reference="Actor,AscendedPlodder,LifeArmorIcon" Value="Assets\Textures\btn-upgrade-zerg-flyercarapace-level1.dds"/>
        <EffectArray Operation="Set" Reference="Actor,Berserker,LifeArmorIcon" Value="Assets\Textures\btn-upgrade-zerg-flyercarapace-level1.dds"/>
        <EffectArray Operation="Set" Reference="Actor,AscendedRavager,LifeArmorIcon" Value="Assets\Textures\btn-upgrade-zerg-flyercarapace-level1.dds"/>
        <EffectArray Operation="Set" Reference="Actor,UnseenBeast,LifeArmorIcon" Value="Assets\Textures\btn-upgrade-zerg-flyercarapace-level1.dds"/>
        <EffectArray Operation="Set" Reference="Actor,AscendedUnseenBeast,LifeArmorIcon" Value="Assets\Textures\btn-upgrade-zerg-flyercarapace-level1.dds"/>
        <EffectArray Operation="Set" Reference="Actor,VolcanicHarbinger,LifeArmorIcon" Value="Assets\Textures\btn-upgrade-zerg-flyercarapace-level1.dds"/>
        <EffectArray Operation="Set" Reference="Actor,AscendedVolcanicHarbinger,LifeArmorIcon" Value="Assets\Textures\btn-upgrade-zerg-flyercarapace-level1.dds"/>
        <Icon value="Assets\Textures\btn-upgrade-zerg-flyercarapace-level1.dds"/>
        <ScoreAmount value="510"/>
    </CUpgrade>
    <CUpgrade id="DragonScaleArmorLevel2" parent="DragonScaleArmors">
        <EffectArray Operation="Set" Reference="Actor,Flamespitter,LifeArmorIcon" Value="Assets\Textures\btn-upgrade-zerg-flyercarapace-level2.dds"/>
        <EffectArray Operation="Set" Reference="Actor,AscendedFlamespitter,LifeArmorIcon" Value="Assets\Textures\btn-upgrade-zerg-flyercarapace-level2.dds"/>
        <EffectArray Operation="Set" Reference="Actor,Fleshrender,LifeArmorIcon" Value="Assets\Textures\btn-upgrade-zerg-flyercarapace-level2.dds"/>
        <EffectArray Operation="Set" Reference="Actor,AscendedFleshrender,LifeArmorIcon" Value="Assets\Textures\btn-upgrade-zerg-flyercarapace-level2.dds"/>
        <EffectArray Operation="Set" Reference="Actor,GrimGlider,LifeArmorIcon" Value="Assets\Textures\btn-upgrade-zerg-flyercarapace-level2.dds"/>
        <EffectArray Operation="Set" Reference="Actor,AscendedGrimGlider,LifeArmorIcon" Value="Assets\Textures\btn-upgrade-zerg-flyercarapace-level2.dds"/>
        <EffectArray Operation="Set" Reference="Actor,HornedMagus,LifeArmorIcon" Value="Assets\Textures\btn-upgrade-zerg-flyercarapace-level2.dds"/>
        <EffectArray Operation="Set" Reference="Actor,AscendedHornedMagus,LifeArmorIcon" Value="Assets\Textures\btn-upgrade-zerg-flyercarapace-level2.dds"/>
        <EffectArray Operation="Set" Reference="Actor,Plodder,LifeArmorIcon" Value="Assets\Textures\btn-upgrade-zerg-flyercarapace-level2.dds"/>
        <EffectArray Operation="Set" Reference="Actor,AscendedPlodder,LifeArmorIcon" Value="Assets\Textures\btn-upgrade-zerg-flyercarapace-level2.dds"/>
        <EffectArray Operation="Set" Reference="Actor,Berserker,LifeArmorIcon" Value="Assets\Textures\btn-upgrade-zerg-flyercarapace-level2.dds"/>
        <EffectArray Operation="Set" Reference="Actor,AscendedRavager,LifeArmorIcon" Value="Assets\Textures\btn-upgrade-zerg-flyercarapace-level2.dds"/>
        <EffectArray Operation="Set" Reference="Actor,UnseenBeast,LifeArmorIcon" Value="Assets\Textures\btn-upgrade-zerg-flyercarapace-level2.dds"/>
        <EffectArray Operation="Set" Reference="Actor,AscendedUnseenBeast,LifeArmorIcon" Value="Assets\Textures\btn-upgrade-zerg-flyercarapace-level2.dds"/>
        <EffectArray Operation="Set" Reference="Actor,VolcanicHarbinger,LifeArmorIcon" Value="Assets\Textures\btn-upgrade-zerg-flyercarapace-level2.dds"/>
        <EffectArray Operation="Set" Reference="Actor,AscendedVolcanicHarbinger,LifeArmorIcon" Value="Assets\Textures\btn-upgrade-zerg-flyercarapace-level2.dds"/>
        <Icon value="Assets\Textures\btn-upgrade-zerg-flyercarapace-level2.dds"/>
        <ScoreAmount value="680"/>
    </CUpgrade>
    <CUpgrade id="DragonScaleArmorLevel3" parent="DragonScaleArmors">
        <EffectArray Operation="Set" Reference="Actor,Flamespitter,LifeArmorIcon" Value="Assets\Textures\btn-upgrade-zerg-flyercarapace-level3.dds"/>
        <EffectArray Operation="Set" Reference="Actor,AscendedFlamespitter,LifeArmorIcon" Value="Assets\Textures\btn-upgrade-zerg-flyercarapace-level3.dds"/>
        <EffectArray Operation="Set" Reference="Actor,Fleshrender,LifeArmorIcon" Value="Assets\Textures\btn-upgrade-zerg-flyercarapace-level3.dds"/>
        <EffectArray Operation="Set" Reference="Actor,AscendedFleshrender,LifeArmorIcon" Value="Assets\Textures\btn-upgrade-zerg-flyercarapace-level3.dds"/>
        <EffectArray Operation="Set" Reference="Actor,GrimGlider,LifeArmorIcon" Value="Assets\Textures\btn-upgrade-zerg-flyercarapace-level3.dds"/>
        <EffectArray Operation="Set" Reference="Actor,AscendedGrimGlider,LifeArmorIcon" Value="Assets\Textures\btn-upgrade-zerg-flyercarapace-level3.dds"/>
        <EffectArray Operation="Set" Reference="Actor,HornedMagus,LifeArmorIcon" Value="Assets\Textures\btn-upgrade-zerg-flyercarapace-level3.dds"/>
        <EffectArray Operation="Set" Reference="Actor,AscendedHornedMagus,LifeArmorIcon" Value="Assets\Textures\btn-upgrade-zerg-flyercarapace-level3.dds"/>
        <EffectArray Operation="Set" Reference="Actor,Plodder,LifeArmorIcon" Value="Assets\Textures\btn-upgrade-zerg-flyercarapace-level3.dds"/>
        <EffectArray Operation="Set" Reference="Actor,AscendedPlodder,LifeArmorIcon" Value="Assets\Textures\btn-upgrade-zerg-flyercarapace-level3.dds"/>
        <EffectArray Operation="Set" Reference="Actor,Berserker,LifeArmorIcon" Value="Assets\Textures\btn-upgrade-zerg-flyercarapace-level3.dds"/>
        <EffectArray Operation="Set" Reference="Actor,AscendedRavager,LifeArmorIcon" Value="Assets\Textures\btn-upgrade-zerg-flyercarapace-level3.dds"/>
        <EffectArray Operation="Set" Reference="Actor,UnseenBeast,LifeArmorIcon" Value="Assets\Textures\btn-upgrade-zerg-flyercarapace-level3.dds"/>
        <EffectArray Operation="Set" Reference="Actor,AscendedUnseenBeast,LifeArmorIcon" Value="Assets\Textures\btn-upgrade-zerg-flyercarapace-level3.dds"/>
        <EffectArray Operation="Set" Reference="Actor,VolcanicHarbinger,LifeArmorIcon" Value="Assets\Textures\btn-upgrade-zerg-flyercarapace-level3.dds"/>
        <EffectArray Operation="Set" Reference="Actor,AscendedVolcanicHarbinger,LifeArmorIcon" Value="Assets\Textures\btn-upgrade-zerg-flyercarapace-level3.dds"/>
        <Icon value="Assets\Textures\btn-upgrade-zerg-flyercarapace-level3.dds"/>
        <ScoreAmount value="1020"/>
    </CUpgrade>
    <CUpgrade id="GrimGlider">
        <Race value="Dragon"/>
        <EditorCategories value="UpgradeType:Talents,Race:Dragon"/>
        <Icon value="Assets\Textures\btn-critter-sporeray.dds"/>
        <ScoreAmount value="340"/>
    </CUpgrade>
    <CUpgrade id="HornedMagusArcaneEssence">
        <EffectArray Reference="Unit,HornedMagus,EnergyStart" Value="25"/>
        <EffectArray Reference="Unit,AscendedHornedMagus,EnergyStart" Value="25"/>
        <EditorCategories value="UpgradeType:Talents,Race:Dragon"/>
        <AffectedUnitArray value="HornedMagus"/>
        <Icon value="Assets\Textures\btn-tips-biosample.dds"/>
        <ScoreAmount value="340"/>
        <Race value="Dragon"/>
    </CUpgrade>
    <CUpgrade id="FleshrenderProliferation">
        <Race value="Dragon"/>
        <Icon value="Assets\Textures\btn-ability-kerrigan-broodlingnest.dds"/>
        <EffectArray Operation="Set" Reference="Abil,ToweringDeepOneTrain,InfoArray[Train1].Time" Value="20.000000"/>
        <EditorCategories value="UpgradeType:Talents,Race:Dragon"/>
        <AffectedUnitArray value="Fleshrender"/>
        <ScoreAmount value="170"/>
    </CUpgrade>
    <CUpgrade id="HandofPowerMightyFist">
        <EffectArray Reference="Unit,HandofPower,EnergyStart" Value="25"/>
        <EditorCategories value="UpgradeType:Talents,Race:Dragon"/>
        <Icon value="Assets\Textures\ui_tipicon_campaign_hyb02-nullzone.dds"/>
        <AffectedUnitArray value="HandofPower"/>
        <ScoreAmount value="340"/>
        <Race value="Dragon"/>
    </CUpgrade>
    <CUpgrade id="HandofPowerFrenzy">
        <Race value="Dragon"/>
        <EditorCategories value="UpgradeType:Talents,Race:Dragon"/>
        <Icon value="Assets\Textures\btn-ability-zerg-genemutation-attackspeed.dds"/>
        <AffectedUnitArray value="HandofPower"/>
        <ScoreAmount value="510"/>
    </CUpgrade>
    <CUpgrade id="HornedMagusShroud">
        <Race value="Dragon"/>
        <EditorCategories value="UpgradeType:Talents,Race:Dragon"/>
        <Icon value="Assets\Textures\btn-ability-protoss-energize.dds"/>
        <AffectedUnitArray value="HornedMagus"/>
        <ScoreAmount value="340"/>
    </CUpgrade>
    <CUpgrade id="HunterFeast">
        <EffectArray Reference="Unit,DragonHunter,LifeMax" Value="30"/>
        <EffectArray Reference="Unit,DragonHunter,LifeStart" Value="30"/>
        <EffectArray Reference="Unit,AscendedDragonHunter,LifeMax" Value="30"/>
        <EffectArray Reference="Unit,AscendedDragonHunter,LifeStart" Value="30"/>
        <EditorCategories value="UpgradeType:Talents,Race:Dragon"/>
        <AffectedUnitArray value="DragonHunter"/>
        <Icon value="Assets\Textures\btn-upgrade-zerg-adrenaloverload.dds"/>
        <ScoreAmount value="170"/>
        <Race value="Dragon"/>
    </CUpgrade>
    <CUpgrade id="BerserkerMadness">
        <Race value="Dragon"/>
        <Icon value="Assets\Textures\btn-ability-zerg-dehaka-intimidatingroar.dds"/>
        <ScoreAmount value="170"/>
        <EditorCategories value="UpgradeType:Talents,Race:Dragon"/>
        <AffectedUnitArray value="Berserker"/>
    </CUpgrade>
    <CUpgrade id="RazorbackAbundance">
        <Icon value="Assets\Textures\btn-ability-zerg-regenaura.dds"/>
        <EffectArray Reference="Unit,RazorbackNoFootprint,Food" Value="4"/>
        <EffectArray Reference="Unit,RazorbackNoFootprint,LifeRegenRate" Value="0.5"/>
        <EffectArray Reference="Unit,RazorbackNoFootprint,Speed" Value="0.5"/>
        <EditorCategories value="UpgradeType:Talents,Race:Dragon"/>
        <AffectedUnitArray value="RazorbackNoFootprint"/>
        <ScoreAmount value="680"/>
        <Race value="Dragon"/>
    </CUpgrade>
    <CUpgrade id="SkyrazerEmberCore">
        <EffectArray Operation="Set" Reference="Weapon,SkyrazerInferiorBlast,Options[Hidden]" Value="1"/>
        <EffectArray Operation="Set" Reference="Weapon,SkyrazerSuperiorBlast,Options[Hidden]" Value="1"/>
        <EffectArray Operation="Set" Reference="Weapon,SkyrazerSavageClaws,Options[Hidden]" Value="1"/>
        <EffectArray Operation="Set" Reference="Weapon,SkyrazerAscendedInferiorBlast,Options[Hidden]" Value="1"/>
        <EffectArray Operation="Set" Reference="Weapon,SkyrazerAscendedSuperiorBlast,Options[Hidden]" Value="1"/>
        <EffectArray Reference="Weapon,SkyrazerInferiorBlast1,Range" Value="1"/>
        <EffectArray Reference="Weapon,SkyrazerInferiorBlast2,Range" Value="2"/>
        <EffectArray Reference="Weapon,SkyrazerInferiorBlast3,Range" Value="3"/>
        <EffectArray Reference="Weapon,SkyrazerSuperiorBlast1,Range" Value="1"/>
        <EffectArray Reference="Weapon,SkyrazerSuperiorBlast2,Range" Value="2"/>
        <EffectArray Reference="Weapon,SkyrazerSuperiorBlast3,Range" Value="3"/>
        <EffectArray Reference="Weapon,SkyrazerAscendedInferiorBlast1,Range" Value="1"/>
        <EffectArray Reference="Weapon,SkyrazerAscendedInferiorBlast2,Range" Value="2"/>
        <EffectArray Reference="Weapon,SkyrazerAscendedInferiorBlast3,Range" Value="3"/>
        <EffectArray Reference="Weapon,SkyrazerAscendedSuperiorBlast1,Range" Value="1"/>
        <EffectArray Reference="Weapon,SkyrazerAscendedSuperiorBlast2,Range" Value="2"/>
        <EffectArray Reference="Weapon,SkyrazerAscendedSuperiorBlast3,Range" Value="3"/>
        <EditorCategories value="Race:Dragon,UpgradeType:Talents"/>
        <AffectedUnitArray value="Skyrazer"/>
        <Icon value="Assets\Textures\ui_tipicon_evolution_baneling-lava.dds"/>
        <ScoreAmount value="340"/>
        <Race value="Dragon"/>
    </CUpgrade>
    <CUpgrade id="FlamespitterFervidReconstitution">
        <Race value="Dragon"/>
        <EffectArray Operation="Set" Reference="Effect,FlamespitterAttackApplyBehavior,Behavior" Value="FlamespitterFervor"/>
        <EffectArray Reference="Effect,FlamespitterClawsDamage,Amount" Value="1"/>
        <EffectArray Reference="Effect,FlamespitterAscendedClawsDamage,Amount" Value="1"/>
        <EffectArray Reference="Effect,FlamespitterSeekerFlameDamage,Amount" Value="1"/>
        <EffectArray Reference="Effect,FlamespitterAscendedSeekerFlameDamage,Amount" Value="1"/>
        <EditorCategories value="Race:Dragon,UpgradeType:Talents"/>
        <AffectedUnitArray value="Flamespitter"/>
        <Icon value="Assets\Textures\btn-ability-kerrigan-wildmutation.dds"/>
        <ScoreAmount value="510"/>
    </CUpgrade>
    <CUpgrade id="BrimstoneDemolisherInfernalBreath" parent="Research">
        <Race value="Dragon"/>
        <EffectArray Reference="Weapon,BrimstoneDemolisherScorchingBlaze,Range" Value="3"/>
        <EffectArray Reference="Weapon,BrimstoneDemolisherScorchingBlazeDummy,Range" Value="3"/>
        <EffectArray Reference="Effect,BrimstoneDemolisherScorchingBlazeCreatePersistent1,PeriodCount" Value="6"/>
        <EffectArray Reference="Effect,BrimstoneDemolisherScorchingBlazeCreatePersistent2,PeriodCount" Value="6"/>
        <EffectArray Reference="Unit,BrimstoneDemolisher,EnergyStart" Value="25"/>
        <EditorCategories value="Race:Dragon,UpgradeType:Talents"/>
        <AffectedUnitArray value="BrimstoneDemolisher"/>
        <Icon value="Assets\Textures\btn-tips-walloffire.dds"/>
        <ScoreAmount value="680"/>
    </CUpgrade>
    <CUpgrade id="UnseenBeast">
        <EditorCategories value="UpgradeType:Talents,Race:Dragon"/>
        <Icon value="Assets\Textures\wireframe-critter-matriarchsnowbeast.dds"/>
        <ScoreAmount value="680"/>
        <Race value="Dragon"/>
    </CUpgrade>
    <CUpgrade id="VolcanicHarbingerPlasmaCatalyst">
        <EffectArray Operation="Subtract" Reference="Abil,VolcanicHarbingerOverload,InfoArray[Ammo1].Time" Value="2.000000"/>
        <EditorCategories value="Race:Dragon,UpgradeType:Talents"/>
        <AffectedUnitArray value="VolcanicHarbinger"/>
        <Icon value="Assets\Textures\btn-ability-kerrigan-chainreaction.dds"/>
        <ScoreAmount value="680"/>
        <Race value="Dragon"/>
    </CUpgrade>
    <CUpgrade id="GrimGliderWraithNight">
        <EditorCategories value="Race:Dragon,UpgradeType:Talents"/>
        <Icon value="Assets\Textures\btn-upgrade-zerg-enduringcorruption.dds"/>
        <AffectedUnitArray value="GrimGlider"/>
        <ScoreAmount value="510"/>
        <Race value="Dragon"/>
    </CUpgrade>
</Catalog>
