<?xml version="1.0" encoding="utf-8"?>
<Catalog>
    <CValidatorUnitCompareField default="1" id="DragonFissionSupplyCost">
        <Field value="Food"/>
    </CValidatorUnitCompareField>
    <CValidatorCombine default="1" id="DragonFissionSupply">
        <Type value="And"/>
        <CombineArray value="##id##Available"/>
        <CombineArray value="##id##Cost"/>
    </CValidatorCombine>
    <CValidatorPlayerCompareFoodAvailable default="1" id="DragonFissionSupplyAvailable">
        <Compare value="GE"/>
    </CValidatorPlayerCompareFoodAvailable>
    <CValidatorUnitCompareBehaviorCount id="ArkwyrmUnload">
        <Compare value="GT"/>
        <Behavior value="ArkwyrmUnload"/>
    </CValidatorUnitCompareBehaviorCount>
    <CValidatorUnitCompareBehaviorCount id="AugmentationPit">
        <WhichUnit Value="Caster"/>
        <Compare value="GT"/>
        <Behavior value="AugmentationPit"/>
    </CValidatorUnitCompareBehaviorCount>
    <CValidatorCombine id="AugmentationPitCombine">
        <CombineArray value="AugmentationPit"/>
        <CombineArray value="NotGenesisPit"/>
    </CValidatorCombine>
    <CValidatorCombine id="BrimstoneDemolisherScorchingBlazePeriodic">
        <Type value="And"/>
        <CombineArray value="CasterHasEnergy"/>
        <CombineArray value="BrimstoneDemolisherScorchingBlazeUnitFilter"/>
    </CValidatorCombine>
    <CValidatorCombine id="BrimstoneDemolisherScorchingBlaze">
        <CombineArray value="healCasterMinEnergy"/>
        <CombineArray value="BrimstoneDemolisherScorchingBlaze22"/>
    </CValidatorCombine>
    <CValidatorUnitCompareBehaviorCount id="BrimstoneDemolisherScorchingBlaze22">
        <WhichUnit Value="Caster"/>
        <Compare value="GT"/>
        <Behavior value="BrimstoneDemolisherScorchingBlaze2"/>
    </CValidatorUnitCompareBehaviorCount>
    <CValidatorUnitFilters id="BrimstoneDemolisherScorchingBlazeUnitFilter">
        <Filters value="Ground,Visible;Missile,Stasis,Dead,Hidden,Invulnerable"/>
    </CValidatorUnitFilters>
    <CValidatorCombine id="DragonFission">
        <ResultFailed value="NotEnoughFood"/>
        <CombineArray value="DragonFissionSupply1"/>
        <CombineArray value="DragonFissionSupply1"/>
        <CombineArray value="DragonFissionSupply2"/>
        <CombineArray value="DragonFissionSupply3"/>
        <CombineArray value="DragonFissionSupply4"/>
        <CombineArray value="DragonFissionSupply6"/>
    </CValidatorCombine>
    <CValidatorCombine id="DragonFissionSupply1" parent="DragonFissionSupply"/>
    <CValidatorUnitCompareField id="DragonFissionSupply1Cost" parent="DragonFissionSupplyCost">
        <Value value="-1"/>
    </CValidatorUnitCompareField>
    <CValidatorUnitCompareField id="DragonFissionSupply2Cost" parent="DragonFissionSupplyCost">
        <Value value="-2"/>
    </CValidatorUnitCompareField>
    <CValidatorCombine id="DragonFissionSupply2" parent="DragonFissionSupply"/>
    <CValidatorUnitCompareField id="DragonFissionSupply3Cost" parent="DragonFissionSupplyCost">
        <Value value="-3"/>
    </CValidatorUnitCompareField>
    <CValidatorCombine id="DragonFissionSupply3" parent="DragonFissionSupply"/>
    <CValidatorUnitCompareField id="DragonFissionSupply4Cost" parent="DragonFissionSupplyCost">
        <Value value="-4"/>
    </CValidatorUnitCompareField>
    <CValidatorCombine id="DragonFissionSupply4" parent="DragonFissionSupply"/>
    <CValidatorUnitCompareField id="DragonFissionSupply6Cost" parent="DragonFissionSupplyCost">
        <Value value="-6"/>
    </CValidatorUnitCompareField>
    <CValidatorCombine id="DragonFissionSupply6" parent="DragonFissionSupply"/>
    <CValidatorUnitCompareBehaviorCount id="FleshrenderInfernalAscendOff">
        <Behavior value="FleshrenderInfernalAscend"/>
    </CValidatorUnitCompareBehaviorCount>
    <CValidatorUnitCompareBehaviorCount id="FleshrenderInfernalAscendOn" parent="FleshrenderInfernalAscendOff">
        <Compare value="GT"/>
    </CValidatorUnitCompareBehaviorCount>
    <CValidatorCombine id="FleshrenderInfernalAscendRetarget">
        <Type value="And"/>
        <CombineArray value="DragonRetarget"/>
        <CombineArray value="FleshrenderInfernalAscendOff"/>
        <CombineArray value="IsFleshrender"/>
        <CombineArray value="NotAscended"/>
    </CValidatorCombine>
    <CValidatorUnitType id="IsFleshrender">
        <Value value="Fleshrender"/>
        <Type value="SelectAlias"/>
    </CValidatorUnitType>
    <CValidatorUnitCompareBehaviorCount id="NotAscended">
        <Behavior value="DragonAscended"/>
    </CValidatorUnitCompareBehaviorCount>
    <CValidatorUnitCompareBehaviorCount id="Ascended" parent="NotAscended">
        <Compare value="GT"/>
    </CValidatorUnitCompareBehaviorCount>
    <CValidatorUnitCompareBehaviorCount id="CasterNotAscended" parent="NotAscended">
        <WhichUnit Value="Caster"/>
    </CValidatorUnitCompareBehaviorCount>
    <CValidatorUnitCompareBehaviorCount id="CasterAscended" parent="CasterNotAscended">
        <Compare value="GT"/>
    </CValidatorUnitCompareBehaviorCount>
    <CValidatorUnitOrderTargetType id="UnseenBeastTeleportAssault">
        <ResultFailed value="MustTargetUnit"/>
        <AbilLink value="attack"/>
    </CValidatorUnitOrderTargetType>
    <CValidatorUnitOrderQueue id="CasterAttackingTarget">
        <AbilLink value="attack"/>
        <Target Value="TargetUnit"/>
    </CValidatorUnitOrderQueue>
    <CValidatorUnitCompareCargo id="CasterHasCargo" parent="HasCargo">
        <WhichUnit Value="Caster"/>
    </CValidatorUnitCompareCargo>
    <CValidatorUnitType id="CasterisGenesisPit">
        <WhichUnit Value="Caster"/>
        <Value value="GenesisPit"/>
    </CValidatorUnitType>
    <CValidatorUnitCompareOrderTargetRange id="UnseenBeastTeleportAssaultMinimumDistance">
        <ResultFailed value="TargetIsTooClose"/>
        <WhichUnit Value="Caster"/>
        <OtherUnit Effect="UnseenBeastTeleportAssaultCreatePersistent" Value="Target"/>
        <Compare value="GT"/>
        <AbilLink value="attack"/>
        <Value value="1.5"/>
    </CValidatorUnitCompareOrderTargetRange>
    <CValidatorLocationCompareCliffLevel id="CliffLevelGT1" parent="CliffLevelGE1">
        <Value value="2"/>
    </CValidatorLocationCompareCliffLevel>
    <CValidatorLocationCompareCliffLevel id="CliffLevelGT2" parent="CliffLevelGE1">
        <Value value="3"/>
    </CValidatorLocationCompareCliffLevel>
    <CValidatorLocationCompareCliffLevel id="CliffLevelLT2" parent="CliffLevelGT1">
        <Compare value="LT"/>
    </CValidatorLocationCompareCliffLevel>
    <CValidatorLocationCompareCliffLevel id="CliffLevelLT3" parent="CliffLevelGT2">
        <Compare value="LT"/>
    </CValidatorLocationCompareCliffLevel>
    <CValidatorCombine id="DenizenoftheDeepCrystalize">
        <Type value="And"/>
        <CombineArray value="DenizenoftheDeepNotBuilding"/>
        <CombineArray value="PlayerHasVespene"/>
    </CValidatorCombine>
    <CValidatorUnitCompareBehaviorCount id="DenizenoftheDeepCrystalize1">
        <Compare value="GE"/>
        <Value value="5"/>
        <Behavior value="DenizenoftheDeepCrystalize1"/>
    </CValidatorUnitCompareBehaviorCount>
    <CValidatorUnitCompareBehaviorCount id="DenizenoftheDeepCrystalize2">
        <Compare value="GE"/>
        <Value value="12"/>
        <Behavior value="DenizenoftheDeepCrystalize2"/>
    </CValidatorUnitCompareBehaviorCount>
    <CValidatorCombine id="DenizenoftheDeepLiquify">
        <Type value="And"/>
        <CombineArray value="DenizenoftheDeepNotBuilding"/>
        <CombineArray value="PlayerHasMinerals"/>
    </CValidatorCombine>
    <CValidatorUnitCompareBehaviorCount id="DenizenoftheDeepLiquify1">
        <Compare value="GE"/>
        <Value value="5"/>
        <Behavior value="DenizenoftheDeepLiquify1"/>
    </CValidatorUnitCompareBehaviorCount>
    <CValidatorUnitCompareBehaviorCount id="DenizenoftheDeepLiquify2">
        <Compare value="GE"/>
        <Value value="12"/>
        <Behavior value="DenizenoftheDeepLiquify2"/>
    </CValidatorUnitCompareBehaviorCount>
    <CValidatorUnitCompareOrderCount id="DenizenoftheDeepNotBuilding">
        <AbilLink value="DenizenoftheDeepTrain"/>
    </CValidatorUnitCompareOrderCount>
    <CValidatorUnitCompareField id="DisguiseAsFlamespitter">
        <Field value="Race"/>
        <Value value="Drag"/>
    </CValidatorUnitCompareField>
    <CValidatorUnitCompareDamageTakenTime id="DragonLineage">
        <Compare value="GE"/>
        <Value value="5"/>
    </CValidatorUnitCompareDamageTakenTime>
    <CValidatorUnitFilters id="DragonRetarget">
        <Filters value="-;Missile,Stasis,Dead,Hidden,Invulnerable"/>
    </CValidatorUnitFilters>
    <CValidatorUnitFilters id="DragonRetargetNoAllies" parent="DragonRetarget">
        <Filters value="-;Player,Ally,Missile,Stasis,Dead,Hidden,Invulnerable"/>
    </CValidatorUnitFilters>
    <CValidatorUnitCompareOrderTargetRange id="FleshrenderRange">
        <Compare value="LE"/>
        <AbilLink value="attack"/>
        <Value value="7"/>
    </CValidatorUnitCompareOrderTargetRange>
    <CValidatorCombine id="DragonInvigorate">
        <Type value="And"/>
        <CombineArray value="DragonInvigorateEnergy"/>
        <CombineArray value="DragonInvigorateLife"/>
    </CValidatorCombine>
    <CValidatorUnitCompareVital id="DragonInvigorateEnergy">
        <WhichUnit Value="Caster"/>
        <Compare value="GE"/>
        <Value value="0.125"/>
        <Vital value="Energy"/>
    </CValidatorUnitCompareVital>
    <CValidatorUnitType id="CasterisLesserDeepOne">
        <WhichUnit Value="Caster"/>
        <Value value="LesserDeepOneNoFootprint"/>
    </CValidatorUnitType>
    <CValidatorUnitType id="CasterisToweringDeepOne">
        <WhichUnit Value="Caster"/>
        <Value value="ToweringDeepOneNoFootprint"/>
    </CValidatorUnitType>
    <CValidatorUnitType id="CasterisGreaterDeepOne">
        <WhichUnit Value="Caster"/>
        <Value value="GreaterDeepOneNoFootprint"/>
    </CValidatorUnitType>
    <CValidatorUnitFilters id="SourceNotDead"/>
    <CValidatorPlayerCompareResource id="PlayerHasMinerals">
        <Compare value="GT"/>
    </CValidatorPlayerCompareResource>
    <CValidatorPlayerCompareResource id="PlayerHasVespene">
        <Compare value="GT"/>
        <Resource value="Vespene"/>
    </CValidatorPlayerCompareResource>
    <CValidatorUnitCompareBehaviorCount id="DragonTrain">
        <Compare value="GT"/>
        <Behavior value="DragonTrain1"/>
    </CValidatorUnitCompareBehaviorCount>
    <CValidatorUnitCompareBehaviorCount id="FrontierDeepOneInvigorate">
        <WhichUnit Value="Source"/>
        <Compare value="GT"/>
        <Behavior value="FrontierDeepOneInvigorateCaster"/>
    </CValidatorUnitCompareBehaviorCount>
    <CValidatorUnitCompareBehaviorCount id="GrimGliderMortalitysEclipse">
        <WhichUnit Value="Source"/>
        <Compare value="GT"/>
        <Behavior value="GrimGlider"/>
    </CValidatorUnitCompareBehaviorCount>
    <CValidatorLocationEnumArea id="GrimGliderShadeDamage">
        <WhichLocation Value="TargetUnit"/>
        <AreaArray Radius="10" Validator="IsGrimGliderWraithNight"/>
        <Compare value="Eq"/>
        <SearchFlags index="ExtendByUnitRadius" value="1"/>
        <SearchFilters value="-;Neutral,Enemy,Missile,Stasis,Dead,Hidden,Hallucination,Summoned"/>
    </CValidatorLocationEnumArea>
    <CValidatorPlayerRequirement id="GrimGliderWraithNight">
        <Find value="1"/>
        <Value value="GrimGliderWraithNight"/>
        <WhichUnit Value="Target"/>
    </CValidatorPlayerRequirement>
    <CValidatorUnitCompareBehaviorCount id="NoFrenzy">
        <WhichUnit Value="Caster"/>
        <Behavior value="HandofPowerFrenzy"/>
    </CValidatorUnitCompareBehaviorCount>
    <CValidatorUnitCompareBehaviorCount id="HasFrenzy" parent="NoFrenzy">
        <Compare value="GT"/>
    </CValidatorUnitCompareBehaviorCount>
    <CValidatorUnitCompareBehaviorCount id="NoFireShield">
        <Behavior value="HornedMagusFireShield"/>
    </CValidatorUnitCompareBehaviorCount>
    <CValidatorUnitCompareDamageTakenTime id="HornedMagusShroud">
        <Compare value="GT"/>
        <Value value="0.0625"/>
    </CValidatorUnitCompareDamageTakenTime>
    <CValidatorPlayerRequirement id="HunterFeast">
        <Find value="1"/>
        <Value value="HunterFeast"/>
    </CValidatorPlayerRequirement>
    <CValidatorUnitCompareBehaviorCount id="NoCloakingField">
        <Behavior value="CloakFieldEffect"/>
    </CValidatorUnitCompareBehaviorCount>
    <CValidatorLocationEnumArea id="NoEnemyGrimGliders">
        <WhichLocation Value="TargetUnit"/>
        <AreaArray Radius="10" Validator="IsGrimGlider"/>
        <Compare value="Eq"/>
        <SearchFlags index="ExtendByUnitRadius" value="1"/>
        <SearchFilters value="-;Player,Ally,Missile,Stasis,Dead,Hidden,Hallucination,Summoned"/>
    </CValidatorLocationEnumArea>
    <CValidatorUnitCompareBehaviorCount id="NoShroud">
        <Behavior value="HornedMagusShroud"/>
    </CValidatorUnitCompareBehaviorCount>
    <CValidatorUnitType id="NotBaneling">
        <Value value="Baneling"/>
        <Find value="0"/>
    </CValidatorUnitType>
    <CValidatorCombine id="NotGenesisPit">
        <Type value="And"/>
        <CombineArray value="NotGenesisPit1"/>
        <CombineArray value="NotGenesisPit2"/>
        <CombineArray value="NotGenesisPit3"/>
    </CValidatorCombine>
    <CValidatorUnitType id="NotGenesisPit1">
        <Value value="GenesisPitGreater"/>
        <Find value="0"/>
    </CValidatorUnitType>
    <CValidatorUnitType id="NotGenesisPit2">
        <Value value="GenesisPitLesser"/>
        <Find value="0"/>
    </CValidatorUnitType>
    <CValidatorUnitType id="NotGenesisPit3">
        <Value value="GenesisPitTowering"/>
        <Find value="0"/>
    </CValidatorUnitType>
    <CValidatorCombine id="IsGrimGliderWraithNight">
        <Type value="And"/>
        <CombineArray value="IsGrimGlider"/>
        <CombineArray value="GrimGliderWraithNight"/>
    </CValidatorCombine>
    <CValidatorCombine id="HandofPowerPortalTarget">
        <Type value="And"/>
        <CombineArray value="HandofPowerPortalTarget1"/>
        <CombineArray value="HandofPowerPortalTarget2"/>
    </CValidatorCombine>
    <CValidatorUnitCompareBehaviorCount id="HandofPowerPortalTarget1">
        <Behavior value="HandofPowerPortalTarget1"/>
    </CValidatorUnitCompareBehaviorCount>
    <CValidatorUnitCompareBehaviorCount id="HandofPowerPortalTarget2">
        <Behavior value="HandofPowerPortalTarget2"/>
    </CValidatorUnitCompareBehaviorCount>
    <CValidatorLocationEnumArea id="HandofPowerPortalExit">
        <AreaArray Radius="3" Validator="IsPortalEntrance"/>
        <Compare value="Eq"/>
    </CValidatorLocationEnumArea>
    <CValidatorLocationEnumArea id="HandofPowerPortalEntrance">
        <AreaArray Radius="3" Validator="IsPortalExit"/>
        <Compare value="Eq"/>
    </CValidatorLocationEnumArea>
    <CValidatorUnitCompareBehaviorCount id="HasCrushingGravity">
        <Compare value="GT"/>
        <Behavior value="HandofPowerCrushingGravity"/>
    </CValidatorUnitCompareBehaviorCount>
    <CValidatorUnitCompareBehaviorCount id="DragonInvigorateBehavior">
        <Behavior value="DragonInvigorateTarget"/>
    </CValidatorUnitCompareBehaviorCount>
    <CValidatorUnitCompareBehaviorCount id="HornedMagusFireShield">
        <WhichUnit Value="Source"/>
        <Behavior value="HornedMagusFireShield"/>
    </CValidatorUnitCompareBehaviorCount>
    <CValidatorUnitFilters id="HunterTongueLashModifyUnit">
        <WhichUnit Effect="HunterTongueLashLaunchMissile"/>
        <Filters value="Biological;-"/>
    </CValidatorUnitFilters>
    <CValidatorUnitFilters id="DragonModIsAirUnit">
        <Filters value="Air;-"/>
    </CValidatorUnitFilters>
    <CValidatorCombine id="IsAirUnitorHasCrushingGravity">
        <CombineArray value="DragonModIsAirUnit"/>
        <CombineArray value="HasCrushingGravity"/>
    </CValidatorCombine>
    <CValidatorUnitType id="IsGrimGlider">
        <Value value="GrimGlider"/>
        <Type value="SelectAlias"/>
    </CValidatorUnitType>
    <CValidatorUnitType id="IsPortalEntrance">
        <Value value="HandofPowerPortalEntranceUnit"/>
    </CValidatorUnitType>
    <CValidatorUnitType id="IsPortalExit">
        <Value value="HandofPowerPortalExitUnit"/>
    </CValidatorUnitType>
    <CValidatorUnitCompareBehaviorCount id="Madness">
        <Compare value="GT"/>
        <Behavior value="Berserker"/>
    </CValidatorUnitCompareBehaviorCount>
    <CValidatorCombine id="NotDenizenoftheDeep">
        <Type value="And"/>
        <CombineArray value="NotDenizenoftheDeep1"/>
        <CombineArray value="NotDenizenoftheDeep2"/>
    </CValidatorCombine>
    <CValidatorUnitType id="NotDenizenoftheDeep1">
        <Value value="DenizenoftheDeep"/>
        <Find value="0"/>
    </CValidatorUnitType>
    <CValidatorUnitType id="NotDenizenoftheDeep2">
        <Value value="DenizenoftheDeepNoFootprint"/>
        <Find value="0"/>
    </CValidatorUnitType>
    <CValidatorUnitType id="NotGrimGlider">
        <Value value="GrimGlider"/>
        <Find value="0"/>
        <Type value="SelectAlias"/>
    </CValidatorUnitType>
    <CValidatorCombine id="NotRazorback">
        <CombineArray value="NotRazorback1"/>
        <CombineArray value="NotRazorback2"/>
        <Type value="And"/>
    </CValidatorCombine>
    <CValidatorUnitType id="NotRazorback1">
        <Value value="Razorback"/>
        <Find value="0"/>
    </CValidatorUnitType>
    <CValidatorUnitType id="NotRazorback2">
        <Value value="RazorbackNoFootprint"/>
        <Find value="0"/>
    </CValidatorUnitType>
    <CValidatorUnitCompareBehaviorCount id="NotShade">
        <Behavior value="GrimGliderShade"/>
    </CValidatorUnitCompareBehaviorCount>
    <CValidatorCombine id="NotTownHall">
        <CombineArray value="NotDenizenoftheDeep"/>
    </CValidatorCombine>
    <CValidatorUnitFilters id="OuterIsAirUnit" parent="DragonModIsAirUnit">
        <WhichUnit Value="TargetOuter"/>
    </CValidatorUnitFilters>
    <CValidatorUnitFilters id="OuterisGroundUnit">
        <WhichUnit Value="TargetOuter"/>
        <Filters value="Ground;-"/>
    </CValidatorUnitFilters>
    <CValidatorUnitCompareBehaviorCount id="PortalNotActive">
        <Behavior value="HandofPowerPortalActive"/>
    </CValidatorUnitCompareBehaviorCount>
    <CValidatorUnitFilters id="BerserkerMadness">
        <Filters value="Ground;Missile,Stasis,Dead,Hidden,Invulnerable"/>
    </CValidatorUnitFilters>
    <CValidatorUnitMover id="TargetIsNotAir" parent="TargetIsAir">
        <Find value="0"/>
    </CValidatorUnitMover>
    <CValidatorUnitCompareVital id="DragonInvigorateLife">
        <Compare value="GE"/>
        <Type value="Delta"/>
        <Value value="0.375"/>
    </CValidatorUnitCompareVital>
    <CValidatorUnitCompareField id="TargetRadius0625">
        <Field value="Radius"/>
        <Value value="0.625"/>
    </CValidatorUnitCompareField>
    <CValidatorUnitCompareField id="TargetRadius05">
        <Field value="Radius"/>
        <Value value="0.5"/>
    </CValidatorUnitCompareField>
    <CValidatorUnitCompareField id="TargetRadius0375">
        <Field value="Radius"/>
        <Value value="0.375"/>
    </CValidatorUnitCompareField>
    <CValidatorUnitCompareField id="TargetRadius0875">
        <Field value="Radius"/>
        <Value value="0.875"/>
    </CValidatorUnitCompareField>
    <CValidatorUnitCompareField id="TargetRadius1">
        <Field value="Radius"/>
        <Value value="1"/>
    </CValidatorUnitCompareField>
    <CValidatorPlayerRequirement id="BrimstoneDemolisherInfernalBreath">
        <Find value="1"/>
        <Value value="BrimstoneDemolisherInfernalBreath"/>
    </CValidatorPlayerRequirement>
    <CValidatorUnitOrderTargetType id="FleshrenderTarget">
        <AbilLink value="attack"/>
    </CValidatorUnitOrderTargetType>
    <CValidatorCombine id="UnseenBeastCombine">
        <CombineArray value="UnseenBeastRadar"/>
        <CombineArray value="UnseenBeastVisible"/>
    </CValidatorCombine>
    <CValidatorLocationEnumArea id="UnseenBeastDetectors">
        <WhichLocation Value="CasterUnit"/>
        <AreaArray Radius="11" Validator="HasDetector11"/>
        <Compare value="Eq"/>
        <SearchFlags index="ExtendByUnitRadius" value="1"/>
        <SearchFilters value="Visible;Player,Ally,Neutral,Missile,Stasis,Dead,Hidden"/>
    </CValidatorLocationEnumArea>
    <CValidatorLocationEnumArea id="UnseenBeastRadar">
        <WhichLocation Value="CasterUnit"/>
        <AreaArray Radius="13"/>
        <SearchFlags index="ExtendByUnitRadius" value="1"/>
        <SearchFilters value="-;Player,Ally,Neutral,Missile,Buried,Cloaked,Stasis,Dead,Hidden"/>
    </CValidatorLocationEnumArea>
    <CValidatorUnitCompareOrderTargetRange id="UnseenBeastTeleportAssaultMaximumDistance">
        <ResultFailed value="TargetIsOutOfRange"/>
        <WhichUnit Value="Caster"/>
        <OtherUnit Effect="UnseenBeastTeleportAssaultCreatePersistent" Value="Target"/>
        <Compare value="LE"/>
        <AbilLink value="attack"/>
        <Value value="4"/>
    </CValidatorUnitCompareOrderTargetRange>
    <CValidatorLocationEnumArea id="UnseenBeastVisible">
        <WhichLocation Value="CasterUnit"/>
        <AreaArray Radius="13"/>
        <SearchFlags index="ExtendByUnitRadius" value="1"/>
        <SearchFilters value="Visible;Player,Ally,Neutral,Missile,Stasis,Dead,Hidden"/>
    </CValidatorLocationEnumArea>
    <CValidatorUnitCompareBehaviorCount id="VolcanicHarbinger">
        <WhichUnit Value="Caster"/>
        <Compare value="GT"/>
        <Behavior value="VolcanicHarbingerOverload"/>
    </CValidatorUnitCompareBehaviorCount>
    <CValidatorPlayerRequirement id="VolcanicHarbingerOverload1">
        <Find value="1"/>
        <Value value="VolcanicHarbingerOverload1"/>
    </CValidatorPlayerRequirement>
    <CValidatorPlayerRequirement id="VolcanicHarbingerOverload2">
        <Find value="1"/>
        <Value value="VolcanicHarbingerOverload2"/>
    </CValidatorPlayerRequirement>
    <CValidatorPlayerRequirement id="VolcanicHarbingerOverload3">
        <Find value="1"/>
        <Value value="VolcanicHarbingerOverload3"/>
    </CValidatorPlayerRequirement>
    <CValidatorUnitCompareBehaviorCount id="VolcanicHarbingerPlasmaFlare1">
        <WhichUnit Value="Caster"/>
        <Compare value="GT"/>
        <Behavior value="VolcanicHarbingerOverload1"/>
    </CValidatorUnitCompareBehaviorCount>
    <CValidatorUnitCompareBehaviorCount id="VolcanicHarbingerPlasmaFlare2">
        <WhichUnit Value="Caster"/>
        <Compare value="GT"/>
        <Behavior value="VolcanicHarbingerOverload2"/>
    </CValidatorUnitCompareBehaviorCount>
    <CValidatorUnitCompareBehaviorCount id="VolcanicHarbingerPlasmaFlare3">
        <WhichUnit Value="Caster"/>
        <Compare value="GT"/>
        <Behavior value="VolcanicHarbingerOverload3"/>
    </CValidatorUnitCompareBehaviorCount>
    <CValidatorUnitCompareOrderCount id="VolcanicHarbingerQueue1">
        <AbilLink value="VolcanicHarbingerOverload"/>
        <Value value="1"/>
    </CValidatorUnitCompareOrderCount>
    <CValidatorUnitCompareOrderCount id="VolcanicHarbingerQueue2" parent="VolcanicHarbingerQueue1">
        <Value value="2"/>
    </CValidatorUnitCompareOrderCount>
    <CValidatorUnitCompareOrderCount id="VolcanicHarbingerQueue3" parent="VolcanicHarbingerQueue1">
        <Value value="3"/>
    </CValidatorUnitCompareOrderCount>
    <CValidatorPlayerCompareFoodAvailable id="DragonFissionSupply1Available" parent="DragonFissionSupplyAvailable">
        <Value value="1"/>
    </CValidatorPlayerCompareFoodAvailable>
    <CValidatorPlayerCompareFoodAvailable id="DragonFissionSupply2Available" parent="DragonFissionSupplyAvailable">
        <Value value="2"/>
    </CValidatorPlayerCompareFoodAvailable>
    <CValidatorPlayerCompareFoodAvailable id="DragonFissionSupply3Available" parent="DragonFissionSupplyAvailable">
        <Value value="3"/>
    </CValidatorPlayerCompareFoodAvailable>
    <CValidatorPlayerCompareFoodAvailable id="DragonFissionSupply4Available" parent="DragonFissionSupplyAvailable">
        <Value value="4"/>
    </CValidatorPlayerCompareFoodAvailable>
    <CValidatorPlayerCompareFoodAvailable id="DragonFissionSupply6Available" parent="DragonFissionSupplyAvailable">
        <Value value="6"/>
    </CValidatorPlayerCompareFoodAvailable>
</Catalog>
