<?xml version="1.0" encoding="utf-8"?>
<Catalog>
    <CWeaponLegacy id="PhlogistonGuardianFulmination">
        <Icon value="Assets\Textures\fireball_1.dds"/>
        <DisplayEffect value="PhlogistonGuardianFulminationDamage"/>
        <TargetFilters value="Air,Visible;Missile,Stasis,Dead,Hidden,Invulnerable"/>
        <Range value="7"/>
        <Period value="0.77"/>
        <Effect value="PhlogistonGuardianFulminationLaunchMissile1"/>
        <MinScanRange value="7"/>
        <EditorCategories value="Race:Dragon"/>
    </CWeaponLegacy>
    <CWeaponLegacy id="SunkenGuardianImpale">
        <Icon value="Assets\Textures\btn-upgrade-zerg-meleeattacks-level0.dds"/>
        <DisplayEffect value="SunkenGuardianImpaleDamage"/>
        <TargetFilters value="Ground,Visible;Missile,Stasis,Dead,Hidden,Invulnerable"/>
        <MinScanRange value="7"/>
        <Range value="7"/>
        <Period value="2.03"/>
        <DamagePoint value="0.5"/>
        <Effect value="SunkenGuardianImpaleLaunchMissile"/>
        <Options index="LinkedCooldown" value="0"/>
        <EditorCategories value="Race:Dragon"/>
    </CWeaponLegacy>
    <CWeaponLegacy id="SunkenGuardianImpale1" parent="SunkenGuardianImpale">
        <Options index="Hidden" value="1"/>
    </CWeaponLegacy>
    <CWeaponLegacy id="SunkenGuardianImpale2" parent="SunkenGuardianImpale">
        <Arc value="360"/>
        <Effect value="SunkenGuardianImpaleCreatePersistent"/>
        <Options index="Hidden" value="1"/>
    </CWeaponLegacy>
    <CWeaponStrafe id="FleshrenderAir">
        <Options index="Hidden" value="1"/>
        <Options index="LinkedCooldown" value="0"/>
        <TargetFilters value="Air,Visible;Missile,Stasis,Dead,Hidden,Invulnerable"/>
        <Range value="0"/>
        <Period value="0.56"/>
        <DamagePoint value="0"/>
        <Backswing value="0"/>
        <Effect value="FleshrenderShredCreatePersistent"/>
        <LoiterInnerRadius value="1"/>
        <LoiterRadius value="1.5"/>
        <MinScanRange value="6"/>
        <EditorCategories value="Race:Dragon"/>
    </CWeaponStrafe>
    <CWeaponStrafe id="FleshrenderGround" parent="FleshrenderAir">
        <Name value="Weapon/Name/FleshrenderGround"/>
        <TargetFilters value="Ground,Visible;Air,Missile,Stasis,Dead,Hidden,Invulnerable"/>
        <Range value="2.5"/>
        <LoiterRadius value="2.5"/>
        <Effect value="FleshrenderCinderSpikeCreatePersistent"/>
        <Period value="0.91"/>
    </CWeaponStrafe>
    <CWeaponLegacy id="HornedMagusMysticBolt">
        <Icon value="Assets\Textures\fireball_1.dds"/>
        <DisplayEffect value="HornedMagusMysticBoltDamage"/>
        <TargetFilters value="Visible;Missile,Stasis,Dead,Hidden,Invulnerable"/>
        <Range value="7"/>
        <Period value="1.47"/>
        <DamagePoint value="0.125"/>
        <Effect value="HornedMagusMysticBoltLaunchMissile1"/>
        <MinScanRange value="8"/>
        <EditorCategories value="Race:Dragon"/>
    </CWeaponLegacy>
    <CWeaponLegacy id="AuroraConduitNetherShock">
        <Icon value="Assets\Textures\fireball_1.dds"/>
        <DisplayEffect value="AuroraConduitNetherShockDamage"/>
        <TargetFilters value="Visible;Missile,Stasis,Dead,Hidden,Invulnerable"/>
        <Period value="3.15"/>
        <DamagePoint value="0.125"/>
        <Effect value="AuroraConduitNetherShockSet1"/>
        <AllowedMovement value="Slowing"/>
        <MinScanRange value="7"/>
        <Range value="6"/>
        <Marker>
            <MatchFlags index="Id" value="1"/>
        </Marker>
        <EditorCategories value="Race:Dragon"/>
    </CWeaponLegacy>
    <CWeaponLegacy id="AuroraConduitAscendedNetherShock" parent="AuroraConduitNetherShock">
        <MinScanRange value="8"/>
        <Range value="7"/>
    </CWeaponLegacy>
    <CWeaponLegacy id="PlodderPincer">
        <Icon value="Assets\Textures\btn-upgrade-zerg-meleeattacks-level0.dds"/>
        <DisplayEffect value="PlodderPincerDamage"/>
        <TargetFilters value="Ground,Visible;Missile,Stasis,Dead,Hidden,Invulnerable"/>
        <Range value="0.1"/>
        <Period value="1.5"/>
        <Effect value="PlodderPincerDamage"/>
        <EditorCategories value="Race:Dragon"/>
    </CWeaponLegacy>
    <CWeaponLegacy id="HornedMagusHeadbutt" parent="HornedMagusMysticBolt">
        <Name value="Weapon/Name/HornedMagusHeadbutt"/>
        <Tip value="Weapon/Tip/MysticBolt"/>
        <Options index="Melee" value="1"/>
        <Icon value="Assets\Textures\btn-upgrade-zerg-meleeattacks-level0.dds"/>
        <DisplayEffect value="HornedMagusHeadbuttDamage"/>
        <TargetFilters value="Ground,Visible;Missile,Stasis,Dead,Hidden,Invulnerable"/>
        <AcquirePrioritization value="ByAngle"/>
        <Range value="0.25"/>
        <Marker Link="Weapon/MysticBolt"/>
        <Cost>
            <Cooldown Link="Weapon/MysticBolt"/>
        </Cost>
        <Effect value="HornedMagusHeadbuttDamage"/>
        <MinScanRange value="5"/>
    </CWeaponLegacy>
    <CWeaponLegacy id="FlamespitterSeekerFlame">
        <Icon value="Assets\Textures\fireball_1.dds"/>
        <DisplayEffect value="FlamespitterSeekerFlameDamage"/>
        <TargetFilters value="Ground,Visible;Missile,Stasis,Dead,Hidden,Invulnerable"/>
        <Range value="6"/>
        <MinimumRange value="0.5"/>
        <Period value="0.56"/>
        <DamagePoint value="0.2"/>
        <Effect value="FlamespitterSeekerFlameLaunchMissile1"/>
        <MinScanRange value="7"/>
        <EditorCategories value="Race:Dragon"/>
    </CWeaponLegacy>
    <CWeaponLegacy id="FlamespitterAscendedSeekerFlame" parent="FlamespitterSeekerFlame">
        <DisplayEffect value="FlamespitterAscendedSeekerFlameDamage"/>
        <TargetFilters value="Visible;Missile,Stasis,Dead,Hidden,Invulnerable"/>
        <MinimumRange value="0"/>
        <Effect value="FlamespitterAscendedSeekerFlameLaunchMissile1"/>
    </CWeaponLegacy>
    <CWeaponLegacy id="FlamespitterClaws" parent="FlamespitterSeekerFlame">
        <Name value="Weapon/Name/FlamespitterClaws"/>
        <Tip value="Weapon/Tip/SeekerFlame"/>
        <Options index="Melee" value="1"/>
        <Icon value="Assets\Textures\btn-upgrade-zerg-meleeattacks-level0.dds"/>
        <DisplayEffect value="FlamespitterClawsDamage"/>
        <AcquirePrioritization value="ByAngle"/>
        <Range value="0.25"/>
        <MinimumRange value="0"/>
        <Marker Link="Weapon/SeekerFlame"/>
        <Cost>
            <Cooldown Link="Weapon/SeekerFlame"/>
        </Cost>
        <Effect value="FlamespitterMeleeSet"/>
        <MinScanRange value="5"/>
    </CWeaponLegacy>
    <CWeaponLegacy id="FlamespitterAscendedClaws" parent="FlamespitterClaws">
        <DisplayEffect value="FlamespitterAscendedClawsDamage"/>
        <Effect value="FlamespitterAscendedMeleeSet"/>
    </CWeaponLegacy>
    <CWeaponLegacy id="BerserkerCrushingBlow">
        <Options index="Melee" value="1"/>
        <Icon value="Assets\Textures\btn-upgrade-zerg-meleeattacks-level0.dds"/>
        <DisplayEffect value="BerserkerCrushingBlowDamage"/>
        <TargetFilters value="Ground,Visible;Missile,Stasis,Dead,Hidden,Invulnerable"/>
        <AcquirePrioritization value="ByAngle"/>
        <Range value="0.5"/>
        <Period value="1.19"/>
        <DamagePoint value="0.375"/>
        <Effect value="BerserkerCrushingBlowDamage"/>
        <EditorCategories value="Race:Dragon"/>
    </CWeaponLegacy>
    <CWeaponLegacy id="BrimstoneDemolisherScorchingBlazeDummy">
        <Options index="Disabled" value="1"/>
        <Options index="CanInitiateAttackOrder" value="0"/>
        <Options index="LinkedCooldown" value="0"/>
        <Icon value="Assets\Textures\fireball_1.dds"/>
        <DisplayEffect value="BrimstoneDemolisherScorchingBlazeDamage1"/>
        <TargetFilters value="Ground,Visible;Missile,Stasis,Dead,Hidden,Invulnerable"/>
        <AcquirePrioritization value="ByAngle"/>
        <MinScanRange value="8"/>
        <Range value="4"/>
        <MinimumRange value="1"/>
        <Period value="1"/>
        <DamagePoint value="0"/>
        <Backswing value="0"/>
        <Effect value="BrimstoneDemolisherScorchingBlazeCreatePersistent"/>
        <LegacyOptions index="CanRetargetWhileChanneling" value="1"/>
        <LegacyOptions index="KeepChanneling" value="1"/>
        <RandomDelayMin value="0"/>
        <RandomDelayMax value="0"/>
        <DisplayAttackCount value="4"/>
        <EditorCategories value="Race:Dragon"/>
    </CWeaponLegacy>
    <CWeaponLegacy id="BrimstoneDemolisherScorchingBlaze" parent="BrimstoneDemolisherScorchingBlazeDummy">
        <Options index="Hidden" value="1"/>
        <Options index="CanInitiateAttackOrder" value="1"/>
        <Period value="0"/>
    </CWeaponLegacy>
    <CWeaponLegacy id="FleshrenderShred">
        <Options index="CanInitiateAttackOrder" value="0"/>
        <Options index="OnlyFireWhileInAttackOrder" value="0"/>
        <Options index="OnlyFireAtAttackOrderTarget" value="0"/>
        <Options index="LinkedCooldown" value="0"/>
        <DisplayEffect value="FleshrenderShredDamage"/>
        <TargetFilters value="Air,Visible;Missile,Stasis,Dead,Hidden,Invulnerable"/>
        <Range value="0.25"/>
        <Arc value="360"/>
        <Period value="0.56"/>
        <DamagePoint value="0"/>
        <Backswing value="0"/>
        <Effect value="FleshrenderShredDamage"/>
        <AllowedMovement value="Moving"/>
        <Icon value="Assets\Textures\btn-upgrade-zerg-meleeattacks-level0.dds"/>
        <MinScanRange value="6"/>
        <EditorCategories value="Race:Dragon"/>
    </CWeaponLegacy>
    <CWeaponLegacy id="BrimstoneDemolisherBrutalThrash">
        <Options index="Melee" value="1"/>
        <Options index="LinkedCooldown" value="0"/>
        <Icon value="Assets\Textures\btn-upgrade-zerg-meleeattacks-level0.dds"/>
        <DisplayEffect value="BrimstoneDemolisherBrutalThrashDamage"/>
        <DisplayAttackCount value="2"/>
        <TargetFilters value="Ground,Visible;Missile,Stasis,Dead,Hidden,Invulnerable"/>
        <AcquirePrioritization value="ByAngle"/>
        <Range value="1"/>
        <RangeSlop value="0.5"/>
        <Period value="1.33"/>
        <DamagePoint value="0.1875"/>
        <Effect value="BrimstoneDemolisherBrutalThrashSet"/>
        <LegacyOptions index="KeepChanneling" value="1"/>
        <EditorCategories value="Race:Dragon"/>
    </CWeaponLegacy>
    <CWeaponLegacy id="FleshrenderCinderSpike" parent="FleshrenderShred">
        <Name value="Weapon/Name/FleshrenderCinderSpike"/>
        <Icon value="Assets\Textures\fireball_1.dds"/>
        <DisplayEffect value="FleshrenderCinderSpikeDamage"/>
        <TargetFilters value="Ground,Visible;Missile,Stasis,Dead,Hidden,Invulnerable"/>
        <Range value="3"/>
        <Period value="0.91"/>
        <Effect value="FleshrenderCinderSpikeLaunchMissile1"/>
    </CWeaponLegacy>
    <CWeaponLegacy id="BerserkerAscendedCrushingBlow" parent="BerserkerCrushingBlow">
        <Name value="Weapon/Name/BerserkerAscendedCrushingBlow"/>
        <Tip value="Weapon/Tip/BerserkerAscendedCrushingBlow"/>
        <DisplayEffect value="BerserkerAscendedCrushingBlowDamage"/>
        <Marker Link="Weapon/RavagerCrushingBlow"/>
        <Cost>
            <Cooldown Link="Weapon/RavagerCrushingBlow"/>
        </Cost>
        <Effect value="BerserkerAscendedCrushingBlowDamage"/>
    </CWeaponLegacy>
    <CWeaponLegacy id="SkyrazerInferiorBlast">
        <Icon value="Assets\Textures\fireball_1.dds"/>
        <DisplayEffect value="SkyrazerAttackDamage"/>
        <TargetFilters value="Ground,Visible;Missile,Stasis,Dead,Hidden,Invulnerable"/>
        <Period value="0.91"/>
        <DamagePoint value="0.25"/>
        <Effect value="SkyrazerAttackCreatePersistent"/>
        <MinScanRange value="7"/>
        <Range value="6"/>
        <MinimumRange value="0.5"/>
        <EditorCategories value="Race:Dragon"/>
    </CWeaponLegacy>
    <CWeaponLegacy id="DragonHunterTongueLash">
        <EditorCategories value="Race:Dragon"/>
        <Icon value="Assets\Textures\btn-upgrade-zerg-meleeattacks-level0.dds"/>
        <DisplayEffect value="HunterTongueLashDamage"/>
        <TargetFilters value="Ground,Visible;Missile,Stasis,Dead,Hidden,Invulnerable"/>
        <MinScanRange value="6"/>
        <Period value="1.05"/>
        <Effect value="HunterTongueLashLaunchMissile"/>
    </CWeaponLegacy>
    <CWeaponLegacy id="DragonHunterClaws" parent="DragonHunterTongueLash">
        <Name value="Weapon/Name/DragonHunterClaws"/>
        <Tip value="Weapon/Tip/HunterTongueLash"/>
        <Options index="Melee" value="1"/>
        <DisplayEffect value="DragonHunterMeleeDamage"/>
        <DisplayAttackCount value="2"/>
        <DisplayName value="Weapon/Name/HunterTongueLash"/>
        <AcquirePrioritization value="ByAngle"/>
        <MinScanRange value="5"/>
        <Range value="0.25"/>
        <Marker Link="Weapon/HunterTongueLash"/>
        <Cost>
            <Cooldown Link="Weapon/HunterTongueLash"/>
        </Cost>
        <Effect value="DragonHunterMeleeCreatePersistent"/>
    </CWeaponLegacy>
    <CWeaponLegacy id="SkyrazerAscendedInferiorBlast" parent="SkyrazerInferiorBlast">
        <DisplayAttackCount value="2"/>
        <Effect value="SkyrazerAscendedAttackCreatePersistent"/>
    </CWeaponLegacy>
    <CWeaponLegacy id="SkyrazerAscendedInferiorBlast1" parent="SkyrazerAscendedInferiorBlast">
        <MinScanRange value="8"/>
    </CWeaponLegacy>
    <CWeaponLegacy id="SkyrazerAscendedInferiorBlast2" parent="SkyrazerAscendedInferiorBlast">
        <MinScanRange value="9"/>
    </CWeaponLegacy>
    <CWeaponLegacy id="SkyrazerAscendedInferiorBlast3" parent="SkyrazerAscendedInferiorBlast">
        <MinScanRange value="10"/>
    </CWeaponLegacy>
    <CWeaponLegacy id="SkyrazerInferiorBlast1" parent="SkyrazerInferiorBlast">
        <MinScanRange value="8"/>
    </CWeaponLegacy>
    <CWeaponLegacy id="SkyrazerInferiorBlast2" parent="SkyrazerInferiorBlast">
        <MinScanRange value="9"/>
    </CWeaponLegacy>
    <CWeaponLegacy id="SkyrazerInferiorBlast3" parent="SkyrazerInferiorBlast">
        <MinScanRange value="10"/>
    </CWeaponLegacy>
    <CWeaponLegacy id="SkyrazerSavageClaws" parent="SkyrazerInferiorBlast">
        <Name value="Weapon/Name/SkyrazerSavageClaws"/>
        <Icon value="Assets\Textures\btn-upgrade-zerg-meleeattacks-level0.dds"/>
        <DisplayEffect value="SkyrazerSavageClawsDamage"/>
        <AcquirePrioritization value="ByAngle"/>
        <Range value="0.25"/>
        <Effect value="SkyrazerSavageClawsDamage"/>
        <MinScanRange value="5"/>
        <MinimumRange value="0"/>
    </CWeaponLegacy>
    <CWeaponLegacy id="SkyrazerSavageClaws1" parent="SkyrazerSavageClaws"/>
    <CWeaponLegacy id="SkyrazerSavageClaws2" parent="SkyrazerSavageClaws"/>
    <CWeaponLegacy id="SkyrazerSavageClaws3" parent="SkyrazerSavageClaws"/>
    <CWeaponLegacy id="UnseenBeastSpiritSmashWeapon">
        <Options index="Hidden" value="1"/>
        <Options index="Melee" value="1"/>
        <Options index="LinkedCooldown" value="0"/>
        <Icon value="Assets\Textures\btn-upgrade-zerg-meleeattacks-level0.dds"/>
        <DisplayEffect value="UnseenBeastSpiritSmashDamage"/>
        <TargetFilters value="Ground,Visible;Missile,Stasis,Dead,Hidden,Invulnerable"/>
        <AcquirePrioritization value="ByAngle"/>
        <Range value="0.25"/>
        <Period value="0.77"/>
        <DamagePoint value="0.25"/>
        <Backswing value="0.25"/>
        <Effect value="UnseenBeastSpiritSmashDamage"/>
        <EditorCategories value="Race:Dragon"/>
    </CWeaponLegacy>
    <CWeaponLegacy id="SkyrazerSuperiorBlast" parent="SkyrazerInferiorBlast">
        <Name value="Weapon/Name/SkyrazerSuperiorBlast"/>
        <DisplayAttackCount value="2"/>
        <TargetFilters value="Air,Visible;Missile,Stasis,Dead,Hidden,Invulnerable"/>
        <MinScanRange value="8"/>
        <Range value="7"/>
        <MinimumRange value="0"/>
    </CWeaponLegacy>
    <CWeaponLegacy id="SkyrazerAscendedSuperiorBlast" parent="SkyrazerSuperiorBlast">
        <DisplayAttackCount value="3"/>
        <Effect value="SkyrazerAscendedAttackCreatePersistent"/>
    </CWeaponLegacy>
    <CWeaponLegacy id="SkyrazerAscendedSuperiorBlast1" parent="SkyrazerAscendedSuperiorBlast">
        <MinScanRange value="9"/>
    </CWeaponLegacy>
    <CWeaponLegacy id="SkyrazerAscendedSuperiorBlast2" parent="SkyrazerAscendedSuperiorBlast">
        <MinScanRange value="10"/>
    </CWeaponLegacy>
    <CWeaponLegacy id="SkyrazerAscendedSuperiorBlast3" parent="SkyrazerAscendedSuperiorBlast">
        <MinScanRange value="11"/>
    </CWeaponLegacy>
    <CWeaponLegacy id="SkyrazerSuperiorBlast1" parent="SkyrazerSuperiorBlast">
        <MinScanRange value="9"/>
    </CWeaponLegacy>
    <CWeaponLegacy id="SkyrazerSuperiorBlast2" parent="SkyrazerSuperiorBlast">
        <MinScanRange value="10"/>
    </CWeaponLegacy>
    <CWeaponLegacy id="SkyrazerSuperiorBlast3" parent="SkyrazerSuperiorBlast2">
        <MinScanRange value="11"/>
    </CWeaponLegacy>
    <CWeaponLegacy id="UnseenBeastSpiritSmashDisplay" parent="UnseenBeastSpiritSmashWeapon">
        <Options index="Hidden" value="0"/>
        <TargetFilters value="Ground,Visible;Player,Ally,Neutral,Enemy,Missile,Stasis,Dead,Hidden,Invulnerable"/>
    </CWeaponLegacy>
    <CWeaponLegacy id="UnseenBeastSpiritSmashDummy" parent="UnseenBeastSpiritSmashWeapon">
        <Options index="Disabled" value="1"/>
        <Range value="0"/>
        <RangeSlop value="0"/>
        <Period value="0"/>
        <Effect value="UnseenBeastTeleportAssaultSet"/>
        <RandomDelayMin value="0"/>
        <RandomDelayMax value="0"/>
    </CWeaponLegacy>
    <CWeaponLegacy id="VolcanicHarbingerPlasmaFlare">
        <Options index="DisplayCooldown" value="1"/>
        <Icon value="Assets\Textures\fireball_1.dds"/>
        <DisplayEffect value="VolcanicHarbingerPlasmaFlareDamage"/>
        <TargetFilters value="Ground,Visible;Missile,Stasis,Dead,Hidden,Invulnerable"/>
        <Range value="10"/>
        <Period value="1.47"/>
        <Effect value="VolcanicHarbingerPlasmaFlareSet"/>
        <AllowedMovement value="Slowing"/>
        <MinScanRange value="11"/>
        <DamagePoint value="0.125"/>
        <Backswing value="0.125"/>
        <EditorCategories value="Race:Dragon"/>
    </CWeaponLegacy>
    <CWeaponLegacy id="VolcanicHarbingerAscendedPlasmaFlare" parent="VolcanicHarbingerPlasmaFlare">
        <MinScanRange value="12"/>
        <Range value="11"/>
        <Period value="0.98"/>
    </CWeaponLegacy>
</Catalog>
