<?xml version="1.0" encoding="utf-8"?>
<Preload>
<Asset path="Assets/Textures/ui_idlewarpgate_normalpressed_UED.dds" Type="Image"/>
<Abil id="MedivacTransport2"/>
<Abil id="SalvagerHarvest"/>
<Actor id="SYSTEM_ActorConfig"/>
<Behavior id="VisionBuffTrooperDown"/>
<Behavior id="GlazeTrooperDown"/>
<Behavior id="GlazeTeleportationEffect"/>
<Behavior id="ResourceDoublingField"/>
<Behavior id="GlazeLazarusDeviceEffect"/>
<Model id="PickupMineralCrystalGlow"/>
<Model id="InfusionTowerHealModelStructure"/>
<Model id="ArsenalPlacement"/>
<Model id="UEDCalldownWithBeacon"/>
<Model id="UEDTeleportationNodeBuildEffect"/>
<Model id="UEDUnitCreatedEffectLarge"/>
<Model id="PoliticalAdvisorOweransWave"/>
<Model id="UEDUnitCreatedEffectSmall"/>
<Model id="UEDUnitCreatedEffectMedium"/>
<Model id="InfusionTowerHealModel"/>
<Model id="SalvagerMineLaunch"/>
<Model id="SalvagerMineBeam"/>
<Model id="InfusionTowerHealModelMediumStructure"/>
<Model id="InfusionTowerHealModelSmallUnits"/>
<Model id="InfusionTowerHealModelMainStructure"/>
<Sound id="Medivac_Load" Variations="0"/>
<Sound id="Medivac_Unload" Variations="0"/>
<Sound id="Protoss_PowerUpLarge"/>
<Sound id="Extractor_Mecha_Birth"/>
<Sound id="Protoss_ShieldDeath"/>
<Sound id="Ghost_DropPodImpact" Variations="1"/>
<Sound id="Aiur_PowerPoint_Loop"/>
<Sound id="TeleportationNodeTrainLoopA"/>
<Sound id="TeleportationNodeUnitSpawnSound"/>
<Sound id="TeleportationNodeTrainLoopB"/>
<Sound id="unitcompleteUED"/>
<Sound id="UnitentertohealzoneUED"/>
<Sound id="UnitescapefromhealzoneUED"/>
<Sound id="UED_Heal"/>
<Unit id="BeaconUED"/>
<Unit id="UEDDropPod"/>
</Preload>
